episode,frames,episode_reward,episode_len,epsilon,loss,success
1,100,0,100,0.9994722222222222,0.00030575695134335757,0
2,200,0,100,0.9989444444444444,4.705755367922393e-05,0
3,300,0,100,0.9984166666666666,2.755995365077979e-05,0
4,400,0,100,0.9978888888888889,3.330071013351699e-05,0
5,500,0,100,0.9973611111111111,4.7915793693391606e-05,0
6,600,0,100,0.9968333333333333,3.182537436259736e-05,0
7,700,0,100,0.9963055555555556,2.6604528179632326e-05,0
8,800,0,100,0.9957777777777778,1.870447230885475e-05,0
9,900,0,100,0.99525,1.4748605699423934e-05,0
10,1000,0,100,0.9947222222222222,2.5019370473273738e-05,0
11,1100,0,100,0.9941944444444445,8.946673495302093e-05,0
12,1200,0,100,0.9936666666666667,2.185478554565634e-05,0
13,1300,0,100,0.9931388888888889,1.6240158377058833e-05,0
14,1400,0,100,0.9926111111111111,1.4388166214303055e-05,0
15,1500,0,100,0.9920833333333333,1.6970325680176758e-05,0
16,1600,0,100,0.9915555555555555,1.3257372058887995e-05,0
17,1700,0,100,0.9910277777777777,9.526209903469861e-06,0
18,1800,0,100,0.9905,9.344622451408214e-06,0
19,1900,0,100,0.9899722222222223,1.8071707319222697e-05,0
20,2000,0,100,0.9894444444444445,1.863370933733677e-05,0
21,2100,0,100,0.9889166666666667,6.13408797289594e-05,0
22,2200,0,100,0.9883888888888889,2.8778154851352157e-05,0
23,2300,0,100,0.9878611111111111,1.740935756060935e-05,0
24,2400,0,100,0.9873333333333333,1.619723921066907e-05,0
25,2500,0,100,0.9868055555555556,8.719002105408435e-06,0
26,2600,0,100,0.9862777777777778,8.216883963996225e-06,0
27,2700,0,100,0.98575,1.3484373889696144e-05,0
28,2800,0,100,0.9852222222222222,1.07110193812332e-05,0
29,2900,0,100,0.9846944444444444,8.434390663296654e-06,0
30,3000,0,100,0.9841666666666666,1.2567790763569065e-05,0
31,3100,0,100,0.9836388888888888,4.251699498126982e-05,0
32,3200,0,100,0.9831111111111112,2.471076612437173e-05,0
33,3300,0,100,0.9825833333333334,1.3316549070623296e-05,0
34,3400,0,100,0.9820555555555556,2.0894770641461947e-05,0
35,3500,0,100,0.9815277777777778,1.4209467408363708e-05,0
36,3600,0,100,0.981,1.585384977488502e-05,0
37,3700,0,100,0.9804722222222222,1.8365359940162305e-05,0
38,3800,0,100,0.9799444444444444,1.4247294263896037e-05,0
39,3900,0,100,0.9794166666666667,1.6308421040776012e-05,0
40,4000,0,100,0.9788888888888889,1.0612145858885924e-05,0
41,4100,0,100,0.9783611111111111,3.886415094711992e-05,0
42,4200,0,100,0.9778333333333333,2.738042919190775e-05,0
43,4300,0,100,0.9773055555555555,2.326173777873919e-05,0
44,4400,0,100,0.9767777777777777,1.4589275815524161e-05,0
45,4500,0,100,0.97625,2.0760460056408192e-05,0
46,4600,0,100,0.9757222222222223,2.2621576349592942e-05,0
47,4700,0,100,0.9751944444444445,2.3073757033671428e-05,0
48,4800,0,100,0.9746666666666667,1.67665072467571e-05,0
49,4900,0,100,0.9741388888888889,1.9950702655933126e-05,0
50,5000,0,100,0.9736111111111111,1.8561772981229298e-05,0
51,5100,0,100,0.9730833333333333,3.271994171882398e-05,0
52,5200,0,100,0.9725555555555555,2.069778909572051e-05,0
53,5300,0,100,0.9720277777777778,2.5893585393532705e-05,0
54,5400,0,100,0.9715,2.083630495235411e-05,0
55,5500,0,100,0.9709722222222222,1.7627222246119344e-05,0
56,5600,0,100,0.9704444444444444,2.1808532032991934e-05,0
57,5700,0,100,0.9699166666666666,2.7181178941191318e-05,0
58,5800,0,100,0.9693888888888889,2.5682537602733647e-05,0
59,5900,0,100,0.9688611111111111,1.9115747509204084e-05,0
60,6000,0,100,0.9683333333333334,2.13401446694661e-05,0
61,6100,0,100,0.9678055555555556,3.4977275754499713e-05,0
62,6200,0,100,0.9672777777777778,4.090566753802705e-05,0
63,6300,0,100,0.96675,3.301672617453733e-05,0
64,6400,0,100,0.9662222222222222,2.5809598082560114e-05,0
65,6500,0,100,0.9656944444444444,2.275633312365244e-05,0
66,6600,0,100,0.9651666666666666,2.1880267831875243e-05,0
67,6658,0.478,58,0.9648605555555556,2.6249078348036133e-05,1
68,6758,0,100,0.9643327777777778,6.215426985363593e-05,0
69,6858,0,100,0.963805,3.387410052710038e-05,0
70,6958,0,100,0.9632772222222222,2.2735282182111406e-05,0
71,7058,0,100,0.9627494444444444,7.7278262820073e-05,0
72,7158,0,100,0.9622216666666666,4.945395043250755e-05,0
73,7258,0,100,0.9616938888888888,3.5399907733335564e-05,0
74,7358,0,100,0.9611661111111112,4.190202266727283e-05,0
75,7458,0,100,0.9606383333333334,3.307922122075979e-05,0
76,7558,0,100,0.9601105555555556,2.7026333441426686e-05,0
77,7658,0,100,0.9595827777777778,1.9458059045973642e-05,0
78,7758,0,100,0.959055,3.266700491622032e-05,0
79,7858,0,100,0.9585272222222222,3.653378365470417e-05,0
80,7958,0,100,0.9579994444444444,2.6684713511713198e-05,0
81,8058,0,100,0.9574716666666667,3.309502239972062e-05,0
82,8158,0,100,0.9569438888888889,6.204532850460964e-05,0
83,8258,0,100,0.9564161111111111,5.256188691419084e-05,0
84,8358,0,100,0.9558883333333333,3.879685351876105e-05,0
85,8458,0,100,0.9553605555555555,4.290458928153384e-05,0
86,8558,0,100,0.9548327777777778,4.153295936703216e-05,0
87,8658,0,100,0.954305,2.6926835216727342e-05,0
88,8758,0,100,0.9537772222222223,2.924946634720982e-05,0
89,8858,0,100,0.9532494444444445,2.0237323824403574e-05,0
90,8958,0,100,0.9527216666666667,4.078493428551155e-05,0
91,9058,0,100,0.9521938888888889,6.224354336154648e-05,0
92,9158,0,100,0.9516661111111111,5.278956122310774e-05,0
93,9258,0,100,0.9511383333333333,4.4533903073897816e-05,0
94,9358,0,100,0.9506105555555555,4.546914567072235e-05,0
95,9458,0,100,0.9500827777777778,3.169578183133126e-05,0
96,9558,0,100,0.949555,3.736103706614813e-05,0
97,9658,0,100,0.9490272222222222,3.788192029333004e-05,0
98,9758,0,100,0.9484994444444445,2.935417798198614e-05,0
99,9858,0,100,0.9479716666666667,3.680565335343999e-05,0
100,9958,0,100,0.9474438888888889,4.355097944880981e-05,0
101,10058,0,100,0.9469161111111111,6.57058248816611e-05,0
102,10158,0,100,0.9463883333333334,6.65961779486679e-05,0
103,10258,0,100,0.9458605555555556,5.572117573137803e-05,0
104,10358,0,100,0.9453327777777778,6.26748513423081e-05,0
105,10458,0,100,0.944805,5.637612213831744e-05,0
106,10558,0,100,0.9442772222222222,3.9752362399667616e-05,0
107,10658,0,100,0.9437494444444444,3.6842312006228895e-05,0
108,10758,0,100,0.9432216666666666,3.057830057514366e-05,0
109,10858,0,100,0.9426938888888889,3.455548535384878e-05,0
110,10958,0,100,0.9421661111111111,4.1436682686253334e-05,0
111,11058,0,100,0.9416383333333334,6.731297430633277e-05,0
112,11158,0,100,0.9411105555555556,5.775817138783168e-05,0
113,11258,0,100,0.9405827777777778,5.646283188980306e-05,0
114,11358,0,100,0.940055,6.022564803060959e-05,0
115,11458,0,100,0.9395272222222222,4.5366917865976576e-05,0
116,11558,0,100,0.9389994444444445,5.132535005941463e-05,0
117,11658,0,100,0.9384716666666667,6.246596243727254e-05,0
118,11758,0,100,0.9379438888888889,4.167505166151386e-05,0
119,11858,0,100,0.9374161111111111,5.151532976015005e-05,0
120,11958,0,100,0.9368883333333333,4.6334834596564175e-05,0
121,12058,0,100,0.9363605555555555,7.31310675109853e-05,0
122,12158,0,100,0.9358327777777777,7.538014733654563e-05,0
123,12258,0,100,0.935305,7.124366326024756e-05,0
124,12358,0,100,0.9347772222222223,6.60629224148579e-05,0
125,12458,0,100,0.9342494444444445,5.3342240362326266e-05,0
126,12477,0.829,19,0.9341491666666667,5.659437183088525e-05,1
127,12577,0,100,0.9336213888888889,5.871823755114747e-05,0
128,12677,0,100,0.9330936111111111,4.9812723627837844e-05,0
129,12777,0,100,0.9325658333333333,3.922019623132655e-05,0
130,12877,0,100,0.9320380555555555,6.660786746579106e-05,0
131,12977,0,100,0.9315102777777777,5.633612425299361e-05,0
132,12999,0.802,22,0.9313941666666666,0.0007372237837030711,1
133,13099,0,100,0.9308663888888888,0.0001393126926268451,0
134,13199,0,100,0.9303386111111112,8.645120969958952e-05,0
135,13299,0,100,0.9298108333333334,0.0003517375737465045,0
136,13399,0,100,0.9292830555555556,7.954604305268731e-05,0
137,13440,0.631,41,0.9290666666666667,0.0003310879298912435,1
138,13540,0,100,0.9285388888888889,8.495726644468959e-05,0
139,13640,0,100,0.9280111111111111,0.0003096963698226318,0
140,13740,0,100,0.9274833333333333,7.211380387161625e-05,0
141,13840,0,100,0.9269555555555555,0.0001396457669306983,0
142,13940,0,100,0.9264277777777777,8.013060802113615e-05,0
143,14040,0,100,0.9259,0.0001901629039184627,0
144,14140,0,100,0.9253722222222223,0.00012693848915660056,0
145,14240,0,100,0.9248444444444445,9.363510600451263e-05,0
146,14340,0,100,0.9243166666666667,0.00011039218679798068,0
147,14440,0,100,0.9237888888888889,9.398765852893121e-05,0
148,14540,0,100,0.9232611111111111,0.0001277989993832307,0
149,14640,0,100,0.9227333333333333,0.0001272499843253172,0
150,14740,0,100,0.9222055555555555,0.00010116220624695416,0
151,14840,0,100,0.9216777777777778,9.40720008657081e-05,0
152,14940,0,100,0.92115,9.496082690020557e-05,0
153,15040,0,100,0.9206222222222222,0.00015083321795827942,0
154,15140,0,100,0.9200944444444444,0.00018169909282732987,0
155,15240,0,100,0.9195666666666666,0.00013145071783583263,0
156,15294,0.514,54,0.9192816666666667,0.00018258997557428234,1
157,15394,0,100,0.9187538888888889,9.98979411815526e-05,0
158,15494,0,100,0.9182261111111111,0.0001227180469686573,0
159,15594,0,100,0.9176983333333333,0.0001232351318503788,0
160,15619,0.775,25,0.9175663888888889,7.988009165273979e-05,1
161,15719,0,100,0.9170386111111111,7.955023245813208e-05,0
162,15819,0,100,0.9165108333333334,0.00012384670830215328,0
163,15919,0,100,0.9159830555555556,0.00018410964410577434,0
164,16019,0,100,0.9154552777777778,9.448306740523548e-05,0
165,16119,0,100,0.9149275,0.00023101885486539686,0
166,16219,0,100,0.9143997222222222,0.0002125633535979432,0
167,16319,0,100,0.9138719444444444,0.00016027613668484264,0
168,16419,0,100,0.9133441666666666,0.00019062549989030231,0
169,16519,0,100,0.9128163888888889,0.00012149655736720888,0
170,16619,0,100,0.9122886111111111,0.00014868017335174953,0
171,16719,0,100,0.9117608333333334,0.00016742798572522589,0
172,16819,0,100,0.9112330555555556,0.00015368026462965644,0
173,16919,0,100,0.9107052777777778,0.0001511592190581723,0
174,17019,0,100,0.9101775,0.00014132673486528803,0
175,17119,0,100,0.9096497222222222,0.00027941234075115064,0
176,17219,0,100,0.9091219444444445,0.0002106835554150166,0
177,17319,0,100,0.9085941666666667,0.00015326344098866683,0
178,17419,0,100,0.9080663888888889,0.0001452979377245356,0
179,17519,0,100,0.9075386111111111,0.00015190786158200353,0
180,17592,0.34299999999999997,73,0.9071533333333334,0.00013506387070153061,1
181,17692,0,100,0.9066255555555556,0.00012139172920797137,0
182,17792,0,100,0.9060977777777778,0.00014172910568959195,0
183,17892,0,100,0.90557,0.00014013621461344883,0
184,17992,0,100,0.9050422222222222,0.00016160388207936194,0
185,18092,0,100,0.9045144444444444,0.0003415943107029307,0
186,18192,0,100,0.9039866666666667,0.0002269729761610506,0
187,18292,0,100,0.9034588888888889,0.00023128468448703642,0
188,18392,0,100,0.9029311111111111,0.0001957308595228824,0
189,18492,0,100,0.9024033333333333,0.00016211812475376065,0
190,18592,0,100,0.9018755555555555,0.00017035475677403155,0
191,18692,0,100,0.9013477777777777,0.0001682789878032054,0
192,18792,0,100,0.90082,0.0001816849801252829,0
193,18892,0,100,0.9002922222222223,0.00019296267009849544,0
194,18992,0,100,0.8997644444444445,0.0001642089109009248,0
195,19092,0,100,0.8992366666666667,0.00026793050423293605,0
196,19192,0,100,0.8987088888888889,0.0002822828334319638,0
197,19292,0,100,0.8981811111111111,0.00022091446779086256,0
198,19392,0,100,0.8976533333333333,0.00023105145708541386,0
199,19492,0,100,0.8971255555555555,0.00020284243451897056,0
200,19592,0,100,0.8965977777777778,0.0003111514042757335,0
201,19692,0,100,0.89607,0.0001594078671769239,0
202,19792,0,100,0.8955422222222222,0.0002088261847529793,0
203,19892,0,100,0.8950144444444444,0.00019304037083202276,0
204,19992,0,100,0.8944866666666667,0.00017861431158962659,0
205,20092,0,100,0.8939588888888889,0.00034766380242217564,0
206,20192,0,100,0.8934311111111111,0.0003333425380697008,0
207,20292,0,100,0.8929033333333334,0.00024971892962639687,0
208,20392,0,100,0.8923755555555556,0.0003008310376753798,0
209,20492,0,100,0.8918477777777778,0.00021825022329721833,0
210,20592,0,100,0.89132,0.00026948849419568434,0
211,20692,0,100,0.8907922222222222,0.00023888497355073924,0
212,20792,0,100,0.8902644444444444,0.00022754172205168287,0
213,20892,0,100,0.8897366666666666,0.00026720300720626253,0
214,20992,0,100,0.8892088888888889,0.00031549059069220677,0
215,21092,0,100,0.8886811111111111,0.0003687288529181387,0
216,21192,0,100,0.8881533333333334,0.0004375337496458087,0
217,21292,0,100,0.8876255555555556,0.0003236263309372589,0
218,21392,0,100,0.8870977777777778,0.00029991417584824376,0
219,21492,0,100,0.88657,0.00026256499098963103,0
220,21592,0,100,0.8860422222222222,0.00033825342274212744,0
221,21692,0,100,0.8855144444444445,0.00022647076955763622,0
222,21792,0,100,0.8849866666666667,0.00021666817825462205,0
223,21892,0,100,0.8844588888888889,0.00021996729890815913,0
224,21992,0,100,0.8839311111111111,0.0002590742221218534,0
225,22092,0,100,0.8834033333333333,0.0004770124913920881,0
226,22192,0,100,0.8828755555555555,0.0004575538969220361,0
227,22292,0,100,0.8823477777777777,0.00036881910396914465,0
228,22392,0,100,0.88182,0.00033199192745087203,0
229,22492,0,100,0.8812922222222223,0.000375325880231685,0
230,22592,0,100,0.8807644444444445,0.0003328496422909666,0
231,22692,0,100,0.8802366666666667,0.0003131283190305112,0
232,22792,0,100,0.8797088888888889,0.00041974455223680706,0
233,22892,0,100,0.8791811111111111,0.00040178768649639095,0
234,22992,0,100,0.8786533333333333,0.00041307941974082495,0
235,23092,0,100,0.8781255555555556,0.0004854616203374462,0
236,23192,0,100,0.8775977777777778,0.0003843552558100782,0
237,23292,0,100,0.87707,0.00036476764376857317,0
238,23392,0,100,0.8765422222222222,0.0002847545708573307,0
239,23492,0,100,0.8760144444444444,0.0003309400668513263,0
240,23592,0,100,0.8754866666666666,0.00035074318289844084,0
241,23692,0,100,0.8749588888888888,0.00025601043773349375,0
242,23792,0,100,0.8744311111111112,0.00027641339522233466,0
243,23892,0,100,0.8739033333333334,0.00031683401568443514,0
244,23992,0,100,0.8733755555555556,0.00037887296904955294,0
245,24092,0,100,0.8728477777777778,0.0006193324123887578,0
246,24192,0,100,0.87232,0.0005347792114480398,0
247,24292,0,100,0.8717922222222222,0.0005176372425921727,0
248,24392,0,100,0.8712644444444444,0.0004454898165568011,0
249,24492,0,100,0.8707366666666667,0.0005150703655817779,0
250,24592,0,100,0.8702088888888889,0.0004633759649732383,0
251,24692,0,100,0.8696811111111111,0.0004130809910566313,0
252,24792,0,100,0.8691533333333333,0.00031808129009732513,0
253,24892,0,100,0.8686255555555555,0.00044808919701608827,0
254,24992,0,100,0.8680977777777777,0.000393476340759662,0
255,25092,0,100,0.86757,0.00048659408887033353,0
256,25192,0,100,0.8670422222222223,0.00045945523423142733,0
257,25292,0,100,0.8665144444444445,0.0005193516745930538,0
258,25392,0,100,0.8659866666666667,0.00047214160404109864,0
259,25492,0,100,0.8654588888888889,0.0004557560164539609,0
260,25592,0,100,0.8649311111111111,0.00035940314613981173,0
261,25692,0,100,0.8644033333333333,0.0004536167802143609,0
262,25792,0,100,0.8638755555555555,0.0004937390619306825,0
263,25892,0,100,0.8633477777777778,0.0002805762252683053,0
264,25992,0,100,0.86282,0.0004748830066091614,0
265,26084,0.17199999999999993,92,0.8623344444444445,0.0006979280092902785,1
266,26184,0,100,0.8618066666666666,0.000645940655231243,0
267,26284,0,100,0.8612788888888889,0.000545238527120091,0
268,26384,0,100,0.8607511111111111,0.0005560166307259351,0
269,26484,0,100,0.8602233333333333,0.0006754201655712677,0
270,26584,0,100,0.8596955555555555,0.0005107902172312607,0
271,26684,0,100,0.8591677777777778,0.0005127395131421509,0
272,26784,0,100,0.8586400000000001,0.0005411832762911217,0
273,26884,0,100,0.8581122222222222,0.000606287572736619,0
274,26984,0,100,0.8575844444444445,0.00043958973386907016,0
275,27045,0.45099999999999996,61,0.8572625,0.00049176673415846,1
276,27145,0,100,0.8567347222222222,0.000568891491566319,0
277,27245,0,100,0.8562069444444445,0.0005827059816510882,0
278,27345,0,100,0.8556791666666667,0.0006346919887437252,0
279,27445,0,100,0.8551513888888889,0.0006616606975148897,0
280,27545,0,100,0.8546236111111112,0.0005998578760045347,0
281,27645,0,100,0.8540958333333333,0.0006284735251392703,0
282,27745,0,100,0.8535680555555556,0.00046482256970193704,0
283,27845,0,100,0.8530402777777778,0.0005930207688652445,0
284,27945,0,100,0.8525125,0.0006926850046147593,0
285,28045,0,100,0.8519847222222222,0.0006932929324102588,0
286,28145,0,100,0.8514569444444444,0.0007117349417239894,0
287,28245,0,100,0.8509291666666667,0.0005204698751913383,0
288,28345,0,100,0.8504013888888888,0.00045300740843231326,0
289,28445,0,100,0.8498736111111111,0.000620605446601985,0
290,28459,0.874,14,0.8497997222222222,0.0009999022747381656,1
291,28559,0,100,0.8492719444444444,0.0005679857141512912,0
292,28659,0,100,0.8487441666666666,0.0006615976219472941,0
293,28759,0,100,0.848216388888889,0.0005168452311045258,0
294,28859,0,100,0.847688611111111,0.0007111078599700704,0
295,28959,0,100,0.8471608333333334,0.0006385941604094114,0
296,29059,0,100,0.8466330555555556,0.0008009106150711887,0
297,29159,0,100,0.8461052777777778,0.0010653534608718474,0
298,29259,0,100,0.8455775,0.0007925715214514639,0
299,29359,0,100,0.8450497222222222,0.0009399849789042492,0
300,29459,0,100,0.8445219444444445,0.0005827708130527753,0
301,29559,0,100,0.8439941666666666,0.0006507186507224105,0
302,29659,0,100,0.8434663888888889,0.0006544338988896926,0
303,29759,0,100,0.8429386111111111,0.0006064734791289084,0
304,29859,0,100,0.8424108333333333,0.0005180313590244622,0
305,29959,0,100,0.8418830555555555,0.000745849486120278,0
306,30059,0,100,0.8413552777777777,0.0009791148717340548,0
307,30159,0,100,0.8408275000000001,0.0008328632889606524,0
308,30259,0,100,0.8402997222222222,0.0007574559916974976,0
309,30359,0,100,0.8397719444444445,0.0009291975280211772,0
310,30459,0,100,0.8392441666666667,0.0009521859046071767,0
311,30559,0,100,0.8387163888888889,0.0008514066487259697,0
312,30659,0,100,0.8381886111111111,0.000835883239415125,0
313,30759,0,100,0.8376608333333333,0.0007534218990622321,0
314,30859,0,100,0.8371330555555556,0.0005674311287293676,0
315,30959,0,100,0.8366052777777777,0.001095576602674555,0
316,31059,0,100,0.8360775,0.0009943800377368462,0
317,31159,0,100,0.8355497222222222,0.0007281178975244984,0
318,31259,0,100,0.8350219444444444,0.000786774071311811,0
319,31343,0.244,84,0.8345786111111111,0.0009338343341888893,1
320,31443,0,100,0.8340508333333333,0.0008957810327410698,0
321,31543,0,100,0.8335230555555555,0.0010174166320939548,0
322,31643,0,100,0.8329952777777778,0.0009115929498511832,0
323,31743,0,100,0.8324675,0.00076798664056696,0
324,31843,0,100,0.8319397222222222,0.0009934490409796127,0
325,31943,0,100,0.8314119444444444,0.0007967434117745143,0
326,32043,0,100,0.8308841666666666,0.0006424763839459047,0
327,32143,0,100,0.8303563888888889,0.0007937075552763418,0
328,32243,0,100,0.8298286111111111,0.0007192481959646102,0
329,32343,0,100,0.8293008333333334,0.0008789575305127073,0
330,32443,0,100,0.8287730555555556,0.0006230014706670772,0
331,32543,0,100,0.8282452777777778,0.0010358124898630194,0
332,32643,0,100,0.8277175,0.0009904543933225796,0
333,32743,0,100,0.8271897222222222,0.0008678228865028358,0
334,32843,0,100,0.8266619444444444,0.0005803484711213968,0
335,32943,0,100,0.8261341666666666,0.0006019138636474963,0
336,33043,0,100,0.8256063888888889,0.0010138232400640846,0
337,33143,0,100,0.8250786111111111,0.0010034093716240022,0
338,33243,0,100,0.8245508333333333,0.0007628872428904288,0
339,33343,0,100,0.8240230555555556,0.0008065077530045528,0
340,33443,0,100,0.8234952777777778,0.0009821371483849362,0
341,33543,0,100,0.8229675,0.0007916417031083256,0
342,33643,0,100,0.8224397222222222,0.0008542079942708369,0
343,33743,0,100,0.8219119444444445,0.001211395396385342,0
344,33843,0,100,0.8213841666666667,0.0008744168592966162,0
345,33943,0,100,0.8208563888888889,0.00102280084596714,0
346,34043,0,100,0.8203286111111111,0.0008314096204412635,0
347,34143,0,100,0.8198008333333333,0.0008631859670276753,0
348,34243,0,100,0.8192730555555555,0.000791101963550318,0
349,34343,0,100,0.8187452777777777,0.0008057319960789754,0
350,34443,0,100,0.8182175,0.0008609499590238556,0
351,34543,0,100,0.8176897222222222,0.0012457530781102833,0
352,34643,0,100,0.8171619444444445,0.0007898917743295896,0
353,34743,0,100,0.8166341666666667,0.0014197855739621445,0
354,34843,0,100,0.8161063888888889,0.0008965605657431297,0
355,34943,0,100,0.8155786111111111,0.0009412150915886742,0
356,35043,0,100,0.8150508333333333,0.0012465861906821374,0
357,35100,0.487,57,0.81475,0.001156049451725394,1
358,35200,0,100,0.8142222222222222,0.0011677695023536217,0
359,35300,0,100,0.8136944444444445,0.0012219314636604396,0
360,35400,0,100,0.8131666666666667,0.0011823619276401587,0
361,35500,0,100,0.8126388888888889,0.0010428349168796558,0
362,35600,0,100,0.8121111111111111,0.0010369530219759325,0
363,35700,0,100,0.8115833333333333,0.0012641935066494624,0
364,35800,0,100,0.8110555555555555,0.0010497558207134717,0
365,35900,0,100,0.8105277777777777,0.0015033204083738383,0
366,36000,0,100,0.81,0.0010056841338519007,0
367,36100,0,100,0.8094722222222223,0.0014241419394966214,0
368,36200,0,100,0.8089444444444445,0.0010027537438145372,0
369,36300,0,100,0.8084166666666667,0.0012099133331503254,0
370,36400,0,100,0.8078888888888889,0.001016756194003392,0
371,36500,0,100,0.8073611111111111,0.0012488964515796398,0
372,36600,0,100,0.8068333333333333,0.001093721288634697,0
373,36700,0,100,0.8063055555555556,0.0011339259974192828,0
374,36800,0,100,0.8057777777777778,0.0013187290527275762,0
375,36900,0,100,0.80525,0.0011569364585739094,0
376,36909,0.919,9,0.8052025,0.000447232712758705,1
377,37009,0,100,0.8046747222222222,0.0010163676259981004,0
378,37109,0,100,0.8041469444444445,0.0015443640216835774,0
379,37209,0,100,0.8036191666666667,0.0013467472174670547,0
380,37309,0,100,0.8030913888888889,0.0011730158852878959,0
381,37409,0,100,0.8025636111111111,0.0008247504908649717,0
382,37509,0,100,0.8020358333333333,0.0011734926870849449,0
383,37609,0,100,0.8015080555555556,0.0012758689869951923,0
384,37611,0.982,2,0.8014975,0.00047907592670526356,1
385,37711,0,100,0.8009697222222223,0.0009875320133869536,0
386,37793,0.262,82,0.8005369444444445,0.0009603587828545332,1
387,37893,0,100,0.8000091666666667,0.0009566827744129113,0
388,37993,0,100,0.7994813888888889,0.0013207986071938648,0
389,38093,0,100,0.7989536111111111,0.001517103207152104,0
390,38193,0,100,0.7984258333333334,0.0012972637360508087,0
391,38258,0.4149999999999999,65,0.7980827777777778,0.0012138679992998592,1
392,38358,0,100,0.797555,0.0011549354619637597,0
393,38458,0,100,0.7970272222222222,0.0012163789368059951,0
394,38558,0,100,0.7964994444444444,0.0015483844986010809,0
395,38658,0,100,0.7959716666666666,0.001247707135771634,0
396,38758,0,100,0.7954438888888888,0.0012432555753912312,0
397,38858,0,100,0.7949161111111112,0.0013799026430933736,0
398,38958,0,100,0.7943883333333334,0.0015037918684538453,0
399,39058,0,100,0.7938605555555556,0.0010026917839422822,0
400,39158,0,100,0.7933327777777778,0.0009484646530472673,0
401,39258,0,100,0.792805,0.0012562579952646047,0
402,39358,0,100,0.7922772222222222,0.001267168775520986,0
403,39458,0,100,0.7917494444444444,0.001164146162191173,0
404,39558,0,100,0.7912216666666667,0.0017739739590615499,0
405,39658,0,100,0.7906938888888889,0.0015006550640100614,0
406,39758,0,100,0.7901661111111111,0.0011935748992254957,0
407,39858,0,100,0.7896383333333333,0.001203206726058852,0
408,39958,0,100,0.7891105555555555,0.001016048817691626,0
409,40058,0,100,0.7885827777777777,0.0013787171855801717,0
410,40158,0,100,0.788055,0.0014969096242566592,0
411,40258,0,100,0.7875272222222223,0.0014435671761748382,0
412,40358,0,100,0.7869994444444445,0.001300654149381444,0
413,40458,0,100,0.7864716666666667,0.0012173993753094691,0
414,40558,0,100,0.7859438888888889,0.0009574354473443237,0
415,40658,0,100,0.7854161111111111,0.0013474058087740558,0
416,40758,0,100,0.7848883333333333,0.0018393343349453063,0
417,40858,0,100,0.7843605555555555,0.0016446412637014874,0
418,40958,0,100,0.7838327777777778,0.0014882840562495403,0
419,41058,0,100,0.783305,0.0016085443340125493,0
420,41158,0,100,0.7827772222222222,0.0014413567873998545,0
421,41258,0,100,0.7822494444444444,0.0015920548200665508,0
422,41358,0,100,0.7817216666666666,0.0015658900236303452,0
423,41458,0,100,0.7811938888888889,0.0013615231204312296,0
424,41558,0,100,0.7806661111111111,0.0012722801408381202,0
425,41658,0,100,0.7801383333333334,0.001468122205697,0
426,41758,0,100,0.7796105555555556,0.002230368482123595,0
427,41858,0,100,0.7790827777777778,0.0015320169589540455,0
428,41958,0,100,0.778555,0.0013840289268409833,0
429,42058,0,100,0.7780272222222222,0.001115513844997622,0
430,42158,0,100,0.7774994444444444,0.0018856757195317186,0
431,42258,0,100,0.7769716666666666,0.0026005547487875447,0
432,42358,0,100,0.7764438888888889,0.0018645960971480236,0
433,42458,0,100,0.7759161111111111,0.001021414481510874,0
434,42558,0,100,0.7753883333333333,0.0016883521484851371,0
435,42658,0,100,0.7748605555555556,0.0018607463198713958,0
436,42758,0,100,0.7743327777777778,0.0014122743951156735,0
437,42858,0,100,0.773805,0.001745063836860936,0
438,42958,0,100,0.7732772222222222,0.001507867152977269,0
439,43058,0,100,0.7727494444444445,0.0012519264622824267,0
440,43158,0,100,0.7722216666666667,0.002201737419818528,0
441,43258,0,100,0.7716938888888889,0.0016497485962463543,0
442,43358,0,100,0.7711661111111111,0.0018313276872504503,0
443,43458,0,100,0.7706383333333333,0.001426636613032315,0
444,43558,0,100,0.7701105555555555,0.0018240437313215808,0
445,43658,0,100,0.7695827777777777,0.0014568616847100203,0
446,43704,0.586,46,0.76934,0.0017904718039537092,1
447,43804,0,100,0.7688122222222222,0.0018809204219724053,0
448,43904,0,100,0.7682844444444444,0.0016856364422710613,0
449,44004,0,100,0.7677566666666666,0.001623039348050952,0
450,44104,0,100,0.767228888888889,0.001616708867950365,0
451,44204,0,100,0.766701111111111,0.0013495032135688234,0
452,44304,0,100,0.7661733333333334,0.0014753078264766373,0
453,44404,0,100,0.7656455555555556,0.002333077007497195,0
454,44504,0,100,0.7651177777777778,0.0017102080673794262,0
455,44604,0,100,0.76459,0.001975730914273299,0
456,44704,0,100,0.7640622222222222,0.001521068005822599,0
457,44804,0,100,0.7635344444444445,0.0017837294985656627,0
458,44904,0,100,0.7630066666666666,0.0018315838642593008,0
459,45004,0,100,0.7624788888888889,0.001598957474634517,0
460,45104,0,100,0.7619511111111111,0.0011711128492606804,0
461,45204,0,100,0.7614233333333333,0.0016687418599030935,0
462,45304,0,100,0.7608955555555555,0.0022322898457059637,0
463,45404,0,100,0.7603677777777778,0.0023842197883641347,0
464,45504,0,100,0.7598400000000001,0.0019890755764208736,0
465,45604,0,100,0.7593122222222222,0.002477306875807699,0
466,45704,0,100,0.7587844444444445,0.0021264709837851116,0
467,45804,0,100,0.7582566666666667,0.002724309635814279,0
468,45904,0,100,0.7577288888888889,0.0018881144662736915,0
469,46004,0,100,0.7572011111111111,0.0015833478182321415,0
470,46104,0,100,0.7566733333333333,0.0019485212553991005,0
471,46204,0,100,0.7561455555555556,0.0019770111521938815,0
472,46304,0,100,0.7556177777777777,0.0015773334765981418,0
473,46404,0,100,0.75509,0.0022432454116642474,0
474,46504,0,100,0.7545622222222222,0.0016782476351363583,0
475,46604,0,100,0.7540344444444445,0.0018275205793906934,0
476,46704,0,100,0.7535066666666667,0.00140719141025329,0
477,46804,0,100,0.7529788888888889,0.001670513946155552,0
478,46904,0,100,0.7524511111111112,0.0011658359135617502,0
479,47004,0,100,0.7519233333333333,0.0025131935998797417,0
480,47104,0,100,0.7513955555555556,0.0019300232554087416,0
481,47204,0,100,0.7508677777777778,0.0027217669680248946,0
482,47304,0,100,0.75034,0.0022232525158324278,0
483,47404,0,100,0.7498122222222222,0.002829492799937725,0
484,47504,0,100,0.7492844444444444,0.001491378387727309,0
485,47604,0,100,0.7487566666666667,0.002356847790942993,0
486,47704,0,100,0.7482288888888888,0.002175478934950661,0
487,47804,0,100,0.7477011111111111,0.002319759069068823,0
488,47873,0.379,69,0.7473369444444444,0.0021357748356303605,1
489,47973,0,100,0.7468091666666667,0.0018840035481844097,0
490,48073,0,100,0.7462813888888888,0.0022514135611709208,0
491,48173,0,100,0.7457536111111112,0.0022820088313892485,0
492,48203,0.73,30,0.7455952777777778,0.0024583923591611286,1
493,48303,0,100,0.7450675,0.0019256761352880857,0
494,48403,0,100,0.7445397222222222,0.002489801110641565,0
495,48503,0,100,0.7440119444444444,0.0029569651998463085,0
496,48603,0,100,0.7434841666666667,0.002778717828623485,0
497,48703,0,100,0.7429563888888888,0.0029260907779098486,0
498,48803,0,100,0.7424286111111111,0.002975899602170102,0
499,48903,0,100,0.7419008333333333,0.0017541649835766293,0
500,49003,0,100,0.7413730555555555,0.0021369098697323354,0
501,49103,0,100,0.7408452777777778,0.002024644456396345,0
502,49134,0.721,31,0.7406816666666667,0.0033000344879955293,1
503,49234,0,100,0.7401538888888889,0.002962239632033743,0
504,49334,0,100,0.7396261111111111,0.0014599593242746777,0
505,49434,0,100,0.7390983333333334,0.002320123501413036,0
506,49534,0,100,0.7385705555555555,0.0028033469882211646,0
507,49634,0,100,0.7380427777777778,0.0022405423296731897,0
508,49734,0,100,0.737515,0.0030346646849648095,0
509,49834,0,100,0.7369872222222222,0.0023882524535292758,0
510,49934,0,100,0.7364594444444444,0.0022696425029425883,0
511,50034,0,100,0.7359316666666667,0.003993511499720626,0
512,50134,0,100,0.735403888888889,0.0025250798210618088,0
513,50201,0.3969999999999999,67,0.7350502777777778,0.0025037107129108663,1
514,50301,0,100,0.7345225,0.0019727259219507686,0
515,50401,0,100,0.7339947222222223,0.0028960564816952685,0
516,50501,0,100,0.7334669444444444,0.002924733321997337,0
517,50601,0,100,0.7329391666666667,0.0019020186143461615,0
518,50701,0,100,0.7324113888888889,0.0026887240534415467,0
519,50801,0,100,0.7318836111111111,0.0031945346397696996,0
520,50901,0,100,0.7313558333333333,0.0029619660205207764,0
521,51001,0,100,0.7308280555555555,0.002580567544500809,0
522,51101,0,100,0.7303002777777778,0.0025243752711685374,0
523,51201,0,100,0.7297724999999999,0.0026533599427784795,0
524,51301,0,100,0.7292447222222223,0.0040373863460263235,0
525,51401,0,100,0.7287169444444445,0.003477606101660058,0
526,51501,0,100,0.7281891666666667,0.0019012809917330741,0
527,51601,0,100,0.7276613888888889,0.0025324131271918303,0
528,51701,0,100,0.7271336111111111,0.003507057357928716,0
529,51801,0,100,0.7266058333333334,0.0028078067780006677,0
530,51901,0,100,0.7260780555555555,0.0032548466676962564,0
531,52001,0,100,0.7255502777777778,0.002661842419183813,0
532,52101,0,100,0.7250225,0.003011054639937356,0
533,52201,0,100,0.7244947222222222,0.0021784722548909485,0
534,52301,0,100,0.7239669444444444,0.002063663621956948,0
535,52401,0,100,0.7234391666666666,0.00226745089632459,0
536,52501,0,100,0.722911388888889,0.0028847870577010325,0
537,52601,0,100,0.722383611111111,0.002857793639996089,0
538,52701,0,100,0.7218558333333334,0.0049775682817562485,0
539,52801,0,100,0.7213280555555556,0.002461196878866758,0
540,52901,0,100,0.7208002777777778,0.0027366330742370337,0
541,53001,0,100,0.7202725,0.0025359542321530173,0
542,53101,0,100,0.7197447222222222,0.003865962905692868,0
543,53201,0,100,0.7192169444444445,0.0031012834736611696,0
544,53301,0,100,0.7186891666666666,0.0037328875612001864,0
545,53401,0,100,0.7181613888888889,0.002210509940632619,0
546,53501,0,100,0.7176336111111111,0.0034143183968262745,0
547,53601,0,100,0.7171058333333333,0.002345914483303204,0
548,53701,0,100,0.7165780555555555,0.00309468576713698,0
549,53801,0,100,0.7160502777777777,0.0023404317221138627,0
550,53901,0,100,0.7155225000000001,0.003078839572845027,0
551,54001,0,100,0.7149947222222222,0.0030846516037127004,0
552,54101,0,100,0.7144669444444445,0.0030494480259949342,0
553,54201,0,100,0.7139391666666667,0.004232951168087311,0
554,54301,0,100,0.7134113888888889,0.003807055613142438,0
555,54401,0,100,0.7128836111111111,0.003405644235026557,0
556,54501,0,100,0.7123558333333333,0.004051453768624924,0
557,54601,0,100,0.7118280555555556,0.0033322959078941495,0
558,54701,0,100,0.7113002777777777,0.003629806264943909,0
559,54801,0,100,0.7107725,0.0023088341206312177,0
560,54901,0,100,0.7102447222222222,0.0028944595766370184,0
561,55001,0,100,0.7097169444444444,0.002637988582137041,0
562,55101,0,100,0.7091891666666666,0.0030079915601527317,0
563,55201,0,100,0.7086613888888889,0.0030555431690299883,0
564,55301,0,100,0.7081336111111112,0.003030437577399425,0
565,55401,0,100,0.7076058333333333,0.0033617629262153058,0
566,55501,0,100,0.7070780555555556,0.003975243166205473,0
567,55601,0,100,0.7065502777777778,0.0035599241632735357,0
568,55701,0,100,0.7060225,0.0027530965479672887,0
569,55801,0,100,0.7054947222222222,0.0032628571905661376,0
570,55901,0,100,0.7049669444444444,0.002705540110473521,0
571,56001,0,100,0.7044391666666667,0.0036182766495039685,0
572,56101,0,100,0.7039113888888888,0.0027930430159904063,0
573,56201,0,100,0.7033836111111111,0.0039970818560686894,0
574,56301,0,100,0.7028558333333333,0.004499611355131492,0
575,56401,0,100,0.7023280555555556,0.0027858996350551024,0
576,56501,0,100,0.7018002777777778,0.003989277048385702,0
577,56601,0,100,0.7012725,0.002543724987190217,0
578,56701,0,100,0.7007447222222223,0.004168392178253271,0
579,56801,0,100,0.7002169444444444,0.003211059918103274,0
580,56901,0,100,0.6996891666666667,0.003173411479801871,0
581,57001,0,100,0.6991613888888889,0.00331881552177947,0
582,57101,0,100,0.6986336111111111,0.002960557767364662,0
583,57146,0.595,45,0.6983961111111111,0.0035450059183252352,1
584,57246,0,100,0.6978683333333333,0.0041388409907813185,0
585,57346,0,100,0.6973405555555556,0.0038899384942487816,0
586,57446,0,100,0.6968127777777777,0.0022717006513266825,0
587,57546,0,100,0.696285,0.0033990950090810657,0
588,57646,0,100,0.6957572222222222,0.00502110094355885,0
589,57746,0,100,0.6952294444444445,0.004400807310594246,0
590,57846,0,100,0.6947016666666667,0.0027245681014028376,0
591,57946,0,100,0.6941738888888889,0.0032789520843653007,0
592,58046,0,100,0.6936461111111112,0.003129788645601366,0
593,58146,0,100,0.6931183333333333,0.0038336957251885904,0
594,58246,0,100,0.6925905555555556,0.0027313799067633228,0
595,58346,0,100,0.6920627777777778,0.0036422859987942503,0
596,58446,0,100,0.691535,0.004107790133566595,0
597,58546,0,100,0.6910072222222222,0.00371549291536212,0
598,58646,0,100,0.6904794444444444,0.004591109973262064,0
599,58746,0,100,0.6899516666666667,0.0036148807307472453,0
600,58846,0,100,0.6894238888888888,0.004001330864848569,0
601,58936,0.18999999999999995,90,0.6889488888888888,0.003893511115004205,1
602,59036,0,100,0.6884211111111112,0.0022972203567042018,0
603,59136,0,100,0.6878933333333334,0.0029672593233408405,0
604,59236,0,100,0.6873655555555556,0.003944713210803457,0
605,59336,0,100,0.6868377777777778,0.004084516584989615,0
606,59436,0,100,0.68631,0.004089049709727987,0
607,59536,0,100,0.6857822222222223,0.0039229300402803344,0
608,59636,0,100,0.6852544444444444,0.0037420091187232176,0
609,59736,0,100,0.6847266666666667,0.004211798992473632,0
610,59836,0,100,0.6841988888888889,0.0025247292686253787,0
611,59936,0,100,0.6836711111111111,0.004299824433401227,0
612,60036,0,100,0.6831433333333333,0.004056901019648649,0
613,60136,0,100,0.6826155555555555,0.003959099846542813,0
614,60209,0.34299999999999997,73,0.6822302777777778,0.003912766031882636,1
615,60309,0,100,0.6817025,0.003046449822722934,0
616,60409,0,100,0.6811747222222222,0.003655497343861498,0
617,60509,0,100,0.6806469444444445,0.0037387435376876966,0
618,60609,0,100,0.6801191666666666,0.004361564992577769,0
619,60709,0,100,0.6795913888888889,0.00444578128226567,0
620,60809,0,100,0.6790636111111111,0.004758425683248788,0
621,60909,0,100,0.6785358333333333,0.004789854312548414,0
622,61009,0,100,0.6780080555555555,0.004689234375255182,0
623,61109,0,100,0.6774802777777778,0.0062964666076004506,0
624,61209,0,100,0.6769525000000001,0.00559706385829486,0
625,61309,0,100,0.6764247222222222,0.003638473020400852,0
626,61409,0,100,0.6758969444444445,0.006143962364294566,0
627,61509,0,100,0.6753691666666667,0.004894169030594639,0
628,61609,0,100,0.6748413888888889,0.005433158570085652,0
629,61709,0,100,0.6743136111111111,0.005051986753242091,0
630,61809,0,100,0.6737858333333333,0.004367912486777641,0
631,61909,0,100,0.6732580555555556,0.005995381998945959,0
632,62009,0,100,0.6727302777777777,0.004182541766786016,0
633,62109,0,100,0.6722025,0.005287922658608295,0
634,62209,0,100,0.6716747222222222,0.0054552436486119404,0
635,62309,0,100,0.6711469444444444,0.005423465718631632,0
636,62409,0,100,0.6706191666666667,0.003645114256651141,0
637,62509,0,100,0.6700913888888889,0.005387547934078612,0
638,62609,0,100,0.6695636111111112,0.004843654875003267,0
639,62709,0,100,0.6690358333333333,0.006389629429322668,0
640,62809,0,100,0.6685080555555556,0.002628480741404928,0
641,62909,0,100,0.6679802777777778,0.0060580164327984675,0
642,63009,0,100,0.6674525,0.003980035600252449,0
643,63109,0,100,0.6669247222222222,0.005377182808006182,0
644,63209,0,100,0.6663969444444444,0.0042782618873752655,0
645,63309,0,100,0.6658691666666667,0.004287270268541761,0
646,63409,0,100,0.6653413888888888,0.005157246977905743,0
647,63509,0,100,0.6648136111111111,0.0049550404108595104,0
648,63609,0,100,0.6642858333333334,0.005154245407320559,0
649,63709,0,100,0.6637580555555556,0.003911336529417895,0
650,63809,0,100,0.6632302777777778,0.005763407162739895,0
651,63909,0,100,0.6627025,0.004293446272495203,0
652,64009,0,100,0.6621747222222223,0.005479753454565071,0
653,64109,0,100,0.6616469444444444,0.0046602611086564135,0
654,64209,0,100,0.6611191666666667,0.006074711525579915,0
655,64309,0,100,0.6605913888888889,0.004041429049102589,0
656,64409,0,100,0.6600636111111111,0.005056973094469868,0
657,64509,0,100,0.6595358333333333,0.006623451570631005,0
658,64609,0,100,0.6590080555555555,0.00423431959527079,0
659,64709,0,100,0.6584802777777778,0.003224122039973736,0
660,64809,0,100,0.6579524999999999,0.005362335105310194,0
661,64909,0,100,0.6574247222222223,0.005287258534226566,0
662,65009,0,100,0.6568969444444445,0.005770396630396135,0
663,65109,0,100,0.6563691666666667,0.00800327651842963,0
664,65209,0,100,0.6558413888888889,0.007070069951587357,0
665,65309,0,100,0.6553136111111111,0.0056240215263096615,0
666,65409,0,100,0.6547858333333334,0.004627933636656962,0
667,65509,0,100,0.6542580555555555,0.00401615071343258,0
668,65609,0,100,0.6537302777777778,0.004933406373602338,0
669,65709,0,100,0.6532025,0.004315134588396176,0
670,65809,0,100,0.6526747222222222,0.002622458297992125,0
671,65909,0,100,0.6521469444444444,0.005676851345342584,0
672,66009,0,100,0.6516191666666666,0.004294022481190041,0
673,66109,0,100,0.651091388888889,0.004769074306241236,0
674,66209,0,100,0.650563611111111,0.008113467354560271,0
675,66309,0,100,0.6500358333333334,0.005475997136090882,0
676,66342,0.703,33,0.6498616666666667,0.004288249261056383,1
677,66442,0,100,0.6493338888888889,0.006115173745783977,0
678,66542,0,100,0.6488061111111112,0.005554201267077587,0
679,66642,0,100,0.6482783333333333,0.0060958347952691835,0
680,66742,0,100,0.6477505555555556,0.007020792461698875,0
681,66842,0,100,0.6472227777777777,0.0072314337670104575,0
682,66942,0,100,0.646695,0.005164037676295265,0
683,67042,0,100,0.6461672222222222,0.005391531960340217,0
684,67142,0,100,0.6456394444444444,0.006276150134508498,0
685,67242,0,100,0.6451116666666667,0.005035351815749891,0
686,67342,0,100,0.6445838888888888,0.004220114109921269,0
687,67442,0,100,0.6440561111111112,0.006247132255230099,0
688,67492,0.55,50,0.6437922222222222,0.005830259236972779,1
689,67592,0,100,0.6432644444444444,0.006031093465280719,0
690,67692,0,100,0.6427366666666667,0.007262139049125835,0
691,67792,0,100,0.6422088888888888,0.005394198517315089,0
692,67892,0,100,0.6416811111111111,0.006233674921677448,0
693,67992,0,100,0.6411533333333334,0.006805339776328765,0
694,68092,0,100,0.6406255555555556,0.008720953025622293,0
695,68192,0,100,0.6400977777777778,0.004630339902942069,0
696,68292,0,100,0.63957,0.005716122694429941,0
697,68392,0,100,0.6390422222222223,0.005678819010499865,0
698,68492,0,100,0.6385144444444444,0.005066852524178103,0
699,68592,0,100,0.6379866666666667,0.005430949788424186,0
700,68692,0,100,0.6374588888888889,0.008938116037170403,0
701,68792,0,100,0.6369311111111111,0.005438604294322431,0
702,68892,0,100,0.6364033333333333,0.004453049973235466,0
703,68992,0,100,0.6358755555555555,0.0051307234575506296,0
704,69092,0,100,0.6353477777777778,0.0060660059493966405,0
705,69192,0,100,0.6348199999999999,0.00608786782657262,0
706,69292,0,100,0.6342922222222223,0.006698518815683201,0
707,69392,0,100,0.6337644444444445,0.005009761525434442,0
708,69492,0,100,0.6332366666666667,0.0053367626410909,0
709,69592,0,100,0.6327088888888889,0.00583403380936943,0
710,69692,0,100,0.6321811111111111,0.007059191025327891,0
711,69792,0,100,0.6316533333333334,0.007057579875108786,0
712,69892,0,100,0.6311255555555555,0.008526475086109713,0
713,69992,0,100,0.6305977777777778,0.005041442629881203,0
714,70092,0,100,0.63007,0.006621098642935977,0
715,70192,0,100,0.6295422222222222,0.0065130896813934665,0
716,70292,0,100,0.6290144444444444,0.0049962691240943964,0
717,70392,0,100,0.6284866666666666,0.006534012055490166,0
718,70492,0,100,0.627958888888889,0.005278733805171214,0
719,70592,0,100,0.627431111111111,0.00742203387664631,0
720,70692,0,100,0.6269033333333334,0.006612741806311533,0
721,70792,0,100,0.6263755555555556,0.007422709598322399,0
722,70892,0,100,0.6258477777777778,0.00651898582407739,0
723,70976,0.244,84,0.6254044444444444,0.006695839376854045,1
724,71076,0,100,0.6248766666666667,0.006938496691873297,0
725,71176,0,100,0.6243488888888888,0.006484919165959582,0
726,71276,0,100,0.6238211111111112,0.007893305942416192,0
727,71376,0,100,0.6232933333333334,0.007877591978176496,0
728,71476,0,100,0.6227655555555556,0.0069092357839690526,0
729,71576,0,100,0.6222377777777778,0.00721649203915149,0
730,71676,0,100,0.62171,0.006161178906913847,0
731,71776,0,100,0.6211822222222223,0.007355149503564462,0
732,71876,0,100,0.6206544444444444,0.006935051963664591,0
733,71976,0,100,0.6201266666666667,0.009573077383101918,0
734,72076,0,100,0.6195988888888889,0.007026795750134624,0
735,72176,0,100,0.6190711111111111,0.008226023045135662,0
736,72276,0,100,0.6185433333333333,0.00896890202187933,0
737,72376,0,100,0.6180155555555555,0.0050950165034737436,0
738,72476,0,100,0.6174877777777779,0.005544754454749636,0
739,72534,0.478,58,0.6171816666666667,0.004681148061504716,1
740,72634,0,100,0.6166538888888888,0.009870198600692675,0
741,72734,0,100,0.6161261111111112,0.00799134410568513,0
742,72834,0,100,0.6155983333333334,0.006558697692817077,0
743,72934,0,100,0.6150705555555556,0.008610829068347812,0
744,73034,0,100,0.6145427777777778,0.006012935574981384,0
745,73134,0,100,0.614015,0.00848451206635218,0
746,73234,0,100,0.6134872222222223,0.006553820702247321,0
747,73334,0,100,0.6129594444444444,0.007712270196061581,0
748,73434,0,100,0.6124316666666667,0.00994314732728526,0
749,73534,0,100,0.6119038888888889,0.006076673900242895,0
750,73634,0,100,0.6113761111111111,0.006720305600902065,0
751,73734,0,100,0.6108483333333333,0.01316867277957499,0
752,73834,0,100,0.6103205555555555,0.00667937547841575,0
753,73934,0,100,0.6097927777777779,0.009699504642048851,0
754,74034,0,100,0.609265,0.009059843986760826,0
755,74134,0,100,0.6087372222222223,0.005803931611590088,0
756,74234,0,100,0.6082094444444445,0.010095387450419366,0
757,74334,0,100,0.6076816666666667,0.0093579487077659,0
758,74434,0,100,0.6071538888888889,0.007652558697736822,0
759,74534,0,100,0.6066261111111111,0.0077359967335360125,0
760,74634,0,100,0.6060983333333334,0.009163394062197768,0
761,74734,0,100,0.6055705555555555,0.006459502730867825,0
762,74834,0,100,0.6050427777777778,0.009985519245965406,0
763,74934,0,100,0.604515,0.008932092573959381,0
764,75034,0,100,0.6039872222222222,0.007605449272668921,0
765,75134,0,100,0.6034594444444444,0.009583870876813307,0
766,75234,0,100,0.6029316666666666,0.00869062148150988,0
767,75334,0,100,0.602403888888889,0.009070813622092827,0
768,75434,0,100,0.6018761111111111,0.010241113932570442,0
769,75440,0.946,6,0.6018444444444444,0.010296627141845724,1
770,75540,0,100,0.6013166666666667,0.008696573079796509,0
771,75640,0,100,0.6007888888888888,0.009024490862502716,0
772,75740,0,100,0.6002611111111111,0.006651965962955728,0
773,75840,0,100,0.5997333333333333,0.00637268532300368,0
774,75940,0,100,0.5992055555555555,0.0077939817565493286,0
775,76040,0,100,0.5986777777777779,0.009672823095461353,0
776,76140,0,100,0.59815,0.00839697541669011,0
777,76240,0,100,0.5976222222222223,0.010934796625515447,0
778,76340,0,100,0.5970944444444444,0.009668155015679076,0
779,76440,0,100,0.5965666666666667,0.008815400017192587,0
780,76540,0,100,0.5960388888888889,0.007872331786202266,0
781,76640,0,100,0.5955111111111111,0.00956944795208983,0
782,76740,0,100,0.5949833333333334,0.00582442625775002,0
783,76840,0,100,0.5944555555555555,0.01010269186226651,0
784,76940,0,100,0.5939277777777778,0.007793710955884308,0
785,77040,0,100,0.5933999999999999,0.011604201820446178,0
786,77140,0,100,0.5928722222222222,0.010172117318725214,0
787,77240,0,100,0.5923444444444445,0.008904050213750452,0
788,77340,0,100,0.5918166666666667,0.007209879560396076,0
789,77440,0,100,0.591288888888889,0.009971305362414569,0
790,77540,0,100,0.5907611111111111,0.010393469475675375,0
791,77640,0,100,0.5902333333333334,0.004611815843963996,0
792,77740,0,100,0.5897055555555555,0.01046298281638883,0
793,77840,0,100,0.5891777777777778,0.009968268377706408,0
794,77940,0,100,0.58865,0.00868627525633201,0
795,78040,0,100,0.5881222222222222,0.011533268771599978,0
796,78140,0,100,0.5875944444444445,0.006315398924052715,0
797,78240,0,100,0.5870666666666666,0.00844974154373631,0
798,78340,0,100,0.5865388888888889,0.009620689067523926,0
799,78440,0,100,0.586011111111111,0.008060158571461216,0
800,78540,0,100,0.5854833333333334,0.009861662306357176,0
801,78640,0,100,0.5849555555555556,0.010407274389872328,0
802,78740,0,100,0.5844277777777778,0.007266172648523934,0
803,78840,0,100,0.5839000000000001,0.010620835677254945,0
804,78940,0,100,0.5833722222222222,0.011950966698932461,0
805,79040,0,100,0.5828444444444445,0.011736695148283616,0
806,79140,0,100,0.5823166666666666,0.013300196200143546,0
807,79240,0,100,0.5817888888888889,0.012126227372791619,0
808,79340,0,100,0.5812611111111111,0.01038627037894912,0
809,79440,0,100,0.5807333333333333,0.013772042660275475,0
810,79540,0,100,0.5802055555555556,0.008330341867404058,0
811,79640,0,100,0.5796777777777777,0.010932467387756334,0
812,79740,0,100,0.57915,0.010500370126683265,0
813,79840,0,100,0.5786222222222221,0.008446103582391515,0
814,79940,0,100,0.5780944444444445,0.013330675733741373,0
815,80040,0,100,0.5775666666666667,0.008849040430504829,0
816,80140,0,100,0.5770388888888889,0.009689625363098458,0
817,80240,0,100,0.5765111111111112,0.008541792220203206,0
818,80340,0,100,0.5759833333333333,0.009358698673313483,0
819,80360,0.82,20,0.5758777777777777,0.0037478677229955794,1
820,80460,0,100,0.57535,0.0120725963532459,0
821,80560,0,100,0.5748222222222222,0.00865467396331951,0
822,80660,0,100,0.5742944444444444,0.00923829065170139,0
823,80760,0,100,0.5737666666666666,0.01018817890319042,0
824,80860,0,100,0.5732388888888889,0.011637355670100078,0
825,80960,0,100,0.5727111111111112,0.007695027844747528,0
826,81060,0,100,0.5721833333333333,0.011643072509905324,0
827,81160,0,100,0.5716555555555556,0.012625482085859403,0
828,81260,0,100,0.5711277777777778,0.009284535554470494,0
829,81360,0,100,0.5706,0.012294142900500446,0
830,81460,0,100,0.5700722222222222,0.009959876992506906,0
831,81560,0,100,0.5695444444444444,0.007594596301205456,0
832,81660,0,100,0.5690166666666667,0.013937285094289108,0
833,81760,0,100,0.5684888888888888,0.009992506944108755,0
834,81860,0,100,0.5679611111111111,0.013962894451105967,0
835,81960,0,100,0.5674333333333333,0.008488738622982056,0
836,82060,0,100,0.5669055555555556,0.008758716161828488,0
837,82160,0,100,0.5663777777777778,0.011364824442425743,0
838,82260,0,100,0.56585,0.011491218451410531,0
839,82360,0,100,0.5653222222222223,0.011474006441421807,0
840,82460,0,100,0.5647944444444444,0.013260984522057697,0
841,82560,0,100,0.5642666666666667,0.012115061589283868,0
842,82660,0,100,0.5637388888888889,0.009851136229699478,0
843,82760,0,100,0.5632111111111111,0.013704735117498786,0
844,82860,0,100,0.5626833333333333,0.007942323203897103,0
845,82960,0,100,0.5621555555555555,0.007865385304903612,0
846,83001,0.631,41,0.5619391666666667,0.00646591425600757,1
847,83101,0,100,0.561411388888889,0.010578941096900963,0
848,83201,0,100,0.5608836111111111,0.009816983871860429,0
849,83301,0,100,0.5603558333333334,0.012290214230306446,0
850,83401,0,100,0.5598280555555555,0.008357474800432101,0
851,83501,0,100,0.5593002777777778,0.012844939499627799,0
852,83601,0,100,0.5587725,0.009431339426664636,0
853,83701,0,100,0.5582447222222222,0.010881091675255448,0
854,83801,0,100,0.5577169444444445,0.010742741662543267,0
855,83901,0,100,0.5571891666666666,0.008719007384497672,0
856,84001,0,100,0.5566613888888889,0.009579743061913178,0
857,84101,0,100,0.556133611111111,0.012070044506108388,0
858,84201,0,100,0.5556058333333334,0.012334092452656478,0
859,84301,0,100,0.5550780555555556,0.015454668896272778,0
860,84401,0,100,0.5545502777777778,0.007479016552679241,0
861,84501,0,100,0.5540225000000001,0.011519404572900384,0
862,84601,0,100,0.5534947222222222,0.011719006758648903,0
863,84701,0,100,0.5529669444444445,0.01118654802441597,0
864,84801,0,100,0.5524391666666666,0.010707381308311597,0
865,84901,0,100,0.5519113888888889,0.012515469983918592,0
866,85001,0,100,0.5513836111111111,0.013400550682563335,0
867,85101,0,100,0.5508558333333333,0.013931339508853852,0
868,85201,0,100,0.5503280555555556,0.01629522074945271,0
869,85301,0,100,0.5498002777777777,0.010485197092639282,0
870,85401,0,100,0.5492725,0.011101185351144523,0
871,85501,0,100,0.5487447222222221,0.010749226148473099,0
872,85601,0,100,0.5482169444444445,0.01419628684525378,0
873,85701,0,100,0.5476891666666667,0.011533034323947504,0
874,85801,0,100,0.5471613888888889,0.009525403992738575,0
875,85901,0,100,0.5466336111111112,0.012415211853804066,0
876,86001,0,100,0.5461058333333333,0.012829896996263414,0
877,86101,0,100,0.5455780555555556,0.00913235847488977,0
878,86201,0,100,0.5450502777777777,0.010508614671416582,0
879,86301,0,100,0.5445225,0.01062709691701457,0
880,86325,0.784,24,0.5443958333333334,0.007052102475427091,1
881,86425,0,100,0.5438680555555555,0.010905582079431042,0
882,86525,0,100,0.5433402777777778,0.01604028296540491,0
883,86625,0,100,0.5428125,0.01799752448918298,0
884,86725,0,100,0.5422847222222222,0.011099546273471787,0
885,86825,0,100,0.5417569444444444,0.010873752956977114,0
886,86868,0.613,43,0.5415300000000001,0.014279576516601928,1
887,86968,0,100,0.5410022222222222,0.01360039991675876,0
888,87068,0,100,0.5404744444444445,0.009091865067603067,0
889,87168,0,100,0.5399466666666667,0.011369048539781943,0
890,87268,0,100,0.5394188888888889,0.012707243114709854,0
891,87368,0,100,0.5388911111111111,0.00892441006260924,0
892,87468,0,100,0.5383633333333333,0.015924330867128446,0
893,87568,0,100,0.5378355555555556,0.013055454909335821,0
894,87668,0,100,0.5373077777777777,0.010864767439197748,0
895,87768,0,100,0.53678,0.016947639540303497,0
896,87797,0.739,29,0.5366269444444445,0.01781022267673036,1
897,87897,0,100,0.5360991666666667,0.012599183360580355,0
898,87997,0,100,0.5355713888888889,0.010819533999310807,0
899,88097,0,100,0.5350436111111111,0.013372379068750889,0
900,88142,0.595,45,0.5348061111111111,0.013809235016297963,1
901,88242,0,100,0.5342783333333334,0.015767975063063204,0
902,88342,0,100,0.5337505555555555,0.015660549519816415,0
903,88442,0,100,0.5332227777777778,0.01370454257586971,0
904,88542,0,100,0.532695,0.010967420868109912,0
905,88642,0,100,0.5321672222222222,0.016941978592658415,0
906,88742,0,100,0.5316394444444444,0.014296993310563267,0
907,88842,0,100,0.5311116666666666,0.015888528230134397,0
908,88942,0,100,0.530583888888889,0.017474099129904063,0
909,89042,0,100,0.5300561111111111,0.010707655346486718,0
910,89142,0,100,0.5295283333333334,0.016447996192146094,0
911,89242,0,100,0.5290005555555556,0.013971179428044706,0
912,89342,0,100,0.5284727777777778,0.013723291830392554,0
913,89437,0.14500000000000002,95,0.5279713888888888,0.01471240209464572,1
914,89537,0,100,0.5274436111111112,0.012704848644789308,0
915,89637,0,100,0.5269158333333334,0.01346058961120434,0
916,89737,0,100,0.5263880555555556,0.022217241392936557,0
917,89837,0,100,0.5258602777777778,0.01444989793584682,0
918,89937,0,100,0.5253325,0.015807173011125997,0
919,90037,0,100,0.5248047222222223,0.0131463554862421,0
920,90137,0,100,0.5242769444444444,0.01722532241605222,0
921,90237,0,100,0.5237491666666667,0.012376592003274709,0
922,90337,0,100,0.5232213888888889,0.015853881977964192,0
923,90437,0,100,0.5226936111111111,0.013353561689145864,0
924,90537,0,100,0.5221658333333333,0.010353543399833142,0
925,90637,0,100,0.5216380555555555,0.017251377052161843,0
926,90737,0,100,0.5211102777777779,0.014754529891069979,0
927,90834,0.127,97,0.5205983333333333,0.014188775286251275,1
928,90934,0,100,0.5200705555555556,0.015776223847642542,0
929,91034,0,100,0.5195427777777778,0.013082967364462093,0
930,91134,0,100,0.519015,0.012725076801143587,0
931,91234,0,100,0.5184872222222222,0.014513216257328168,0
932,91254,0.82,20,0.5183816666666667,0.022759878460783513,1
933,91354,0,100,0.5178538888888888,0.011429048414574936,0
934,91454,0,100,0.5173261111111112,0.01670727267744951,0
935,91554,0,100,0.5167983333333334,0.014007434006780386,0
936,91654,0,100,0.5162705555555556,0.011205258530098945,0
937,91754,0,100,0.5157427777777778,0.011796080465428531,0
938,91854,0,100,0.515215,0.01719969850964844,0
939,91954,0,100,0.5146872222222223,0.015506879065651447,0
940,92054,0,100,0.5141594444444444,0.014373006440000608,0
941,92154,0,100,0.5136316666666667,0.01820282304659486,0
942,92254,0,100,0.5131038888888889,0.009449058512691408,0
943,92354,0,100,0.5125761111111111,0.01744532849173993,0
944,92454,0,100,0.5120483333333333,0.013509277044795454,0
945,92554,0,100,0.5115205555555555,0.014237167454557493,0
946,92654,0,100,0.5109927777777779,0.017482802669983356,0
947,92754,0,100,0.510465,0.017082416345365347,0
948,92854,0,100,0.5099372222222223,0.016721989610232413,0
949,92954,0,100,0.5094094444444445,0.019278191268676893,0
950,93054,0,100,0.5088816666666667,0.012910258061019704,0
951,93088,0.694,34,0.5087022222222222,0.01391129697988029,1
952,93188,0,100,0.5081744444444445,0.01826980720506981,0
953,93288,0,100,0.5076466666666667,0.01897519928170368,0
954,93388,0,100,0.5071188888888889,0.02021664321422577,0
955,93488,0,100,0.5065911111111111,0.017480220037978143,0
956,93588,0,100,0.5060633333333333,0.023328191677574068,0
957,93688,0,100,0.5055355555555556,0.017347243421245367,0
958,93788,0,100,0.5050077777777777,0.01103630512370728,0
959,93888,0,100,0.50448,0.014985001152381302,0
960,93988,0,100,0.5039522222222222,0.020310021408367903,0
961,94088,0,100,0.5034244444444445,0.018625790362711996,0
962,94188,0,100,0.5028966666666667,0.018653125937562437,0
963,94288,0,100,0.5023688888888889,0.019611909594386814,0
964,94388,0,100,0.5018411111111112,0.019444423499517142,0
965,94488,0,100,0.5013133333333333,0.01491458120639436,0
966,94588,0,100,0.5007855555555556,0.01829587822081521,0
967,94688,0,100,0.5002577777777778,0.012169605649542064,0
968,94788,0,100,0.49973,0.02133520842297003,0
969,94888,0,100,0.4992022222222222,0.020248608152614908,0
970,94988,0,100,0.4986744444444444,0.014325446138391271,0
971,95088,0,100,0.4981466666666666,0.019194826106540858,0
972,95188,0,100,0.49761888888888894,0.017092979172011837,0
973,95288,0,100,0.49709111111111115,0.017985987772699445,0
974,95388,0,100,0.49656333333333336,0.017120113406563178,0
975,95488,0,100,0.49603555555555556,0.016398688731715082,0
976,95588,0,100,0.49550777777777777,0.023616867875680327,0
977,95688,0,100,0.49498,0.012267276558559389,0
978,95784,0.136,96,0.4944733333333333,0.015523364554004123,1
979,95884,0,100,0.4939455555555555,0.019998343279585242,0
980,95984,0,100,0.49341777777777773,0.020274170362390577,0
981,96084,0,100,0.49289000000000005,0.0179187497519888,0
982,96184,0,100,0.49236222222222226,0.01682346961228177,0
983,96284,0,100,0.49183444444444446,0.022897354217711836,0
984,96384,0,100,0.49130666666666667,0.017802318159956487,0
985,96484,0,100,0.4907788888888889,0.02044983853120357,0
986,96584,0,100,0.4902511111111111,0.013135126440320164,0
987,96684,0,100,0.4897233333333333,0.01943294663447887,0
988,96784,0,100,0.4891955555555556,0.016737333436030895,0
989,96884,0,100,0.4886677777777778,0.015436958346981555,0
990,96984,0,100,0.48814,0.017309699091129005,0
991,97084,0,100,0.4876122222222222,0.022885700718034058,0
992,97184,0,100,0.48708444444444443,0.017338038731832057,0
993,97272,0.20799999999999996,88,0.48662000000000005,0.025389199637257578,1
994,97372,0,100,0.48609222222222226,0.018412630434613674,0
995,97472,0,100,0.48556444444444447,0.019513485927600414,0
996,97572,0,100,0.48503666666666667,0.02483068818692118,0
997,97672,0,100,0.4845088888888889,0.028612872178200632,0
998,97772,0,100,0.4839811111111111,0.02042727669933811,0
999,97872,0,100,0.4834533333333333,0.01891930543584749,0
1000,97972,0,100,0.4829255555555556,0.013508025088813156,0
1001,98072,0,100,0.4823977777777778,0.018366655765566973,0
1002,98172,0,100,0.48187,0.01714525922201574,0
1003,98272,0,100,0.4813422222222222,0.027419864444527774,0
1004,98372,0,100,0.48081444444444443,0.023292193410452456,0
1005,98472,0,100,0.48028666666666664,0.015214409246109426,0
1006,98572,0,100,0.47975888888888885,0.02298692873446271,0
1007,98672,0,100,0.47923111111111116,0.02430485103977844,0
1008,98772,0,100,0.47870333333333337,0.01830887118121609,0
1009,98872,0,100,0.4781755555555556,0.014372787587344647,0
1010,98972,0,100,0.4776477777777778,0.023594235002528875,0
1011,99072,0,100,0.47712,0.022645461407955737,0
1012,99172,0,100,0.4765922222222222,0.027728602930437773,0
1013,99272,0,100,0.4760644444444444,0.019096706605050712,0
1014,99372,0,100,0.4755366666666667,0.019505552244372667,0
1015,99472,0,100,0.4750088888888889,0.01920819004299119,0
1016,99572,0,100,0.47448111111111113,0.017757133403792976,0
1017,99672,0,100,0.47395333333333334,0.022507540294900538,0
1018,99772,0,100,0.47342555555555554,0.02577274220297113,0
1019,99872,0,100,0.47289777777777775,0.021383541780523957,0
1020,99972,0,100,0.47236999999999996,0.026154699148610235,0
1021,100072,0,100,0.4718422222222223,0.01951440644916147,0
1022,100172,0,100,0.4713144444444445,0.027905101284850388,0
1023,100272,0,100,0.4707866666666667,0.028631181148812176,0
1024,100372,0,100,0.4702588888888889,0.02319364735390991,0
1025,100472,0,100,0.4697311111111111,0.018981455848552285,0
1026,100572,0,100,0.4692033333333333,0.023059166208840905,0
1027,100672,0,100,0.4686755555555555,0.024283006503246725,0
1028,100772,0,100,0.46814777777777783,0.0289161436422728,0
1029,100872,0,100,0.46762000000000004,0.023208756304811687,0
1030,100972,0,100,0.46709222222222224,0.020535339703783392,0
1031,101034,0.44199999999999995,62,0.466765,0.015042148102375289,1
1032,101134,0,100,0.4662372222222222,0.019840229412075132,0
1033,101221,0.21699999999999997,87,0.4657780555555555,0.01728090412925458,1
1034,101321,0,100,0.46525027777777783,0.023394786571152508,0
1035,101327,0.946,6,0.46521861111111107,0.025288700126111507,1
1036,101427,0,100,0.4646908333333334,0.02003457293380052,0
1037,101527,0,100,0.4641630555555556,0.025624131448566914,0
1038,101627,0,100,0.4636352777777778,0.012012965870089829,0
1039,101727,0,100,0.4631075,0.022052532797679304,0
1040,101827,0,100,0.4625797222222222,0.0244283057609573,0
1041,101927,0,100,0.4620519444444444,0.027753451557364316,0
1042,102027,0,100,0.4615241666666666,0.027431520691607147,0
1043,102127,0,100,0.46099638888888894,0.02196971255587414,0
1044,102227,0,100,0.46046861111111115,0.019637616365216673,0
1045,102327,0,100,0.45994083333333335,0.0210730463382788,0
1046,102427,0,100,0.45941305555555556,0.02887894760351628,0
1047,102527,0,100,0.45888527777777777,0.02629271849989891,0
1048,102577,0.55,50,0.4586213888888889,0.02584658064879477,1
1049,102677,0,100,0.45809361111111113,0.03025669716531411,0
1050,102758,0.2709999999999999,81,0.4576661111111111,0.025216788016144694,1
1051,102858,0,100,0.4571383333333333,0.02074403977720067,0
1052,102958,0,100,0.4566105555555555,0.022202695605810733,0
1053,103058,0,100,0.45608277777777784,0.018754604051355272,0
1054,103158,0,100,0.45555500000000004,0.022287315216381103,0
1055,103258,0,100,0.45502722222222225,0.03758155455579981,0
1056,103358,0,100,0.45449944444444446,0.025519837043248117,0
1057,103458,0,100,0.45397166666666666,0.026521862554363906,0
1058,103558,0,100,0.45344388888888887,0.02036131910746917,0
1059,103658,0,100,0.4529161111111111,0.02580776546150446,0
1060,103758,0,100,0.4523883333333334,0.029190184161998332,0
1061,103858,0,100,0.4518605555555556,0.02454230750910938,0
1062,103958,0,100,0.4513327777777778,0.02153383824741468,0
1063,104058,0,100,0.450805,0.024571238558273763,0
1064,104158,0,100,0.4502772222222222,0.023004872095771133,0
1065,104258,0,100,0.4497494444444444,0.020539991124533117,0
1066,104358,0,100,0.44922166666666663,0.03208495768718422,0
1067,104458,0,100,0.44869388888888895,0.025503319858107717,0
1068,104558,0,100,0.44816611111111115,0.02556533705908805,0
1069,104658,0,100,0.44763833333333336,0.01891717363614589,0
1070,104712,0.514,54,0.4473533333333334,0.025057653292875598,1
1071,104812,0,100,0.4468255555555556,0.02573782636085525,0
1072,104912,0,100,0.4462977777777778,0.02135595984291285,0
1073,105012,0,100,0.44577,0.028151142126880586,0
1074,105112,0,100,0.4452422222222222,0.029077302378136664,0
1075,105212,0,100,0.4447144444444444,0.025468113627284766,0
1076,105312,0,100,0.44418666666666673,0.026428201324306427,0
1077,105412,0,100,0.44365888888888894,0.026256540974136443,0
1078,105512,0,100,0.44313111111111114,0.023867139210924506,0
1079,105612,0,100,0.44260333333333335,0.02938441309845075,0
1080,105712,0,100,0.44207555555555555,0.03217408661730588,0
1081,105812,0,100,0.44154777777777776,0.019815671029500662,0
1082,105824,0.892,12,0.44148444444444446,0.03463012259453535,1
1083,105924,0,100,0.44095666666666666,0.024676081037614494,0
1084,106024,0,100,0.44042888888888887,0.022467895054724067,0
1085,106124,0,100,0.4399011111111111,0.030306656390894204,0
1086,106189,0.4149999999999999,65,0.4395580555555556,0.024847287638112902,1
1087,106289,0,100,0.4390302777777778,0.030361793655902147,0
1088,106389,0,100,0.4385025,0.03284699844196439,0
1089,106489,0,100,0.4379747222222222,0.022646357216872276,0
1090,106589,0,100,0.43744694444444443,0.029836974279023706,0
1091,106689,0,100,0.43691916666666664,0.022615770255215467,0
1092,106789,0,100,0.43639138888888884,0.022779488819651306,0
1093,106889,0,100,0.43586361111111116,0.019586755561176686,0
1094,106989,0,100,0.43533583333333337,0.03174513153964654,0
1095,107089,0,100,0.4348080555555556,0.02535844239871949,0
1096,107189,0,100,0.4342802777777778,0.028744827657938003,0
1097,107289,0,100,0.4337525,0.03690838245442137,0
1098,107389,0,100,0.4332247222222222,0.030283717564307155,0
1099,107489,0,100,0.4326969444444445,0.02523837955435738,0
1100,107589,0,100,0.4321691666666667,0.023955509164370597,0
1101,107689,0,100,0.4316413888888889,0.022730878335423768,0
1102,107789,0,100,0.43111361111111113,0.031252573360688984,0
1103,107889,0,100,0.43058583333333333,0.03937027462059632,0
1104,107933,0.604,44,0.43035361111111115,0.01861284749942239,1
1105,108033,0,100,0.42982583333333335,0.0381350603303872,0
1106,108133,0,100,0.42929805555555556,0.030232449364848434,0
1107,108149,0.856,16,0.4292136111111111,0.028520217980258167,1
1108,108249,0,100,0.4286858333333333,0.03305522086797282,0
1109,108349,0,100,0.42815805555555553,0.03207387064583599,0
1110,108449,0,100,0.42763027777777773,0.027806276925839483,0
1111,108549,0,100,0.42710250000000005,0.020733789023943246,0
1112,108649,0,100,0.42657472222222226,0.02846495755482465,0
1113,108749,0,100,0.42604694444444446,0.024268235191702844,0
1114,108849,0,100,0.42551916666666667,0.02811182993929833,0
1115,108949,0,100,0.4249913888888889,0.02982745325891301,0
1116,109049,0,100,0.4244636111111111,0.029693682296201587,0
1117,109149,0,100,0.4239358333333333,0.0280407859897241,0
1118,109249,0,100,0.4234080555555556,0.030602928502485156,0
1119,109349,0,100,0.4228802777777778,0.029294025879353286,0
1120,109449,0,100,0.4223525,0.029650276799220592,0
1121,109549,0,100,0.4218247222222222,0.029019131353124977,0
1122,109649,0,100,0.42129694444444443,0.027730841480661184,0
1123,109749,0,100,0.42076916666666664,0.031801248328993094,0
1124,109849,0,100,0.42024138888888884,0.03606763373361901,0
1125,109949,0,100,0.41971361111111116,0.036674473020248115,0
1126,110049,0,100,0.41918583333333337,0.0426886598393321,0
1127,110060,0.901,11,0.41912777777777777,0.03802775219082832,1
1128,110160,0,100,0.41859999999999997,0.023525840893853456,0
1129,110260,0,100,0.4180722222222222,0.029541474550496785,0
1130,110360,0,100,0.4175444444444445,0.03670002403669059,0
1131,110460,0,100,0.4170166666666667,0.03336975655751303,0
1132,110560,0,100,0.4164888888888889,0.023963444982655346,0
1133,110660,0,100,0.4159611111111111,0.03646147432737053,0
1134,110756,0.136,96,0.41545444444444446,0.04289173655464159,1
1135,110856,0,100,0.41492666666666667,0.04118653731187805,0
1136,110956,0,100,0.41439888888888887,0.02192482424667105,0
1137,111056,0,100,0.4138711111111111,0.04227925407700241,0
1138,111156,0,100,0.4133433333333334,0.02790724170859903,0
1139,111256,0,100,0.4128155555555556,0.03480206779204309,0
1140,111356,0,100,0.4122877777777778,0.043170652403496206,0
1141,111442,0.22599999999999998,86,0.41183388888888894,0.03259610057656848,1
1142,111501,0.469,59,0.4115225,0.035141681068403235,1
1143,111601,0,100,0.4109947222222222,0.02740187435876578,0
1144,111701,0,100,0.4104669444444444,0.02683304751291871,0
1145,111801,0,100,0.40993916666666663,0.036663452750071886,0
1146,111901,0,100,0.40941138888888895,0.02864295897539705,0
1147,112001,0,100,0.40888361111111116,0.03752060432219878,0
1148,112101,0,100,0.40835583333333336,0.033949889512732624,0
1149,112167,0.4059999999999999,66,0.40800749999999997,0.03896858741416398,1
1150,112267,0,100,0.4074797222222223,0.04190216369461268,0
1151,112367,0,100,0.4069519444444445,0.0295935565745458,0
1152,112417,0.55,50,0.40668805555555554,0.01667788821738213,1
1153,112517,0,100,0.40616027777777775,0.03297160491347313,0
1154,112617,0,100,0.40563250000000006,0.02865621140692383,0
1155,112717,0,100,0.40510472222222227,0.021116091455332935,0
1156,112817,0,100,0.4045769444444445,0.02883288994897157,0
1157,112917,0,100,0.4040491666666667,0.027685546330176294,0
1158,113017,0,100,0.4035213888888889,0.027687570366542787,0
1159,113088,0.361,71,0.40314666666666665,0.03131553248016977,1
1160,113188,0,100,0.40261888888888886,0.036300169255118815,0
1161,113288,0,100,0.40209111111111107,0.03140021967934445,0
1162,113388,0,100,0.4015633333333334,0.027029911444988102,0
1163,113488,0,100,0.4010355555555556,0.030397896363865584,0
1164,113588,0,100,0.4005077777777778,0.026699892226606608,0
1165,113688,0,100,0.39998,0.02930402844911441,0
1166,113788,0,100,0.3994522222222222,0.045441689614672216,0
1167,113888,0,100,0.3989244444444444,0.03373043811414391,0
1168,113988,0,100,0.3983966666666666,0.04884876936208457,0
1169,114088,0,100,0.39786888888888894,0.041751991098281,0
1170,114188,0,100,0.39734111111111114,0.029413343369960786,0
1171,114288,0,100,0.39681333333333335,0.04129593696212396,0
1172,114388,0,100,0.39628555555555556,0.03686531541403383,0
1173,114488,0,100,0.39575777777777776,0.03436567295808345,0
1174,114588,0,100,0.39522999999999997,0.04197214592248202,0
1175,114675,0.21699999999999997,87,0.3947708333333333,0.045795285940470026,1
1176,114775,0,100,0.3942430555555556,0.034248400109354406,0
1177,114875,0,100,0.3937152777777778,0.039052879572846,0
1178,114975,0,100,0.3931875,0.029539647677447645,0
1179,114994,0.829,19,0.39308722222222225,0.05934953993480457,1
1180,115094,0,100,0.39255944444444446,0.047786836135201155,0
1181,115194,0,100,0.39203166666666667,0.046177101098001,0
1182,115294,0,100,0.3915038888888889,0.042846231791190806,0
1183,115394,0,100,0.3909761111111111,0.03213338824221865,0
1184,115494,0,100,0.3904483333333334,0.03417892184108496,0
1185,115594,0,100,0.3899205555555556,0.03115710908314213,0
1186,115694,0,100,0.3893927777777778,0.03921674335375428,0
1187,115794,0,100,0.388865,0.038078404110856355,0
1188,115894,0,100,0.3883372222222222,0.0365382470889017,0
1189,115994,0,100,0.38780944444444443,0.03770053648389876,0
1190,115997,0.973,3,0.3877936111111111,0.010814776178449392,1
1191,116097,0,100,0.3872658333333333,0.02873952134512365,0
1192,116197,0,100,0.3867380555555555,0.04764147296082229,0
1193,116204,0.9369999999999999,7,0.38670111111111116,0.009302071428724698,1
1194,116304,0,100,0.38617333333333337,0.03074690964538604,0
1195,116404,0,100,0.3856455555555556,0.041453765570186075,0
1196,116504,0,100,0.3851177777777778,0.040599896223284304,0
1197,116604,0,100,0.38459,0.0328132211486809,0
1198,116704,0,100,0.3840622222222222,0.03433739396277815,0
1199,116804,0,100,0.3835344444444444,0.050848707610275594,0
1200,116904,0,100,0.3830066666666667,0.03063463474623859,0
1201,117004,0,100,0.3824788888888889,0.03591551287099719,0
1202,117104,0,100,0.38195111111111113,0.05535317466128618,0
1203,117204,0,100,0.38142333333333334,0.045406941480468956,0
1204,117304,0,100,0.38089555555555554,0.03308038717135787,0
1205,117404,0,100,0.38036777777777775,0.033530884368810805,0
1206,117504,0,100,0.37983999999999996,0.03498394670663402,0
1207,117604,0,100,0.3793122222222223,0.05054601739859208,0
1208,117704,0,100,0.3787844444444445,0.03856766302138567,0
1209,117804,0,100,0.3782566666666667,0.030380497938022017,0
1210,117904,0,100,0.3777288888888889,0.04411142134806141,0
1211,118004,0,100,0.3772011111111111,0.03992549617774785,0
1212,118104,0,100,0.3766733333333333,0.04167411116417497,0
1213,118204,0,100,0.3761455555555555,0.0429938285658136,0
1214,118217,0.883,13,0.3760769444444445,0.07223197273336925,1
1215,118317,0,100,0.3755491666666667,0.04386501793982461,0
1216,118417,0,100,0.3750213888888889,0.031617152432445436,0
1217,118517,0,100,0.3744936111111111,0.031258106124587355,0
1218,118617,0,100,0.37396583333333333,0.036198516187723725,0
1219,118717,0,100,0.37343805555555554,0.03994348302483559,0
1220,118817,0,100,0.37291027777777774,0.044762031054124234,0
1221,118917,0,100,0.37238250000000006,0.0387877341452986,0
1222,119017,0,100,0.37185472222222227,0.043183995154686274,0
1223,119117,0,100,0.3713269444444445,0.055155824148096146,0
1224,119217,0,100,0.3707991666666667,0.04144333738368004,0
1225,119317,0,100,0.3702713888888889,0.04685480653308332,0
1226,119352,0.685,35,0.3700866666666667,0.05387483994875635,1
1227,119452,0,100,0.3695588888888889,0.04269326323643327,0
1228,119552,0,100,0.3690311111111111,0.05375000637257472,0
1229,119652,0,100,0.3685033333333333,0.031503393149469046,0
1230,119752,0,100,0.3679755555555556,0.04559628606773913,0
1231,119852,0,100,0.3674477777777778,0.04659611294977367,0
1232,119952,0,100,0.36692,0.04112376084085554,0
1233,120052,0,100,0.36639222222222223,0.04859657641034573,0
1234,120152,0,100,0.36586444444444444,0.049713940881192686,0
1235,120238,0.22599999999999998,86,0.36541055555555557,0.04847511637760976,1
1236,120338,0,100,0.3648827777777778,0.04175710234325379,0
1237,120424,0.22599999999999998,86,0.3644288888888889,0.036938462114004894,1
1238,120467,0.613,43,0.3642019444444444,0.040099209965055074,1
1239,120567,0,100,0.36367416666666663,0.03698357595130801,0
1240,120667,0,100,0.36314638888888895,0.050104374438524245,0
1241,120767,0,100,0.36261861111111116,0.04441363818012178,0
1242,120867,0,100,0.36209083333333336,0.051272155600599945,0
1243,120967,0,100,0.36156305555555557,0.04226047416916117,0
1244,121067,0,100,0.3610352777777778,0.04089611986652017,0
1245,121167,0,100,0.3605075,0.04848854357842356,0
1246,121267,0,100,0.3599797222222222,0.04722296271706,0
1247,121367,0,100,0.3594519444444445,0.05752972714602947,0
1248,121467,0,100,0.3589241666666667,0.039452972086146475,0
1249,121567,0,100,0.3583963888888889,0.04195310837356374,0
1250,121667,0,100,0.3578686111111111,0.025959027828648687,0
1251,121767,0,100,0.35734083333333333,0.04589535391423851,0
1252,121867,0,100,0.35681305555555554,0.0353803794644773,0
1253,121967,0,100,0.35628527777777774,0.03812528166687116,0
1254,122067,0,100,0.35575750000000006,0.0328137125284411,0
1255,122167,0,100,0.35522972222222227,0.04401391153689474,0
1256,122267,0,100,0.3547019444444445,0.035778539753518995,0
1257,122313,0.586,46,0.35445916666666666,0.026853674162260217,1
1258,122413,0,100,0.35393138888888886,0.03409795001614839,0
1259,122513,0,100,0.35340361111111107,0.028947872342541814,0
1260,122613,0,100,0.3528758333333334,0.05311242832802236,0
1261,122713,0,100,0.3523480555555556,0.05639367005322129,0
1262,122813,0,100,0.3518202777777778,0.04847917971666902,0
1263,122913,0,100,0.3512925,0.03925511800916866,0
1264,123013,0,100,0.3507647222222222,0.05173262489028275,0
1265,123113,0,100,0.3502369444444444,0.02760524094104767,0
1266,123213,0,100,0.3497091666666666,0.05128967505181208,0
1267,123229,0.856,16,0.3496247222222222,0.04730259289499372,1
1268,123329,0,100,0.3490969444444445,0.031900819637812675,0
1269,123429,0,100,0.3485691666666667,0.048003327716141936,0
1270,123529,0,100,0.3480413888888889,0.03835682863835246,0
1271,123629,0,100,0.3475136111111111,0.06182739424519241,0
1272,123729,0,100,0.3469858333333333,0.03413540449924767,0
1273,123829,0,100,0.34645805555555553,0.03893992423079908,0
1274,123929,0,100,0.34593027777777774,0.035592486821115016,0
1275,124029,0,100,0.34540250000000006,0.04577666714787483,0
1276,124078,0.5589999999999999,49,0.3451438888888889,0.0739622622899407,1
1277,124178,0,100,0.3446161111111111,0.041941726063378156,0
1278,124278,0,100,0.34408833333333333,0.05584499483928084,0
1279,124378,0,100,0.34356055555555554,0.042171739572659135,0
1280,124478,0,100,0.34303277777777774,0.03414453309495002,0
1281,124578,0,100,0.34250500000000006,0.026502770292572676,0
1282,124678,0,100,0.34197722222222227,0.046727967760525645,0
1283,124778,0,100,0.34144944444444447,0.05135886404663324,0
1284,124878,0,100,0.3409216666666667,0.052630435512401166,0
1285,124978,0,100,0.3403938888888889,0.0301892855996266,0
1286,125078,0,100,0.3398661111111111,0.037880825395695865,0
1287,125178,0,100,0.3393383333333333,0.037006583297625184,0
1288,125238,0.45999999999999996,60,0.33902166666666667,0.020518916100263594,1
1289,125338,0,100,0.33849388888888887,0.058540215904358775,0
1290,125438,0,100,0.3379661111111111,0.04774214709643274,0
1291,125538,0,100,0.3374383333333334,0.06302918022498488,0
1292,125638,0,100,0.3369105555555556,0.05092449066461995,0
1293,125738,0,100,0.3363827777777778,0.0600149289611727,0
1294,125838,0,100,0.335855,0.04956690219696611,0
1295,125938,0,100,0.3353272222222222,0.047824270077981054,0
1296,126038,0,100,0.3347994444444444,0.056992359636351464,0
1297,126138,0,100,0.33427166666666663,0.06913555960170925,0
1298,126238,0,100,0.33374388888888895,0.05331200657179579,0
1299,126338,0,100,0.33321611111111116,0.05144410273293033,0
1300,126438,0,100,0.33268833333333336,0.04719556843396276,0
1301,126538,0,100,0.33216055555555557,0.03711375579703599,0
1302,126638,0,100,0.3316327777777778,0.047439002809114755,0
1303,126738,0,100,0.331105,0.05013424659147859,0
1304,126838,0,100,0.3305772222222222,0.06300058709923179,0
1305,126885,0.577,47,0.3303291666666667,0.031569344293762076,1
1306,126985,0,100,0.3298013888888889,0.04473829343682155,0
1307,127085,0,100,0.3292736111111111,0.04151623235084116,0
1308,127185,0,100,0.3287458333333333,0.059539991864003244,0
1309,127285,0,100,0.3282180555555556,0.04174267244059592,0
1310,127385,0,100,0.3276902777777778,0.05918030481552705,0
1311,127401,0.856,16,0.3276058333333334,0.04918664938304573,1
1312,127439,0.6579999999999999,38,0.32740527777777784,0.042825759462031876,1
1313,127539,0,100,0.32687750000000004,0.04920881570549682,0
1314,127557,0.838,18,0.3267825,0.04369871923699975,1
1315,127657,0,100,0.3262547222222222,0.03271230496582575,0
1316,127757,0,100,0.3257269444444445,0.038783760452643035,0
1317,127857,0,100,0.3251991666666667,0.038637239350937304,0
1318,127957,0,100,0.3246713888888889,0.06041109460406005,0
1319,128057,0,100,0.3241436111111111,0.06690713926684111,0
1320,128099,0.622,42,0.32392194444444444,0.064886286666262,1
1321,128199,0,100,0.32339416666666665,0.04680143876932561,0
1322,128283,0.244,84,0.3229508333333333,0.05555351464898281,1
1323,128383,0,100,0.3224230555555556,0.046861141812987624,0
1324,128483,0,100,0.3218952777777778,0.045712146405130626,0
1325,128583,0,100,0.32136750000000003,0.046267213611863554,0
1326,128683,0,100,0.32083972222222223,0.03817183904815465,0
1327,128783,0,100,0.32031194444444444,0.04757682951632887,0
1328,128883,0,100,0.31978416666666665,0.043611226056236775,0
1329,128983,0,100,0.31925638888888885,0.04719136222498491,0
1330,129083,0,100,0.31872861111111117,0.05813101034378633,0
1331,129183,0,100,0.3182008333333334,0.04289228011853993,0
1332,129283,0,100,0.3176730555555556,0.05383138761855662,0
1333,129383,0,100,0.3171452777777778,0.05205308267846703,0
1334,129483,0,100,0.3166175,0.04741615015314892,0
1335,129583,0,100,0.3160897222222222,0.05428274601232261,0
1336,129683,0,100,0.3155619444444444,0.05764934814535081,0
1337,129783,0,100,0.3150341666666667,0.04126593059161678,0
1338,129883,0,100,0.31450638888888893,0.05132335724309087,0
1339,129983,0,100,0.31397861111111114,0.035762578116264196,0
1340,130083,0,100,0.31345083333333335,0.04578180029988289,0
1341,130183,0,100,0.31292305555555555,0.08152690536808223,0
1342,130283,0,100,0.31239527777777776,0.04442808253224939,0
1343,130383,0,100,0.31186749999999996,0.05339683912228793,0
1344,130483,0,100,0.3113397222222223,0.046989832688122984,0
1345,130583,0,100,0.3108119444444445,0.048280736957676706,0
1346,130683,0,100,0.3102841666666667,0.06708460527472199,0
1347,130783,0,100,0.3097563888888889,0.07866497032810002,0
1348,130883,0,100,0.3092286111111111,0.054859658763743935,0
1349,130983,0,100,0.3087008333333333,0.05464660970726982,0
1350,131083,0,100,0.3081730555555555,0.08376516471616924,0
1351,131183,0,100,0.30764527777777784,0.04615188219584525,0
1352,131283,0,100,0.30711750000000004,0.04253364434465766,0
1353,131383,0,100,0.30658972222222225,0.04738034480251372,0
1354,131483,0,100,0.30606194444444446,0.06083498992025852,0
1355,131583,0,100,0.30553416666666666,0.07166316633112729,0
1356,131683,0,100,0.30500638888888887,0.04965527532156557,0
1357,131783,0,100,0.3044786111111111,0.055684113905299454,0
1358,131883,0,100,0.3039508333333334,0.0641822611168027,0
1359,131983,0,100,0.3034230555555556,0.0503003284195438,0
1360,132083,0,100,0.3028952777777778,0.042809849223122004,0
1361,132183,0,100,0.3023675,0.05883282595546916,0
1362,132283,0,100,0.3018397222222222,0.06787366876844317,0
1363,132383,0,100,0.3013119444444444,0.05594164593378082,0
1364,132483,0,100,0.30078416666666663,0.07442829929757863,0
1365,132583,0,100,0.30025638888888895,0.05891345344018191,0
1366,132683,0,100,0.29972861111111115,0.048598554288037124,0
1367,132783,0,100,0.29920083333333336,0.03609649917576462,0
1368,132883,0,100,0.29867305555555557,0.06389192436821758,0
1369,132983,0,100,0.2981452777777778,0.06207686877809465,0
1370,133083,0,100,0.2976175,0.056379689406603574,0
1371,133183,0,100,0.2970897222222222,0.06497729917056859,0
1372,133283,0,100,0.2965619444444445,0.06712426769547164,0
1373,133383,0,100,0.2960341666666667,0.06282120116520673,0
1374,133483,0,100,0.2955063888888889,0.04609653028426692,0
1375,133583,0,100,0.2949786111111111,0.06875484404154122,0
1376,133683,0,100,0.29445083333333333,0.06053130525164306,0
1377,133783,0,100,0.29392305555555553,0.07028524016961456,0
1378,133883,0,100,0.29339527777777774,0.05254297137260437,0
1379,133983,0,100,0.29286750000000006,0.057088019838556645,0
1380,134083,0,100,0.29233972222222226,0.06441837408114225,0
1381,134183,0,100,0.29181194444444447,0.04715173712931573,0
1382,134283,0,100,0.2912841666666667,0.06526860666461289,0
1383,134383,0,100,0.2907563888888889,0.05053527775220573,0
1384,134483,0,100,0.2902286111111111,0.03984776757657528,0
1385,134583,0,100,0.2897008333333333,0.07180428121471777,0
1386,134683,0,100,0.2891730555555556,0.05993451430462301,0
1387,134783,0,100,0.2886452777777778,0.0592849835800007,0
1388,134883,0,100,0.2881175,0.04517511058133095,0
1389,134983,0,100,0.28758972222222223,0.0786370866233483,0
1390,135083,0,100,0.28706194444444444,0.07692951645236462,0
1391,135183,0,100,0.28653416666666665,0.07536055608652532,0
1392,135283,0,100,0.28600638888888885,0.06841290428303182,0
1393,135383,0,100,0.28547861111111117,0.059325523327570406,0
1394,135483,0,100,0.2849508333333334,0.07193318297620863,0
1395,135583,0,100,0.2844230555555556,0.06571388887939975,0
1396,135683,0,100,0.2838952777777778,0.057616058406420055,0
1397,135783,0,100,0.2833675,0.05911988870240748,0
1398,135883,0,100,0.2828397222222222,0.043087297533638776,0
1399,135983,0,100,0.2823119444444444,0.04658262707525864,0
1400,136083,0,100,0.2817841666666667,0.054725490948185324,0
1401,136183,0,100,0.28125638888888893,0.06510135479271412,0
1402,136283,0,100,0.28072861111111114,0.07718785566277803,0
1403,136383,0,100,0.28020083333333334,0.06346523213665932,0
1404,136483,0,100,0.27967305555555555,0.055486915321089327,0
1405,136583,0,100,0.27914527777777776,0.04939022132195532,0
1406,136683,0,100,0.27861749999999996,0.0838890790194273,0
1407,136783,0,100,0.2780897222222223,0.07423450922127812,0
1408,136883,0,100,0.2775619444444445,0.06009037437383086,0
1409,136983,0,100,0.2770341666666667,0.05210093806963414,0
1410,137083,0,100,0.2765063888888889,0.054650415838696065,0
1411,137183,0,100,0.2759786111111111,0.06320064150728286,0
1412,137283,0,100,0.2754508333333333,0.055559056159108874,0
1413,137383,0,100,0.2749230555555555,0.038415247264783826,0
1414,137483,0,100,0.27439527777777784,0.065928318107035,0
1415,137583,0,100,0.27386750000000004,0.05321461191866547,0
1416,137683,0,100,0.27333972222222225,0.057982127545401455,0
1417,137783,0,100,0.27281194444444445,0.0654566593747586,0
1418,137883,0,100,0.27228416666666666,0.052245924533344805,0
1419,137983,0,100,0.27175638888888887,0.09090866357088088,0
1420,138083,0,100,0.2712286111111111,0.05473769719246775,0
1421,138183,0,100,0.2707008333333334,0.04646477112546563,0
1422,138283,0,100,0.2701730555555556,0.08168024694547057,0
1423,138383,0,100,0.2696452777777778,0.07797441405244171,0
1424,138483,0,100,0.2691175,0.05208690646570176,0
1425,138583,0,100,0.2685897222222222,0.06943725581746549,0
1426,138683,0,100,0.2680619444444444,0.05835100318305195,0
1427,138783,0,100,0.26753416666666663,0.07025384556036443,0
1428,138883,0,100,0.26700638888888895,0.051600731685757635,0
1429,138983,0,100,0.26647861111111115,0.07003925238270313,0
1430,139083,0,100,0.26595083333333336,0.060804042974486945,0
1431,139183,0,100,0.26542305555555556,0.07321909919846803,0
1432,139283,0,100,0.26489527777777777,0.05823982364032418,0
1433,139303,0.82,20,0.2647897222222222,0.08206952256150543,1
1434,139403,0,100,0.2642619444444445,0.06261785186827183,0
1435,139503,0,100,0.2637341666666667,0.059406353319063784,0
1436,139603,0,100,0.2632063888888889,0.07634766983333975,0
1437,139703,0,100,0.2626786111111111,0.06866068924777209,0
1438,139803,0,100,0.26215083333333333,0.0532032746495679,0
1439,139903,0,100,0.26162305555555554,0.055944586968980727,0
1440,140003,0,100,0.26109527777777775,0.07729573899880052,0
1441,140103,0,100,0.26056750000000006,0.09456337850075215,0
1442,140203,0,100,0.26003972222222227,0.07325764247449115,0
1443,140303,0,100,0.2595119444444445,0.04492020315025002,0
1444,140403,0,100,0.2589841666666667,0.07120686091482639,0
1445,140503,0,100,0.2584563888888889,0.0880812762491405,0
1446,140603,0,100,0.2579286111111111,0.03950910006184131,0
1447,140703,0,100,0.2574008333333333,0.054137071382720024,0
1448,140803,0,100,0.2568730555555556,0.06361188138369471,0
1449,140903,0,100,0.2563452777777778,0.06469956699293107,0
1450,141003,0,100,0.25581750000000003,0.0652932808874175,0
1451,141103,0,100,0.25528972222222224,0.07713956818915904,0
1452,141203,0,100,0.25476194444444444,0.0608681935723871,0
1453,141236,0.703,33,0.25458777777777775,0.03985234246956128,1
1454,141336,0,100,0.25406000000000006,0.07184400328900666,0
1455,141436,0,100,0.25353222222222227,0.0833621948165819,0
1456,141536,0,100,0.2530044444444445,0.08329022482037544,0
1457,141636,0,100,0.2524766666666667,0.07446788541972638,0
1458,141736,0,100,0.2519488888888889,0.07313536623492838,0
1459,141836,0,100,0.2514211111111111,0.07712402406148612,0
1460,141936,0,100,0.2508933333333333,0.07594239885453134,0
1461,142036,0,100,0.2503655555555556,0.06772426959127188,0
1462,142136,0,100,0.24983777777777783,0.06863594098482281,0
1463,142236,0,100,0.24931000000000003,0.0676628935476765,0
1464,142336,0,100,0.24878222222222224,0.08115597777068614,0
1465,142436,0,100,0.24825444444444444,0.07370800920762122,0
1466,142536,0,100,0.24772666666666665,0.10396019318606704,0
1467,142610,0.33399999999999996,74,0.2473361111111111,0.06700057696827964,1
1468,142710,0,100,0.2468083333333333,0.06846068676561118,0
1469,142810,0,100,0.2462805555555556,0.09001614421140403,0
1470,142910,0,100,0.24575277777777782,0.05146695178002119,0
1471,142980,0.37,70,0.2453833333333334,0.06785009523321475,1
1472,143080,0,100,0.2448555555555556,0.06857340150047093,0
1473,143180,0,100,0.2443277777777778,0.08044322290923446,0
1474,143280,0,100,0.24380000000000002,0.08054457106627524,0
1475,143380,0,100,0.24327222222222222,0.068152707349509,0
1476,143480,0,100,0.24274444444444443,0.10658939285203814,0
1477,143580,0,100,0.24221666666666664,0.06577071839943528,0
1478,143680,0,100,0.24168888888888895,0.05750924156513065,0
1479,143780,0,100,0.24116111111111116,0.06834409555885941,0
1480,143880,0,100,0.24063333333333337,0.10916626101825386,0
1481,143980,0,100,0.24010555555555557,0.06246603869367391,0
1482,144080,0,100,0.23957777777777778,0.07799844533205032,0
1483,144180,0,100,0.23904999999999998,0.0737587831588462,0
1484,144280,0,100,0.2385222222222222,0.06516079738968983,0
1485,144380,0,100,0.2379944444444445,0.09119367303326725,0
1486,144480,0,100,0.23746666666666671,0.06930463041644544,0
1487,144580,0,100,0.23693888888888892,0.0711782766180113,0
1488,144680,0,100,0.23641111111111113,0.07835639402270317,0
1489,144780,0,100,0.23588333333333333,0.09346393674612045,0
1490,144832,0.532,52,0.23560888888888887,0.07948464944134824,1
1491,144932,0,100,0.23508111111111107,0.08378509234171361,0
1492,145032,0,100,0.2345533333333334,0.09289309041108935,0
1493,145132,0,100,0.2340255555555556,0.09488071397412569,0
1494,145232,0,100,0.2334977777777778,0.06480629269964994,0
1495,145332,0,100,0.23297,0.09036523919552565,0
1496,145432,0,100,0.23244222222222222,0.078270260670688,0
1497,145532,0,100,0.23191444444444442,0.06848283856641502,0
1498,145632,0,100,0.23138666666666663,0.0837865332281217,0
1499,145732,0,100,0.23085888888888895,0.06771364765707404,0
1500,145832,0,100,0.23033111111111115,0.08960104664321988,0
1501,145932,0,100,0.22980333333333336,0.08647885088808835,0
1502,146032,0,100,0.22927555555555557,0.08884847512003034,0
1503,146132,0,100,0.22874777777777777,0.07096926131285727,0
1504,146232,0,100,0.22821999999999998,0.056771026160568,0
1505,146332,0,100,0.22769222222222218,0.054965178286656736,0
1506,146432,0,100,0.2271644444444445,0.0850087704975158,0
1507,146532,0,100,0.2266366666666667,0.12212051142938435,0
1508,146632,0,100,0.22610888888888891,0.08087281771935523,0
1509,146732,0,100,0.22558111111111112,0.09406311027472838,0
1510,146832,0,100,0.22505333333333333,0.07555254423990845,0
1511,146932,0,100,0.22452555555555553,0.0669297780143097,0
1512,147032,0,100,0.22399777777777774,0.10906150294467806,0
1513,147132,0,100,0.22347000000000006,0.07320035990327596,0
1514,147232,0,100,0.22294222222222226,0.06925145261920988,0
1515,147306,0.33399999999999996,74,0.2225516666666667,0.09693018374712886,1
1516,147406,0,100,0.2220238888888889,0.09803377357311546,0
1517,147506,0,100,0.22149611111111112,0.11321752511896194,0
1518,147606,0,100,0.22096833333333332,0.0719262251863256,0
1519,147706,0,100,0.22044055555555553,0.08375409950036555,0
1520,147806,0,100,0.21991277777777785,0.10087849135976285,0
1521,147906,0,100,0.21938500000000005,0.09832434897776693,0
1522,147936,0.73,30,0.21922666666666668,0.07329909823214015,1
1523,148036,0,100,0.2186988888888889,0.09985530297737569,0
1524,148136,0,100,0.2181711111111111,0.07928156609646976,0
1525,148236,0,100,0.2176433333333333,0.07317593935411423,0
1526,148336,0,100,0.21711555555555562,0.09608036360237747,0
1527,148436,0,100,0.21658777777777782,0.09549325312487782,0
1528,148536,0,100,0.21606000000000003,0.09176416446454823,0
1529,148636,0,100,0.21553222222222224,0.08835350221954286,0
1530,148736,0,100,0.21500444444444444,0.10852701045107097,0
1531,148836,0,100,0.21447666666666665,0.06585278393235057,0
1532,148936,0,100,0.21394888888888886,0.05115974282380194,0
1533,149036,0,100,0.21342111111111117,0.10468883436638862,0
1534,149136,0,100,0.21289333333333338,0.09566822257358581,0
1535,149236,0,100,0.21236555555555559,0.11109537141397595,0
1536,149336,0,100,0.2118377777777778,0.0690153420669958,0
1537,149436,0,100,0.21131,0.09044490156229586,0
1538,149488,0.532,52,0.21103555555555553,0.08078317751642317,1
1539,149588,0,100,0.21050777777777774,0.0713413367420435,0
1540,149688,0,100,0.20998000000000006,0.06974422013387084,0
1541,149788,0,100,0.20945222222222226,0.08690805084072054,0
1542,149888,0,100,0.20892444444444447,0.11853896053507924,0
1543,149988,0,100,0.20839666666666667,0.11476502357982099,0
1544,150088,0,100,0.20786888888888888,0.09220153356902301,0
1545,150188,0,100,0.2073411111111111,0.09871845267247409,0
1546,150288,0,100,0.2068133333333333,0.08691738183610141,0
1547,150388,0,100,0.2062855555555556,0.10196784537751227,0
1548,150488,0,100,0.20575777777777782,0.08571713158860803,0
1549,150588,0,100,0.20523000000000002,0.09298199395183473,0
1550,150688,0,100,0.20470222222222223,0.08825971027836203,0
1551,150788,0,100,0.20417444444444444,0.07957058359868824,0
1552,150888,0,100,0.20364666666666664,0.07674941441509872,0
1553,150988,0,100,0.20311888888888885,0.14325543954502792,0
1554,151088,0,100,0.20259111111111117,0.10433906980790197,0
1555,151188,0,100,0.20206333333333337,0.08826424584258348,0
1556,151288,0,100,0.20153555555555558,0.10149130498990416,0
1557,151388,0,100,0.20100777777777779,0.07861892451997847,0
1558,151488,0,100,0.20048,0.10698583915829658,0
1559,151588,0,100,0.1999522222222222,0.10134081828407943,0
1560,151688,0,100,0.1994244444444444,0.09319989114999772,0
1561,151788,0,100,0.19889666666666672,0.08815354160498828,0
1562,151888,0,100,0.19836888888888893,0.09447751866653561,0
1563,151988,0,100,0.19784111111111113,0.08015337287448347,0
1564,152088,0,100,0.19731333333333334,0.1330215712543577,0
1565,152188,0,100,0.19678555555555555,0.09996634908486157,0
1566,152288,0,100,0.19625777777777775,0.10641267345752567,0
1567,152388,0,100,0.19572999999999996,0.09503422228619457,0
1568,152426,0.6579999999999999,38,0.19552944444444442,0.12090936447738816,1
1569,152526,0,100,0.19500166666666663,0.06135840296279639,0
1570,152626,0,100,0.19447388888888895,0.08101483500096947,0
1571,152726,0,100,0.19394611111111115,0.08430859090760351,0
1572,152826,0,100,0.19341833333333336,0.13473369048908354,0
1573,152926,0,100,0.19289055555555557,0.0920228227507323,0
1574,153026,0,100,0.19236277777777777,0.10662404726725072,0
1575,153126,0,100,0.19183499999999998,0.1095932485256344,0
1576,153226,0,100,0.19130722222222218,0.08301419103518129,0
1577,153326,0,100,0.1907794444444445,0.09634924118872731,0
1578,153426,0,100,0.1902516666666667,0.07215763075044379,0
1579,153526,0,100,0.18972388888888891,0.07024058055598288,0
1580,153626,0,100,0.18919611111111112,0.0843454935727641,0
1581,153726,0,100,0.18866833333333333,0.09684233614243568,0
1582,153826,0,100,0.18814055555555553,0.0843305832776241,0
1583,153926,0,100,0.18761277777777774,0.14333766219671815,0
1584,154026,0,100,0.18708500000000006,0.11859067825600506,0
1585,154126,0,100,0.18655722222222226,0.08490359946154058,0
1586,154226,0,100,0.18602944444444447,0.0787771650729701,0
1587,154326,0,100,0.18550166666666668,0.10455231077969074,0
1588,154426,0,100,0.18497388888888888,0.07424530384596437,0
1589,154526,0,100,0.1844461111111111,0.08629827367607504,0
1590,154626,0,100,0.1839183333333333,0.11916887803468854,0
1591,154726,0,100,0.1833905555555556,0.08319423933979124,0
1592,154826,0,100,0.18286277777777782,0.09989176843315363,0
1593,154926,0,100,0.18233500000000002,0.09361974094063044,0
1594,155026,0,100,0.18180722222222223,0.12424118492286652,0
1595,155126,0,100,0.18127944444444444,0.08976214429363609,0
1596,155226,0,100,0.18075166666666664,0.09267097997013479,0
1597,155326,0,100,0.18022388888888885,0.12795989556238055,0
1598,155426,0,100,0.17969611111111117,0.08174649259541183,0
1599,155526,0,100,0.17916833333333337,0.09585384133737535,0
1600,155569,0.613,43,0.17894138888888889,0.0879622263790563,1
1601,155669,0,100,0.1784136111111111,0.09328395336400717,0
1602,155769,0,100,0.1778858333333333,0.11827470598742366,0
1603,155869,0,100,0.17735805555555562,0.0980648076441139,0
1604,155969,0,100,0.17683027777777782,0.09750358090735972,0
1605,156069,0,100,0.17630250000000003,0.09838470676913857,0
1606,156169,0,100,0.17577472222222223,0.09435489980969577,0
1607,156269,0,100,0.17524694444444444,0.09766239989548922,0
1608,156369,0,100,0.17471916666666665,0.06713787667453289,0
1609,156469,0,100,0.17419138888888885,0.10440786557737738,0
1610,156569,0,100,0.17366361111111117,0.0858681372134015,0
1611,156669,0,100,0.17313583333333338,0.10773892092052847,0
1612,156769,0,100,0.17260805555555558,0.0854606605740264,0
1613,156869,0,100,0.1720802777777778,0.09336869899183511,0
1614,156969,0,100,0.1715525,0.11027247862890363,0
1615,157069,0,100,0.1710247222222222,0.09081561208236963,0
1616,157169,0,100,0.1704969444444444,0.14788935309508816,0
1617,157269,0,100,0.16996916666666673,0.12750200529582797,0
1618,157369,0,100,0.16944138888888893,0.0803061677608639,0
1619,157469,0,100,0.16891361111111114,0.10630624531768262,0
1620,157569,0,100,0.16838583333333335,0.1239674103166908,0
1621,157669,0,100,0.16785805555555555,0.10330456412397325,0
1622,157763,0.15400000000000003,94,0.1673619444444444,0.09828223494139124,1
1623,157863,0,100,0.16683416666666673,0.12467135628219694,0
1624,157880,0.847,17,0.16674444444444447,0.10163343944312896,1
1625,157980,0,100,0.16621666666666668,0.0750584784662351,0
1626,158080,0,100,0.16568888888888889,0.09958323484286666,0
1627,158180,0,100,0.1651611111111111,0.10265476647764445,0
1628,158280,0,100,0.1646333333333333,0.09413855069782585,0
1629,158380,0,100,0.16410555555555562,0.0801734644593671,0
1630,158480,0,100,0.16357777777777782,0.09576475274283439,0
1631,158580,0,100,0.16305000000000003,0.08878977470565587,0
1632,158680,0,100,0.16252222222222223,0.10035960021428764,0
1633,158780,0,100,0.16199444444444444,0.11975625754334032,0
1634,158880,0,100,0.16146666666666665,0.10584450659807772,0
1635,158980,0,100,0.16093888888888885,0.11038305778056383,0
1636,159080,0,100,0.16041111111111117,0.11778763715643435,0
1637,159180,0,100,0.15988333333333338,0.1300201128795743,0
1638,159280,0,100,0.15935555555555558,0.12079165467061102,0
1639,159380,0,100,0.1588277777777778,0.11353734027128666,0
1640,159480,0,100,0.1583,0.105710280649364,0
1641,159580,0,100,0.1577722222222222,0.08436828939709812,0
1642,159680,0,100,0.1572444444444444,0.12735401904210447,0
1643,159758,0.29799999999999993,78,0.15683277777777782,0.11776080442807423,1
1644,159858,0,100,0.15630500000000003,0.08879130866844206,0
1645,159958,0,100,0.15577722222222223,0.09556433376390487,0
1646,160058,0,100,0.15524944444444444,0.10589880832470953,0
1647,160158,0,100,0.15472166666666665,0.11352963389828802,0
1648,160258,0,100,0.15419388888888885,0.10520402730908245,0
1649,160351,0.16299999999999992,93,0.15370305555555552,0.12958284084414762,1
1650,160451,0,100,0.15317527777777784,0.11828421238576993,0
1651,160551,0,100,0.15264750000000005,0.09503927554935217,0
1652,160651,0,100,0.15211972222222225,0.11105479932855815,0
1653,160705,0.514,54,0.15183472222222227,0.0932241282770755,1
1654,160805,0,100,0.15130694444444448,0.12022890492808073,0
1655,160905,0,100,0.1507791666666667,0.12470647329464554,0
1656,161005,0,100,0.1502513888888889,0.09723188276402653,0
1657,161105,0,100,0.1497236111111111,0.09167448232416063,0
1658,161205,0,100,0.1491958333333333,0.10920394691172987,0
1659,161305,0,100,0.14866805555555562,0.11643601428717375,0
1660,161405,0,100,0.14814027777777783,0.13513327979017048,0
1661,161505,0,100,0.14761250000000004,0.13730406500399112,0
1662,161605,0,100,0.14708472222222224,0.11865673355292529,0
1663,161705,0,100,0.14655694444444445,0.1070691974228248,0
1664,161805,0,100,0.14602916666666665,0.1114788373420015,0
1665,161905,0,100,0.14550138888888886,0.10566309711895883,0
1666,162005,0,100,0.14497361111111118,0.1384010177757591,0
1667,162105,0,100,0.14444583333333338,0.17329118785448372,0
1668,162205,0,100,0.1439180555555556,0.16241637391038238,0
1669,162305,0,100,0.1433902777777778,0.11513192704878747,0
1670,162405,0,100,0.1428625,0.1169882897939533,0
1671,162505,0,100,0.1423347222222222,0.09845085229724646,0
1672,162605,0,100,0.14180694444444442,0.11143936345353722,0
1673,162705,0,100,0.14127916666666673,0.11177441745530814,0
1674,162805,0,100,0.14075138888888894,0.07566362374927849,0
1675,162905,0,100,0.14022361111111115,0.07944774933159351,0
1676,163005,0,100,0.13969583333333335,0.11050498694647104,0
1677,163105,0,100,0.13916805555555556,0.11256281479261815,0
1678,163205,0,100,0.13864027777777777,0.12877241012174637,0
1679,163305,0,100,0.13811249999999997,0.10490415427368134,0
1680,163405,0,100,0.1375847222222223,0.15677099009044468,0
1681,163505,0,100,0.1370569444444445,0.1317599538806826,0
1682,163605,0,100,0.1365291666666667,0.111454833522439,0
1683,163705,0,100,0.1360013888888889,0.10549473950173706,0
1684,163805,0,100,0.13547361111111111,0.11362452401779592,0
1685,163905,0,100,0.13494583333333332,0.10126283777412028,0
1686,164005,0,100,0.13441805555555553,0.13930858572013677,0
1687,164105,0,100,0.13389027777777784,0.09749175352510064,0
1688,164205,0,100,0.13336250000000005,0.13693767198361456,0
1689,164305,0,100,0.13283472222222226,0.10485383719205857,0
1690,164405,0,100,0.13230694444444446,0.12092319516465068,0
1691,164505,0,100,0.13177916666666667,0.10401586831081659,0
1692,164605,0,100,0.13125138888888888,0.1521006402093917,0
1693,164705,0,100,0.13072361111111108,0.11241516273003072,0
1694,164805,0,100,0.1301958333333334,0.11706893413327635,0
1695,164905,0,100,0.1296680555555556,0.10481739904731512,0
1696,165005,0,100,0.1291402777777778,0.12076977928634733,0
1697,165105,0,100,0.12861250000000002,0.11382851685397327,0
1698,165205,0,100,0.12808472222222222,0.13714144855737687,0
1699,165305,0,100,0.12755694444444443,0.10921413125935941,0
1700,165405,0,100,0.12702916666666664,0.08504689781926572,0
1701,165505,0,100,0.12650138888888895,0.11358521266840399,0
1702,165605,0,100,0.12597361111111116,0.0983187628770247,0
1703,165705,0,100,0.12544583333333337,0.11988704407121986,0
1704,165805,0,100,0.12491805555555557,0.1229017356550321,0
1705,165871,0.4059999999999999,66,0.12456972222222229,0.1314676528387336,1
1706,165971,0,100,0.1240419444444445,0.1373442959971726,0
1707,166071,0,100,0.1235141666666667,0.15011778479907661,0
1708,166171,0,100,0.12298638888888891,0.11807116193696857,0
1709,166271,0,100,0.12245861111111112,0.09375510888639838,0
1710,166371,0,100,0.12193083333333332,0.13083914574701339,0
1711,166471,0,100,0.12140305555555553,0.12567918572574854,0
1712,166571,0,100,0.12087527777777785,0.1526334572583437,0
1713,166671,0,100,0.12034750000000005,0.1839118900662288,0
1714,166771,0,100,0.11981972222222226,0.13691316233482212,0
1715,166871,0,100,0.11929194444444446,0.10457623620983213,0
1716,166971,0,100,0.11876416666666667,0.10191115972585976,0
1717,167071,0,100,0.11823638888888888,0.13384046383202075,0
1718,167171,0,100,0.11770861111111108,0.11968630012124777,0
1719,167271,0,100,0.1171808333333334,0.13101702375803143,0
1720,167371,0,100,0.11665305555555561,0.12170978956855834,0
1721,167471,0,100,0.11612527777777781,0.12843037999235093,0
1722,167571,0,100,0.11559750000000002,0.11247707530856133,0
1723,167671,0,100,0.11506972222222223,0.15699452334083616,0
1724,167771,0,100,0.11454194444444443,0.16229736603796482,0
1725,167871,0,100,0.11401416666666664,0.1407333313813433,0
1726,167971,0,100,0.11348638888888896,0.12416013314388692,0
1727,168071,0,100,0.11295861111111116,0.15522512181662024,0
1728,168171,0,100,0.11243083333333337,0.15019453066866845,0
1729,168271,0,100,0.11190305555555558,0.15087448889389635,0
1730,168371,0,100,0.11137527777777778,0.14909650361165405,0
1731,168471,0,100,0.11084749999999999,0.14282733294181527,0
1732,168571,0,100,0.1103197222222222,0.12810462180059404,0
1733,168671,0,100,0.10979194444444451,0.12352259337436408,0
1734,168771,0,100,0.10926416666666672,0.12914648454170674,0
1735,168871,0,100,0.10873638888888892,0.1305106949340552,0
1736,168971,0,100,0.10820861111111113,0.13158241276163607,0
1737,169071,0,100,0.10768083333333334,0.13517156642861664,0
1738,169171,0,100,0.10715305555555554,0.17734441511332988,0
1739,169271,0,100,0.10662527777777775,0.15934635510668158,0
1740,169371,0,100,0.10609750000000007,0.1172249971004203,0
1741,169471,0,100,0.10556972222222227,0.10621120962779969,0
1742,169571,0,100,0.10504194444444448,0.13782989071216434,0
1743,169671,0,100,0.10451416666666669,0.07931833572220057,0
1744,169771,0,100,0.10398638888888889,0.11962211933452636,0
1745,169871,0,100,0.1034586111111111,0.13007950766943396,0
1746,169971,0,100,0.1029308333333333,0.1288207508577034,0
1747,170071,0,100,0.10240305555555562,0.12645916759036482,0
1748,170171,0,100,0.10187527777777783,0.10517177830450236,0
1749,170271,0,100,0.10134750000000003,0.07623675587587059,0
1750,170371,0,100,0.10081972222222224,0.07097580472473056,0
1751,170471,0,100,0.10029194444444445,0.11958900826983154,0
1752,170571,0,100,0.09976416666666665,0.1254472521552816,0
1753,170671,0,100,0.09923638888888886,0.17700951274950058,0
1754,170771,0,100,0.09870861111111118,0.12766535287722947,0
1755,170847,0.31599999999999995,76,0.09830749999999999,0.11769443991177372,1
1756,170947,0,100,0.0977797222222222,0.1377296863682568,0
1757,171047,0,100,0.0972519444444444,0.13398775566834956,0
1758,171147,0,100,0.09672416666666672,0.11974542328622192,0
1759,171247,0,100,0.09619638888888893,0.13779664255678653,0
1760,171347,0,100,0.09566861111111113,0.14776464727707206,0
1761,171447,0,100,0.09514083333333334,0.16618560071103275,0
1762,171547,0,100,0.09461305555555555,0.14265623322222382,0
1763,171647,0,100,0.09408527777777775,0.14452489845454694,0
1764,171747,0,100,0.09355749999999996,0.10327322839293629,0
1765,171847,0,100,0.09302972222222228,0.12498133799992502,0
1766,171947,0,100,0.09250194444444448,0.1533116121403873,0
1767,172047,0,100,0.09197416666666669,0.1920206553558819,0
1768,172147,0,100,0.0914463888888889,0.11800328235607595,0
1769,172247,0,100,0.0909186111111111,0.10019492109771817,0
1770,172347,0,100,0.09039083333333331,0.10017958164680749,0
1771,172447,0,100,0.08986305555555552,0.18356836933642626,0
1772,172547,0,100,0.08933527777777783,0.13570024948567153,0
1773,172647,0,100,0.08880750000000004,0.1333638038020581,0
1774,172747,0,100,0.08827972222222225,0.1327841483289376,0
1775,172847,0,100,0.08775194444444445,0.1666339724091813,0
1776,172947,0,100,0.08722416666666666,0.1393013854511082,0
1777,173047,0,100,0.08669638888888886,0.13053557848557829,0
1778,173147,0,100,0.08616861111111107,0.18309735676739364,0
1779,173247,0,100,0.08564083333333339,0.1254400892322883,0
1780,173347,0,100,0.0851130555555556,0.10204785864800214,0
1781,173447,0,100,0.0845852777777778,0.1665104132704437,0
1782,173547,0,100,0.08405750000000001,0.14994797671213747,0
1783,173647,0,100,0.08352972222222221,0.12178273107856512,0
1784,173747,0,100,0.08300194444444442,0.12354748168028891,0
1785,173847,0,100,0.08247416666666663,0.1308201280143112,0
1786,173947,0,100,0.08194638888888894,0.15954164327122272,0
1787,174047,0,100,0.08141861111111115,0.20274160728789867,0
1788,174147,0,100,0.08089083333333336,0.12600545556750148,0
1789,174247,0,100,0.08036305555555556,0.1746399980923161,0
1790,174347,0,100,0.07983527777777777,0.1602036302164197,0
1791,174447,0,100,0.07930749999999998,0.13460826127324255,0
1792,174547,0,100,0.07877972222222229,0.16590956333093346,0
1793,174647,0,100,0.0782519444444445,0.1247053562803194,0
1794,174747,0,100,0.0777241666666667,0.1305696286680177,0
1795,174847,0,100,0.07719638888888891,0.14091604412999004,0
1796,174947,0,100,0.07666861111111112,0.13956286028958856,0
1797,175047,0,100,0.07614083333333332,0.11699734184425324,0
1798,175147,0,100,0.07561305555555553,0.1347717493469827,0
1799,175247,0,100,0.07508527777777785,0.13194472656119616,0
1800,175347,0,100,0.07455750000000005,0.15851745209190996,0
1801,175447,0,100,0.07402972222222226,0.08994842928368599,0
1802,175547,0,100,0.07350194444444447,0.13173226065002383,0
1803,175647,0,100,0.07297416666666667,0.13213897405657918,0
1804,175747,0,100,0.07244638888888888,0.1374847326008603,0
1805,175847,0,100,0.07191861111111109,0.14923238333314656,0
1806,175947,0,100,0.0713908333333334,0.1400970958871767,0
1807,176047,0,100,0.07086305555555561,0.11972405966836959,0
1808,176147,0,100,0.07033527777777782,0.14279677261132748,0
1809,176247,0,100,0.06980750000000002,0.19568677925039082,0
1810,176347,0,100,0.06927972222222223,0.18435837724246085,0
1811,176447,0,100,0.06875194444444443,0.11639305855613202,0
1812,176547,0,100,0.06822416666666664,0.1566476766904816,0
1813,176647,0,100,0.06769638888888896,0.16538316126447172,0
1814,176747,0,100,0.06716861111111117,0.09925410841591656,0
1815,176847,0,100,0.06664083333333337,0.15033288994804025,0
1816,176947,0,100,0.06611305555555558,0.1653983915504068,0
1817,177047,0,100,0.06558527777777778,0.16019251694437117,0
1818,177147,0,100,0.06505749999999999,0.1365022041881457,0
1819,177247,0,100,0.0645297222222222,0.10046805743128061,0
1820,177347,0,100,0.06400194444444451,0.13880744819529356,0
1821,177447,0,100,0.06347416666666672,0.16067628702148795,0
1822,177547,0,100,0.06294638888888893,0.14202052651904523,0
1823,177647,0,100,0.06241861111111113,0.17415803860872983,0
1824,177747,0,100,0.06189083333333334,0.1244571637827903,0
1825,177847,0,100,0.061363055555555546,0.18720658512786031,0
1826,177947,0,100,0.06083527777777775,0.16860647986643015,0
1827,178047,0,100,0.06030750000000007,0.16151160686276853,0
1828,178147,0,100,0.059779722222222276,0.09226705498993397,0
1829,178247,0,100,0.05925194444444448,0.15682589761912824,0
1830,178347,0,100,0.05872416666666669,0.13643055708613247,0
1831,178447,0,100,0.058196388888888895,0.1597088810428977,0
1832,178547,0,100,0.0576686111111111,0.1697934459662065,0
1833,178647,0,100,0.05714083333333331,0.14556341390125455,0
1834,178747,0,100,0.056613055555555625,0.15812532718759031,0
1835,178847,0,100,0.05608527777777783,0.17069537483155728,0
1836,178883,0.6759999999999999,36,0.05589527777777781,0.09698950160398251,1
1837,178983,0,100,0.055367500000000014,0.13077690149657428,0
1838,179083,0,100,0.05483972222222222,0.11953587054274976,0
1839,179183,0,100,0.05431194444444443,0.17526233918964862,0
1840,179283,0,100,0.05378416666666663,0.1572878914885223,0
1841,179383,0,100,0.05325638888888895,0.15183695800602437,0
1842,179483,0,100,0.05272861111111116,0.16236216998659075,0
1843,179583,0,100,0.05220083333333336,0.1238565484015271,0
1844,179683,0,100,0.05167305555555557,0.08532387809362263,0
1845,179783,0,100,0.051145277777777776,0.15586965517140924,0
1846,179883,0,100,0.05061749999999998,0.16282727214507758,0
1847,179983,0,100,0.05008972222222219,0.13259720744099468,0
1848,180083,0,100,0.050005277777777746,0.12131846577860415,0
1849,180183,0,100,0.050005277777777746,0.17237027973867952,0
1850,180283,0,100,0.050005277777777746,0.2067145013762638,0
1851,180383,0,100,0.050005277777777746,0.10237669485155493,0
1852,180483,0,100,0.050005277777777746,0.1612735825870186,0
1853,180583,0,100,0.050005277777777746,0.18522184200584887,0
1854,180683,0,100,0.050005277777777746,0.16679788212291896,0
1855,180783,0,100,0.050005277777777746,0.10088413616642355,0
1856,180883,0,100,0.050005277777777746,0.17207202731166035,0
1857,180983,0,100,0.050005277777777746,0.12484560721553863,0
1858,181083,0,100,0.050005277777777746,0.16093291476834565,0
1859,181183,0,100,0.050005277777777746,0.22987043899483978,0
1860,181283,0,100,0.050005277777777746,0.1236179239116609,0
1861,181383,0,100,0.050005277777777746,0.13438580258283764,0
1862,181483,0,100,0.050005277777777746,0.13100146592129022,0
1863,181583,0,100,0.050005277777777746,0.18258470823056996,0
1864,181683,0,100,0.050005277777777746,0.1446341909421608,0
1865,181723,0.6399999999999999,40,0.050005277777777746,0.09697068233508617,1
1866,181823,0,100,0.050005277777777746,0.14610969256144016,0
1867,181923,0,100,0.050005277777777746,0.10337414076551794,0
1868,182023,0,100,0.050005277777777746,0.14046579664573072,0
1869,182123,0,100,0.050005277777777746,0.14792119057849049,0
1870,182223,0,100,0.050005277777777746,0.16061571734957397,0
1871,182323,0,100,0.050005277777777746,0.15347179561853408,0
1872,182423,0,100,0.050005277777777746,0.09990152654238045,0
1873,182523,0,100,0.050005277777777746,0.12498521662317216,0
1874,182623,0,100,0.050005277777777746,0.12464791029691696,0
1875,182723,0,100,0.050005277777777746,0.17963780814781785,0
1876,182823,0,100,0.050005277777777746,0.2070766957802698,0
1877,182923,0,100,0.050005277777777746,0.14489228540100157,0
1878,183023,0,100,0.050005277777777746,0.12511425038333981,0
1879,183123,0,100,0.050005277777777746,0.1906234523979947,0
1880,183223,0,100,0.050005277777777746,0.17434511886909604,0
1881,183323,0,100,0.050005277777777746,0.1743304897285998,0
1882,183423,0,100,0.050005277777777746,0.11267388925887645,0
1883,183523,0,100,0.050005277777777746,0.15144834852311762,0
1884,183623,0,100,0.050005277777777746,0.16661212499253453,0
1885,183723,0,100,0.050005277777777746,0.15525541588198394,0
1886,183823,0,100,0.050005277777777746,0.13464498123154045,0
1887,183923,0,100,0.050005277777777746,0.11323649660684168,0
1888,184023,0,100,0.050005277777777746,0.20545117982430383,0
1889,184123,0,100,0.050005277777777746,0.18012525444850325,0
1890,184223,0,100,0.050005277777777746,0.14135307157877833,0
1891,184323,0,100,0.050005277777777746,0.1110723666101694,0
1892,184423,0,100,0.050005277777777746,0.15916494209319354,0
1893,184523,0,100,0.050005277777777746,0.1600562520325184,0
1894,184623,0,100,0.050005277777777746,0.15208145804703235,0
1895,184723,0,100,0.050005277777777746,0.19788019727915526,0
1896,184818,0.14500000000000002,95,0.050005277777777746,0.1300255987989275,1
1897,184918,0,100,0.050005277777777746,0.1911337450146675,0
1898,185018,0,100,0.050005277777777746,0.1913409472303465,0
1899,185118,0,100,0.050005277777777746,0.1637987831607461,0
1900,185218,0,100,0.050005277777777746,0.1771932701719925,0
1901,185318,0,100,0.050005277777777746,0.15452240260783584,0
1902,185418,0,100,0.050005277777777746,0.21604095975402743,0
1903,185518,0,100,0.050005277777777746,0.18362521491013467,0
1904,185618,0,100,0.050005277777777746,0.19428366320673376,0
1905,185718,0,100,0.050005277777777746,0.15962357439566405,0
1906,185818,0,100,0.050005277777777746,0.2274131521442905,0
1907,185918,0,100,0.050005277777777746,0.13961458222940565,0
1908,186018,0,100,0.050005277777777746,0.16824306237045675,0
1909,186118,0,100,0.050005277777777746,0.14257403294090182,0
1910,186218,0,100,0.050005277777777746,0.16623526750132442,0
1911,186318,0,100,0.050005277777777746,0.15125872523523867,0
1912,186418,0,100,0.050005277777777746,0.1519857551716268,0
1913,186518,0,100,0.050005277777777746,0.16972588193137197,0
1914,186618,0,100,0.050005277777777746,0.18141187412897125,0
1915,186718,0,100,0.050005277777777746,0.11801301288884133,0
1916,186818,0,100,0.050005277777777746,0.13808268554508685,0
1917,186918,0,100,0.050005277777777746,0.18093022723682226,0
1918,187018,0,100,0.050005277777777746,0.1383393903868273,0
1919,187118,0,100,0.050005277777777746,0.11043951731640846,0
1920,187218,0,100,0.050005277777777746,0.14798464016988874,0
1921,187318,0,100,0.050005277777777746,0.12862862112931908,0
1922,187418,0,100,0.050005277777777746,0.09747114172205329,0
1923,187518,0,100,0.050005277777777746,0.13377654110547155,0
1924,187618,0,100,0.050005277777777746,0.19051556043326856,0
1925,187718,0,100,0.050005277777777746,0.13080206549260764,0
1926,187797,0.2889999999999999,79,0.050005277777777746,0.20603347358682864,1
1927,187897,0,100,0.050005277777777746,0.13820816396735608,0
1928,187997,0,100,0.050005277777777746,0.12185453691985458,0
1929,188097,0,100,0.050005277777777746,0.1690157130546868,0
1930,188197,0,100,0.050005277777777746,0.14232995333615692,0
1931,188297,0,100,0.050005277777777746,0.21922730940859764,0
1932,188397,0,100,0.050005277777777746,0.16333584278356283,0
1933,188497,0,100,0.050005277777777746,0.20147076189052313,0
1934,188597,0,100,0.050005277777777746,0.2017728060297668,0
1935,188697,0,100,0.050005277777777746,0.15704449385404587,0
1936,188797,0,100,0.050005277777777746,0.19302441268227993,0
1937,188897,0,100,0.050005277777777746,0.16907410945743323,0
1938,188997,0,100,0.050005277777777746,0.1768940154556185,0
1939,189097,0,100,0.050005277777777746,0.18927753628231586,0
1940,189197,0,100,0.050005277777777746,0.1128148746676743,0
1941,189297,0,100,0.050005277777777746,0.19152878785040228,0
1942,189397,0,100,0.050005277777777746,0.12646469722501932,0
1943,189497,0,100,0.050005277777777746,0.15694620717316865,0
1944,189597,0,100,0.050005277777777746,0.18503616254311056,0
1945,189697,0,100,0.050005277777777746,0.19754908840171992,0
1946,189797,0,100,0.050005277777777746,0.13277389068622142,0
1947,189897,0,100,0.050005277777777746,0.1809037180058658,0
1948,189997,0,100,0.050005277777777746,0.15119077931158245,0
1949,190097,0,100,0.050005277777777746,0.20820509610231966,0
1950,190197,0,100,0.050005277777777746,0.1799853767035529,0
1951,190297,0,100,0.050005277777777746,0.17190383023116737,0
1952,190397,0,100,0.050005277777777746,0.16871689328458161,0
1953,190497,0,100,0.050005277777777746,0.1987956780195236,0
1954,190597,0,100,0.050005277777777746,0.1805724817281589,0
1955,190697,0,100,0.050005277777777746,0.1473044890165329,0
1956,190797,0,100,0.050005277777777746,0.15408424366731197,0
1957,190897,0,100,0.050005277777777746,0.12661539348307996,0
1958,190997,0,100,0.050005277777777746,0.16156084042973817,0
1959,191097,0,100,0.050005277777777746,0.17652831308543682,0
1960,191197,0,100,0.050005277777777746,0.09906171938404441,0
1961,191297,0,100,0.050005277777777746,0.22043559197802096,0
1962,191397,0,100,0.050005277777777746,0.1435488140815869,0
1963,191497,0,100,0.050005277777777746,0.17406740029808135,0
1964,191597,0,100,0.050005277777777746,0.1987310310220346,0
1965,191697,0,100,0.050005277777777746,0.13216629875358193,0
1966,191797,0,100,0.050005277777777746,0.1998539155256003,0
1967,191897,0,100,0.050005277777777746,0.13706405024509877,0
1968,191997,0,100,0.050005277777777746,0.13505667571444063,0
1969,192097,0,100,0.050005277777777746,0.16086116780526935,0
1970,192197,0,100,0.050005277777777746,0.12336460360325872,0
1971,192297,0,100,0.050005277777777746,0.15688479506410657,0
1972,192397,0,100,0.050005277777777746,0.15324220918584616,0
1973,192497,0,100,0.050005277777777746,0.17623151931446046,0
1974,192597,0,100,0.050005277777777746,0.18616399609483777,0
1975,192697,0,100,0.050005277777777746,0.19178529561962931,0
1976,192797,0,100,0.050005277777777746,0.2012570941913873,0
1977,192897,0,100,0.050005277777777746,0.15721456096973271,0
1978,192997,0,100,0.050005277777777746,0.14630599801894278,0
1979,193097,0,100,0.050005277777777746,0.24680280493106693,0
1980,193197,0,100,0.050005277777777746,0.18838347905315458,0
1981,193297,0,100,0.050005277777777746,0.14538871438708156,0
1982,193397,0,100,0.050005277777777746,0.1818975219456479,0
1983,193497,0,100,0.050005277777777746,0.13688697499223054,0
1984,193597,0,100,0.050005277777777746,0.1937976718414575,0
1985,193697,0,100,0.050005277777777746,0.22916488429997117,0
1986,193797,0,100,0.050005277777777746,0.2237694310490042,0
1987,193897,0,100,0.050005277777777746,0.17765167338307947,0
1988,193997,0,100,0.050005277777777746,0.16708403502125294,0
1989,194097,0,100,0.050005277777777746,0.2255917679099366,0
1990,194197,0,100,0.050005277777777746,0.22670737754553558,0
1991,194297,0,100,0.050005277777777746,0.19287472365424038,0
1992,194397,0,100,0.050005277777777746,0.1988657527184114,0
1993,194497,0,100,0.050005277777777746,0.15008273552171886,0
1994,194597,0,100,0.050005277777777746,0.13525786662008613,0
1995,194697,0,100,0.050005277777777746,0.1839240350201726,0
1996,194797,0,100,0.050005277777777746,0.19850672151893378,0
1997,194897,0,100,0.050005277777777746,0.15391978759784253,0
1998,194997,0,100,0.050005277777777746,0.1380623376951553,0
1999,195052,0.5049999999999999,55,0.050005277777777746,0.3095564893362197,1
2000,195152,0,100,0.050005277777777746,0.131317150616087,0
2001,195252,0,100,0.050005277777777746,0.17938894736114888,0
2002,195352,0,100,0.050005277777777746,0.2276090255426243,0
2003,195452,0,100,0.050005277777777746,0.1468413936952129,0
2004,195552,0,100,0.050005277777777746,0.15139583379263058,0
2005,195652,0,100,0.050005277777777746,0.17073284429963678,0
2006,195752,0,100,0.050005277777777746,0.2218819705909118,0
2007,195852,0,100,0.050005277777777746,0.19041949001140893,0
2008,195952,0,100,0.050005277777777746,0.15501395484432579,0
2009,196052,0,100,0.050005277777777746,0.17952758869621901,0
2010,196152,0,100,0.050005277777777746,0.19984122373629362,0
2011,196252,0,100,0.050005277777777746,0.09992114832159132,0
2012,196352,0,100,0.050005277777777746,0.15510593676473947,0
2013,196452,0,100,0.050005277777777746,0.19997294498607515,0
2014,196552,0,100,0.050005277777777746,0.14273221164941788,0
2015,196652,0,100,0.050005277777777746,0.1563892886042595,0
2016,196752,0,100,0.050005277777777746,0.19041210889350624,0
2017,196852,0,100,0.050005277777777746,0.1718425275851041,0
2018,196952,0,100,0.050005277777777746,0.19418539135018364,0
2019,197052,0,100,0.050005277777777746,0.19740462824236601,0
2020,197152,0,100,0.050005277777777746,0.1535747354896739,0
2021,197252,0,100,0.050005277777777746,0.15291469927877188,0
2022,197352,0,100,0.050005277777777746,0.17897480548825115,0
2023,197452,0,100,0.050005277777777746,0.1959325905283913,0
2024,197552,0,100,0.050005277777777746,0.1538530064187944,0
2025,197652,0,100,0.050005277777777746,0.12490578350843862,0
2026,197752,0,100,0.050005277777777746,0.14853765074163675,0
2027,197852,0,100,0.050005277777777746,0.19165288005489856,0
2028,197952,0,100,0.050005277777777746,0.12668058244511485,0
2029,198052,0,100,0.050005277777777746,0.1354123754054308,0
2030,198152,0,100,0.050005277777777746,0.1429638748941943,0
2031,198252,0,100,0.050005277777777746,0.22216062385588883,0
2032,198352,0,100,0.050005277777777746,0.1997648474550806,0
2033,198452,0,100,0.050005277777777746,0.15950919516850262,0
2034,198552,0,100,0.050005277777777746,0.16179671324323863,0
2035,198652,0,100,0.050005277777777746,0.1946157249994576,0
2036,198752,0,100,0.050005277777777746,0.180295074689202,0
2037,198852,0,100,0.050005277777777746,0.2211905310349539,0
2038,198952,0,100,0.050005277777777746,0.1630431251041591,0
2039,199052,0,100,0.050005277777777746,0.15507232493255288,0
2040,199152,0,100,0.050005277777777746,0.2099683645227924,0
2041,199252,0,100,0.050005277777777746,0.1926760103320703,0
2042,199352,0,100,0.050005277777777746,0.21482846772763878,0
2043,199452,0,100,0.050005277777777746,0.20138674476649612,0
2044,199552,0,100,0.050005277777777746,0.15721992542035879,0
2045,199652,0,100,0.050005277777777746,0.17297024779953063,0
2046,199752,0,100,0.050005277777777746,0.2021676329523325,0
2047,199852,0,100,0.050005277777777746,0.14533071781974286,0
2048,199952,0,100,0.050005277777777746,0.1995718147791922,0
2049,200052,0,100,0.050005277777777746,0.14020395730389282,0
2050,200152,0,100,0.050005277777777746,0.2040038884105161,0
2051,200252,0,100,0.050005277777777746,0.15140502899885178,0
2052,200352,0,100,0.050005277777777746,0.1606727241841145,0
2053,200452,0,100,0.050005277777777746,0.1838958848733455,0
2054,200552,0,100,0.050005277777777746,0.21475099379196763,0
2055,200652,0,100,0.050005277777777746,0.20912705375812948,0
2056,200752,0,100,0.050005277777777746,0.16523272516205906,0
2057,200852,0,100,0.050005277777777746,0.2413655758742243,0
2058,200952,0,100,0.050005277777777746,0.1588551449403167,0
2059,201052,0,100,0.050005277777777746,0.12519380677957087,0
2060,201152,0,100,0.050005277777777746,0.25593675373122093,0
2061,201252,0,100,0.050005277777777746,0.1503759419452399,0
2062,201352,0,100,0.050005277777777746,0.14499032029416412,0
2063,201452,0,100,0.050005277777777746,0.16550470567308367,0
2064,201552,0,100,0.050005277777777746,0.17264475900679827,0
2065,201652,0,100,0.050005277777777746,0.18644075463991613,0
2066,201752,0,100,0.050005277777777746,0.1755059120012447,0
2067,201852,0,100,0.050005277777777746,0.2098306594742462,0
2068,201952,0,100,0.050005277777777746,0.15806605463847517,0
2069,202052,0,100,0.050005277777777746,0.16956748334225266,0
2070,202152,0,100,0.050005277777777746,0.21540150064975022,0
2071,202194,0.622,42,0.050005277777777746,0.25991360617003273,1
2072,202294,0,100,0.050005277777777746,0.11817219905089588,0
2073,202394,0,100,0.050005277777777746,0.19536451735068114,0
2074,202494,0,100,0.050005277777777746,0.1512200091034174,0
2075,202594,0,100,0.050005277777777746,0.20993985515087843,0
2076,202694,0,100,0.050005277777777746,0.17854783929651602,0
2077,202794,0,100,0.050005277777777746,0.16778359813150018,0
2078,202894,0,100,0.050005277777777746,0.19342414301354438,0
2079,202994,0,100,0.050005277777777746,0.21111739949323238,0
2080,203094,0,100,0.050005277777777746,0.1421687719458714,0
2081,203194,0,100,0.050005277777777746,0.18119823147542774,0
2082,203294,0,100,0.050005277777777746,0.22260742015205323,0
2083,203394,0,100,0.050005277777777746,0.15166682972572743,0
2084,203494,0,100,0.050005277777777746,0.2153700686758384,0
2085,203594,0,100,0.050005277777777746,0.20225351756904275,0
2086,203694,0,100,0.050005277777777746,0.21664097626227885,0
2087,203794,0,100,0.050005277777777746,0.1462178408494219,0
2088,203894,0,100,0.050005277777777746,0.17672400132752955,0
2089,203994,0,100,0.050005277777777746,0.14475056990748272,0
2090,204094,0,100,0.050005277777777746,0.23656369987409562,0
2091,204194,0,100,0.050005277777777746,0.23582806097343564,0
2092,204294,0,100,0.050005277777777746,0.25764817126560957,0
2093,204394,0,100,0.050005277777777746,0.14769131894223392,0
2094,204494,0,100,0.050005277777777746,0.1672601274214685,0
2095,204594,0,100,0.050005277777777746,0.18163058620877565,0
2096,204694,0,100,0.050005277777777746,0.1617751049110666,0
2097,204794,0,100,0.050005277777777746,0.19185058005154132,0
2098,204894,0,100,0.050005277777777746,0.16380744019523263,0
2099,204994,0,100,0.050005277777777746,0.20134109219070523,0
2100,205094,0,100,0.050005277777777746,0.19583068426232786,0
2101,205194,0,100,0.050005277777777746,0.22855354157276453,0
2102,205294,0,100,0.050005277777777746,0.13131478199269622,0
2103,205394,0,100,0.050005277777777746,0.2428678454598412,0
2104,205494,0,100,0.050005277777777746,0.14457265749108048,0
2105,205594,0,100,0.050005277777777746,0.20193564438493922,0
2106,205694,0,100,0.050005277777777746,0.14883260460803285,0
2107,205794,0,100,0.050005277777777746,0.2425957752019167,0
2108,205894,0,100,0.050005277777777746,0.19599471053108572,0
2109,205994,0,100,0.050005277777777746,0.2222145035676658,0
2110,206094,0,100,0.050005277777777746,0.24480972232762724,0
2111,206194,0,100,0.050005277777777746,0.24009829650633038,0
2112,206294,0,100,0.050005277777777746,0.1874351982306689,0
2113,206394,0,100,0.050005277777777746,0.21658753714058548,0
2114,206494,0,100,0.050005277777777746,0.21789400380570442,0
2115,206594,0,100,0.050005277777777746,0.11959079104941338,0
2116,206694,0,100,0.050005277777777746,0.1757816846994683,0
2117,206794,0,100,0.050005277777777746,0.1987723641609773,0
2118,206894,0,100,0.050005277777777746,0.21070021015126258,0
2119,206994,0,100,0.050005277777777746,0.2344978712219745,0
2120,207094,0,100,0.050005277777777746,0.17417503285687416,0
2121,207194,0,100,0.050005277777777746,0.21216899974271655,0
2122,207294,0,100,0.050005277777777746,0.21178211343940348,0
2123,207394,0,100,0.050005277777777746,0.2128321686666459,0
2124,207494,0,100,0.050005277777777746,0.22282976913731545,0
2125,207594,0,100,0.050005277777777746,0.20618801940698175,0
2126,207694,0,100,0.050005277777777746,0.2274425901565701,0
2127,207794,0,100,0.050005277777777746,0.19755029067862778,0
2128,207894,0,100,0.050005277777777746,0.18523951015202328,0
2129,207994,0,100,0.050005277777777746,0.20439755835570395,0
2130,208094,0,100,0.050005277777777746,0.20541817266028375,0
2131,208194,0,100,0.050005277777777746,0.17493880564114078,0
2132,208294,0,100,0.050005277777777746,0.17459504793863745,0
2133,208394,0,100,0.050005277777777746,0.23140693661756814,0
2134,208494,0,100,0.050005277777777746,0.2022279248945415,0
2135,208594,0,100,0.050005277777777746,0.13769671553745866,0
2136,208694,0,100,0.050005277777777746,0.18267866960726678,0
2137,208794,0,100,0.050005277777777746,0.20546180338831618,0
2138,208894,0,100,0.050005277777777746,0.16243013367522507,0
2139,208994,0,100,0.050005277777777746,0.18288302711211146,0
2140,209094,0,100,0.050005277777777746,0.19801476135849952,0
2141,209194,0,100,0.050005277777777746,0.22472939823754132,0
2142,209294,0,100,0.050005277777777746,0.2219836442102678,0
2143,209394,0,100,0.050005277777777746,0.2288933489844203,0
2144,209494,0,100,0.050005277777777746,0.22864755119662733,0
2145,209594,0,100,0.050005277777777746,0.17028784110676498,0
2146,209694,0,100,0.050005277777777746,0.2075515602203086,0
2147,209794,0,100,0.050005277777777746,0.26288266117218884,0
2148,209894,0,100,0.050005277777777746,0.23797726636985317,0
2149,209994,0,100,0.050005277777777746,0.12522284666076303,0
2150,210094,0,100,0.050005277777777746,0.21837465134449302,0
2151,210194,0,100,0.050005277777777746,0.26124949225224553,0
2152,210294,0,100,0.050005277777777746,0.24001494830008596,0
2153,210394,0,100,0.050005277777777746,0.24046201491262764,0
2154,210494,0,100,0.050005277777777746,0.18920479881344363,0
2155,210594,0,100,0.050005277777777746,0.22173779763281345,0
2156,210694,0,100,0.050005277777777746,0.23450396275147795,0
2157,210794,0,100,0.050005277777777746,0.15258461396209896,0
2158,210894,0,100,0.050005277777777746,0.2146984593011439,0
2159,210994,0,100,0.050005277777777746,0.19160420254804195,0
2160,211094,0,100,0.050005277777777746,0.1884624460618943,0
2161,211173,0.2889999999999999,79,0.050005277777777746,0.15678998513170814,1
2162,211273,0,100,0.050005277777777746,0.17153260140214116,0
2163,211373,0,100,0.050005277777777746,0.18464728138409556,0
2164,211473,0,100,0.050005277777777746,0.17223559719510376,0
2165,211573,0,100,0.050005277777777746,0.21776955848559737,0
2166,211673,0,100,0.050005277777777746,0.25184606093913314,0
2167,211773,0,100,0.050005277777777746,0.17323836028575898,0
2168,211873,0,100,0.050005277777777746,0.23696724176872522,0
2169,211973,0,100,0.050005277777777746,0.16243336808402092,0
2170,212073,0,100,0.050005277777777746,0.24814410919789226,0
2171,212173,0,100,0.050005277777777746,0.2052922438737005,0
2172,212273,0,100,0.050005277777777746,0.26330748277250676,0
2173,212353,0.2799999999999999,80,0.050005277777777746,0.28060651044361296,1
2174,212453,0,100,0.050005277777777746,0.2204715115367435,0
2175,212553,0,100,0.050005277777777746,0.208629298012238,0
2176,212653,0,100,0.050005277777777746,0.1597760919108987,0
2177,212753,0,100,0.050005277777777746,0.2917643760959618,0
2178,212853,0,100,0.050005277777777746,0.2098065874632448,0
2179,212953,0,100,0.050005277777777746,0.22262447697110474,0
2180,213053,0,100,0.050005277777777746,0.1406267120037228,0
2181,213153,0,100,0.050005277777777746,0.28488754482474177,0
2182,213253,0,100,0.050005277777777746,0.15406744831241667,0
2183,213353,0,100,0.050005277777777746,0.18706211319658905,0
2184,213453,0,100,0.050005277777777746,0.21533051549922674,0
2185,213553,0,100,0.050005277777777746,0.20217989047523588,0
2186,213653,0,100,0.050005277777777746,0.1586349883954972,0
2187,213753,0,100,0.050005277777777746,0.25898874333128336,0
2188,213827,0.33399999999999996,74,0.050005277777777746,0.24478044687468256,1
2189,213927,0,100,0.050005277777777746,0.26317055310122667,0
2190,214027,0,100,0.050005277777777746,0.22999386928975582,0
2191,214127,0,100,0.050005277777777746,0.1819393571699038,0
2192,214227,0,100,0.050005277777777746,0.26245648531243204,0
2193,214327,0,100,0.050005277777777746,0.20103066000621767,0
2194,214427,0,100,0.050005277777777746,0.3164952815277502,0
2195,214527,0,100,0.050005277777777746,0.23259933781577274,0
2196,214627,0,100,0.050005277777777746,0.257151268417947,0
2197,214727,0,100,0.050005277777777746,0.17894449195358902,0
2198,214827,0,100,0.050005277777777746,0.20914074851665646,0
2199,214927,0,100,0.050005277777777746,0.29960656800307334,0
2200,215027,0,100,0.050005277777777746,0.2901500362623483,0
2201,215127,0,100,0.050005277777777746,0.25436157802585513,0
2202,215227,0,100,0.050005277777777746,0.15184214431792498,0
2203,215327,0,100,0.050005277777777746,0.22550927676726132,0
2204,215427,0,100,0.050005277777777746,0.20283163907937707,0
2205,215527,0,100,0.050005277777777746,0.2009465392678976,0
2206,215627,0,100,0.050005277777777746,0.15251894287299364,0
2207,215675,0.5680000000000001,48,0.050005277777777746,0.14853904245925756,1
2208,215719,0.604,44,0.050005277777777746,0.20016781703188,1
2209,215804,0.235,85,0.050005277777777746,0.17191610824426307,1
2210,215904,0,100,0.050005277777777746,0.23912026398815214,0
2211,216004,0,100,0.050005277777777746,0.15513738819165154,0
2212,216104,0,100,0.050005277777777746,0.23184472512453794,0
2213,216204,0,100,0.050005277777777746,0.24110833148937671,0
2214,216304,0,100,0.050005277777777746,0.18933704433497042,0
2215,216404,0,100,0.050005277777777746,0.21239508561324327,0
2216,216504,0,100,0.050005277777777746,0.16610429221764206,0
2217,216604,0,100,0.050005277777777746,0.1954732926795259,0
2218,216704,0,100,0.050005277777777746,0.20805505053140222,0
2219,216804,0,100,0.050005277777777746,0.27120711010880766,0
2220,216904,0,100,0.050005277777777746,0.1630240763956681,0
2221,217004,0,100,0.050005277777777746,0.20627398159354926,0
2222,217104,0,100,0.050005277777777746,0.28250626707915216,0
2223,217204,0,100,0.050005277777777746,0.21190428209491075,0
2224,217304,0,100,0.050005277777777746,0.21405899037607015,0
2225,217404,0,100,0.050005277777777746,0.25397725655231623,0
2226,217504,0,100,0.050005277777777746,0.15388837677426637,0
2227,217604,0,100,0.050005277777777746,0.19786887436173856,0
2228,217704,0,100,0.050005277777777746,0.17252764090895653,0
2229,217804,0,100,0.050005277777777746,0.24618957196595148,0
2230,217904,0,100,0.050005277777777746,0.22653182876762,0
2231,218004,0,100,0.050005277777777746,0.2521713342610747,0
2232,218104,0,100,0.050005277777777746,0.2523913417104632,0
2233,218204,0,100,0.050005277777777746,0.25022431603632866,0
2234,218304,0,100,0.050005277777777746,0.26259831329807637,0
2235,218404,0,100,0.050005277777777746,0.20984956363681703,0
2236,218504,0,100,0.050005277777777746,0.18763220985420048,0
2237,218604,0,100,0.050005277777777746,0.22755578315351158,0
2238,218704,0,100,0.050005277777777746,0.276083158175461,0
2239,218804,0,100,0.050005277777777746,0.2406168573582545,0
2240,218904,0,100,0.050005277777777746,0.16840558598283678,0
2241,219004,0,100,0.050005277777777746,0.21668319455347956,0
2242,219045,0.631,41,0.050005277777777746,0.23383347022279008,1
2243,219145,0,100,0.050005277777777746,0.18824858499225228,0
2244,219245,0,100,0.050005277777777746,0.25493479282595216,0
2245,219345,0,100,0.050005277777777746,0.24523211534600706,0
2246,219445,0,100,0.050005277777777746,0.24358514870982617,0
2247,219545,0,100,0.050005277777777746,0.19716731006279586,0
2248,219645,0,100,0.050005277777777746,0.2691797306295484,0
2249,219745,0,100,0.050005277777777746,0.1625769868725911,0
2250,219845,0,100,0.050005277777777746,0.2794348474079743,0
2251,219945,0,100,0.050005277777777746,0.31546910679899154,0
2252,220045,0,100,0.050005277777777746,0.22423892891965808,0
2253,220145,0,100,0.050005277777777746,0.2794283426739275,0
2254,220245,0,100,0.050005277777777746,0.22725894155912102,0
2255,220345,0,100,0.050005277777777746,0.250736152944155,0
2256,220445,0,100,0.050005277777777746,0.1579296831972897,0
2257,220545,0,100,0.050005277777777746,0.24726186505518855,0
2258,220645,0,100,0.050005277777777746,0.20307932844385504,0
2259,220745,0,100,0.050005277777777746,0.2651189405936748,0
2260,220845,0,100,0.050005277777777746,0.25161785311996937,0
2261,220945,0,100,0.050005277777777746,0.20908603019081057,0
2262,221045,0,100,0.050005277777777746,0.2624961933260784,0
2263,221145,0,100,0.050005277777777746,0.18626676918473095,0
2264,221245,0,100,0.050005277777777746,0.25106248328462244,0
2265,221345,0,100,0.050005277777777746,0.17791905550751835,0
2266,221445,0,100,0.050005277777777746,0.20033087687101214,0
2267,221545,0,100,0.050005277777777746,0.20901043362449856,0
2268,221645,0,100,0.050005277777777746,0.22883294955361635,0
2269,221745,0,100,0.050005277777777746,0.20004134413786231,0
2270,221845,0,100,0.050005277777777746,0.19823775994125753,0
2271,221945,0,100,0.050005277777777746,0.15699541949667037,0
2272,222045,0,100,0.050005277777777746,0.21409119027666748,0
2273,222145,0,100,0.050005277777777746,0.2538487923378125,0
2274,222245,0,100,0.050005277777777746,0.23199342125561087,0
2275,222345,0,100,0.050005277777777746,0.24597175629809498,0
2276,222445,0,100,0.050005277777777746,0.19295612062327563,0
2277,222545,0,100,0.050005277777777746,0.255187719874084,0
2278,222645,0,100,0.050005277777777746,0.19288348037283867,0
2279,222745,0,100,0.050005277777777746,0.30240248397458347,0
2280,222845,0,100,0.050005277777777746,0.27654733847361057,0
2281,222945,0,100,0.050005277777777746,0.17273211949272083,0
2282,223045,0,100,0.050005277777777746,0.24271741529926658,0
2283,223145,0,100,0.050005277777777746,0.21273705966770648,0
2284,223245,0,100,0.050005277777777746,0.2635821565706283,0
2285,223345,0,100,0.050005277777777746,0.27385118962265553,0
2286,223445,0,100,0.050005277777777746,0.22935684777330606,0
2287,223545,0,100,0.050005277777777746,0.1960339632909745,0
2288,223645,0,100,0.050005277777777746,0.31433151096105577,0
2289,223745,0,100,0.050005277777777746,0.23158288727048784,0
2290,223845,0,100,0.050005277777777746,0.2564047761820257,0
2291,223945,0,100,0.050005277777777746,0.1276216803304851,0
2292,224045,0,100,0.050005277777777746,0.259444814263843,0
2293,224145,0,100,0.050005277777777746,0.2850379645358771,0
2294,224245,0,100,0.050005277777777746,0.2362651756638661,0
2295,224345,0,100,0.050005277777777746,0.22649560282472522,0
2296,224445,0,100,0.050005277777777746,0.20181229151785374,0
2297,224545,0,100,0.050005277777777746,0.2026811104407534,0
2298,224645,0,100,0.050005277777777746,0.2613048336096108,0
2299,224745,0,100,0.050005277777777746,0.2321632133796811,0
2300,224845,0,100,0.050005277777777746,0.1967185989697464,0
2301,224945,0,100,0.050005277777777746,0.1830939694540575,0
2302,225045,0,100,0.050005277777777746,0.20880696949549019,0
2303,225145,0,100,0.050005277777777746,0.22067585723008962,0
2304,225245,0,100,0.050005277777777746,0.19044961287174375,0
2305,225345,0,100,0.050005277777777746,0.21537662838585675,0
2306,225445,0,100,0.050005277777777746,0.2511366492975503,0
2307,225545,0,100,0.050005277777777746,0.38400324289686977,0
2308,225645,0,100,0.050005277777777746,0.24560243458487094,0
2309,225745,0,100,0.050005277777777746,0.22144608091097326,0
2310,225845,0,100,0.050005277777777746,0.3602945677516982,0
2311,225945,0,100,0.050005277777777746,0.25446477429475634,0
2312,226045,0,100,0.050005277777777746,0.24851721272803842,0
2313,226145,0,100,0.050005277777777746,0.2710884862439707,0
2314,226245,0,100,0.050005277777777746,0.2373203106573783,0
2315,226345,0,100,0.050005277777777746,0.17683772237971426,0
2316,226445,0,100,0.050005277777777746,0.18066929643508048,0
2317,226545,0,100,0.050005277777777746,0.1675862086424604,0
2318,226645,0,100,0.050005277777777746,0.2808454703306779,0
2319,226745,0,100,0.050005277777777746,0.2122785288421437,0
2320,226845,0,100,0.050005277777777746,0.23847556203603745,0
2321,226945,0,100,0.050005277777777746,0.34240598531905564,0
2322,227045,0,100,0.050005277777777746,0.21007648478262125,0
2323,227145,0,100,0.050005277777777746,0.23796592680737377,0
2324,227245,0,100,0.050005277777777746,0.27571742007508876,0
2325,227345,0,100,0.050005277777777746,0.3302946408698335,0
2326,227445,0,100,0.050005277777777746,0.199380016613286,0
2327,227545,0,100,0.050005277777777746,0.294346169042401,0
2328,227645,0,100,0.050005277777777746,0.20161169203929602,0
2329,227745,0,100,0.050005277777777746,0.19644853154197336,0
2330,227845,0,100,0.050005277777777746,0.23661511422367767,0
2331,227945,0,100,0.050005277777777746,0.25389607143355536,0
2332,228045,0,100,0.050005277777777746,0.2883555430872366,0
2333,228145,0,100,0.050005277777777746,0.2956099179433659,0
2334,228245,0,100,0.050005277777777746,0.2435822603991255,0
2335,228345,0,100,0.050005277777777746,0.23763673294335605,0
2336,228445,0,100,0.050005277777777746,0.23499676811974496,0
2337,228545,0,100,0.050005277777777746,0.29445953271351755,0
2338,228645,0,100,0.050005277777777746,0.2405782627919689,0
2339,228745,0,100,0.050005277777777746,0.24290909317322076,0
2340,228845,0,100,0.050005277777777746,0.21320611189119518,0
2341,228945,0,100,0.050005277777777746,0.2716928379284218,0
2342,229045,0,100,0.050005277777777746,0.19877128903288394,0
2343,229145,0,100,0.050005277777777746,0.25015992067754267,0
2344,229245,0,100,0.050005277777777746,0.26918569074478,0
2345,229345,0,100,0.050005277777777746,0.23804550104774536,0
2346,229445,0,100,0.050005277777777746,0.2666113712498918,0
2347,229545,0,100,0.050005277777777746,0.2863694693893194,0
2348,229645,0,100,0.050005277777777746,0.18996836848091334,0
2349,229745,0,100,0.050005277777777746,0.18554724507499487,0
2350,229845,0,100,0.050005277777777746,0.286553670745343,0
2351,229945,0,100,0.050005277777777746,0.2018410913529806,0
2352,230045,0,100,0.050005277777777746,0.27632775047793984,0
2353,230145,0,100,0.050005277777777746,0.2757744679087773,0
2354,230245,0,100,0.050005277777777746,0.39524770052637903,0
2355,230345,0,100,0.050005277777777746,0.1900617877021432,0
2356,230445,0,100,0.050005277777777746,0.22191637308802456,0
2357,230545,0,100,0.050005277777777746,0.19687275525648146,0
2358,230604,0.469,59,0.050005277777777746,0.22801735967208267,1
2359,230704,0,100,0.050005277777777746,0.2698485093703493,0
2360,230804,0,100,0.050005277777777746,0.2347812587954104,0
2361,230904,0,100,0.050005277777777746,0.18855144864879547,0
2362,231004,0,100,0.050005277777777746,0.21294271883554758,0
2363,231104,0,100,0.050005277777777746,0.3266163533413783,0
2364,231204,0,100,0.050005277777777746,0.3020478156255558,0
2365,231304,0,100,0.050005277777777746,0.30366146134678274,0
2366,231404,0,100,0.050005277777777746,0.16954736601095646,0
2367,231504,0,100,0.050005277777777746,0.2250692845089361,0
2368,231604,0,100,0.050005277777777746,0.22965698480606078,0
2369,231704,0,100,0.050005277777777746,0.30297909264918416,0
2370,231804,0,100,0.050005277777777746,0.35302428776863964,0
2371,231892,0.20799999999999996,88,0.050005277777777746,0.23510208930714394,1
2372,231992,0,100,0.050005277777777746,0.282357283285819,0
2373,232092,0,100,0.050005277777777746,0.21878340758848935,0
2374,232192,0,100,0.050005277777777746,0.27894258932210503,0
2375,232292,0,100,0.050005277777777746,0.31021624930668623,0
2376,232392,0,100,0.050005277777777746,0.1848660741560161,0
2377,232492,0,100,0.050005277777777746,0.25731136363931,0
2378,232592,0,100,0.050005277777777746,0.30106348101515323,0
2379,232692,0,100,0.050005277777777746,0.29424303080886605,0
2380,232792,0,100,0.050005277777777746,0.22896275376901032,0
2381,232841,0.5589999999999999,49,0.050005277777777746,0.19212037235574456,1
2382,232941,0,100,0.050005277777777746,0.27805813749320807,0
2383,233041,0,100,0.050005277777777746,0.26230128679424525,0
2384,233141,0,100,0.050005277777777746,0.27011157987639306,0
2385,233241,0,100,0.050005277777777746,0.2720498600322753,0
2386,233341,0,100,0.050005277777777746,0.2678421650454402,0
2387,233441,0,100,0.050005277777777746,0.26304353228770194,0
2388,233541,0,100,0.050005277777777746,0.21174415038898586,0
2389,233641,0,100,0.050005277777777746,0.2509110102104023,0
2390,233741,0,100,0.050005277777777746,0.2659033822407946,0
2391,233841,0,100,0.050005277777777746,0.32770724492613224,0
2392,233941,0,100,0.050005277777777746,0.240444748965092,0
2393,234041,0,100,0.050005277777777746,0.14667132034432143,0
2394,234141,0,100,0.050005277777777746,0.23212705267593264,0
2395,234241,0,100,0.050005277777777746,0.2858332679606974,0
2396,234341,0,100,0.050005277777777746,0.3581205791607499,0
2397,234441,0,100,0.050005277777777746,0.2956910168705508,0
2398,234541,0,100,0.050005277777777746,0.24557937633711846,0
2399,234641,0,100,0.050005277777777746,0.25191383209545165,0
2400,234741,0,100,0.050005277777777746,0.22109953224658965,0
2401,234841,0,100,0.050005277777777746,0.23223523467779159,0
2402,234941,0,100,0.050005277777777746,0.23284786558011547,0
2403,235041,0,100,0.050005277777777746,0.28358279323205354,0
2404,235141,0,100,0.050005277777777746,0.2647126415371895,0
2405,235241,0,100,0.050005277777777746,0.19139697986189275,0
2406,235341,0,100,0.050005277777777746,0.22325416158419104,0
2407,235441,0,100,0.050005277777777746,0.23826418411452324,0
2408,235541,0,100,0.050005277777777746,0.2196409065555781,0
2409,235641,0,100,0.050005277777777746,0.3368284426489845,0
2410,235741,0,100,0.050005277777777746,0.30361385378520933,0
2411,235841,0,100,0.050005277777777746,0.2617044907109812,0
2412,235941,0,100,0.050005277777777746,0.19577753733843564,0
2413,236041,0,100,0.050005277777777746,0.3123089616559446,0
2414,236141,0,100,0.050005277777777746,0.211361405774951,0
2415,236241,0,100,0.050005277777777746,0.27007740444503725,0
2416,236341,0,100,0.050005277777777746,0.30280637717805803,0
2417,236441,0,100,0.050005277777777746,0.2621770724700764,0
2418,236541,0,100,0.050005277777777746,0.2785989606566727,0
2419,236641,0,100,0.050005277777777746,0.3334594274871051,0
2420,236741,0,100,0.050005277777777746,0.19822204510448502,0
2421,236841,0,100,0.050005277777777746,0.22300970408134163,0
2422,236941,0,100,0.050005277777777746,0.30097146091517063,0
2423,237041,0,100,0.050005277777777746,0.266396701852791,0
2424,237141,0,100,0.050005277777777746,0.2717901183897629,0
2425,237241,0,100,0.050005277777777746,0.27430136286187917,0
2426,237341,0,100,0.050005277777777746,0.2585894255060703,0
2427,237441,0,100,0.050005277777777746,0.24758355206344276,0
2428,237541,0,100,0.050005277777777746,0.3805619851523079,0
2429,237641,0,100,0.050005277777777746,0.3000458900909871,0
2430,237741,0,100,0.050005277777777746,0.2809808524185792,0
2431,237841,0,100,0.050005277777777746,0.2056098141660914,0
2432,237941,0,100,0.050005277777777746,0.1959029533015564,0
2433,238041,0,100,0.050005277777777746,0.34334745284635576,0
2434,238141,0,100,0.050005277777777746,0.29026869757566603,0
2435,238241,0,100,0.050005277777777746,0.24837944140657783,0
2436,238341,0,100,0.050005277777777746,0.24434641519095748,0
2437,238441,0,100,0.050005277777777746,0.2251628902181983,0
2438,238541,0,100,0.050005277777777746,0.21438811955042184,0
2439,238641,0,100,0.050005277777777746,0.26082579788286236,0
2440,238741,0,100,0.050005277777777746,0.30129054192453625,0
2441,238841,0,100,0.050005277777777746,0.3047298306459561,0
2442,238941,0,100,0.050005277777777746,0.29945420230040326,0
2443,239041,0,100,0.050005277777777746,0.24671070535201578,0
2444,239141,0,100,0.050005277777777746,0.30938809460494665,0
2445,239241,0,100,0.050005277777777746,0.22456058794166892,0
2446,239341,0,100,0.050005277777777746,0.23769249099772424,0
2447,239441,0,100,0.050005277777777746,0.21883532956708224,0
2448,239541,0,100,0.050005277777777746,0.27749730934388933,0
2449,239641,0,100,0.050005277777777746,0.21117172933183612,0
2450,239741,0,100,0.050005277777777746,0.255400958545506,0
2451,239841,0,100,0.050005277777777746,0.26831765212584285,0
2452,239941,0,100,0.050005277777777746,0.24284518738277255,0
2453,240041,0,100,0.050005277777777746,0.2405822673952207,0
2454,240141,0,100,0.050005277777777746,0.29168135203421114,0
2455,240192,0.5409999999999999,51,0.050005277777777746,0.28075950631104846,1
2456,240292,0,100,0.050005277777777746,0.2985050945030525,0
2457,240392,0,100,0.050005277777777746,0.2678373068291694,0
2458,240492,0,100,0.050005277777777746,0.278217157702893,0
2459,240592,0,100,0.050005277777777746,0.27763749384321273,0
2460,240692,0,100,0.050005277777777746,0.23094706606585533,0
2461,240792,0,100,0.050005277777777746,0.23599111081566662,0
2462,240892,0,100,0.050005277777777746,0.27893248545005916,0
2463,240992,0,100,0.050005277777777746,0.28353581132832917,0
2464,241092,0,100,0.050005277777777746,0.2891479868022725,0
2465,241192,0,100,0.050005277777777746,0.26339169973973187,0
2466,241292,0,100,0.050005277777777746,0.2738452561572194,0
2467,241392,0,100,0.050005277777777746,0.23100609448272735,0
2468,241492,0,100,0.050005277777777746,0.29192287374753506,0
2469,241592,0,100,0.050005277777777746,0.3071897652884945,0
2470,241692,0,100,0.050005277777777746,0.346338026933372,0
2471,241792,0,100,0.050005277777777746,0.27175729888491335,0
2472,241892,0,100,0.050005277777777746,0.28915892880875615,0
2473,241992,0,100,0.050005277777777746,0.262268441170454,0
2474,242092,0,100,0.050005277777777746,0.25391540944576263,0
2475,242192,0,100,0.050005277777777746,0.2188287130696699,0
2476,242292,0,100,0.050005277777777746,0.28616711410693824,0
2477,242392,0,100,0.050005277777777746,0.2194110156595707,0
2478,242492,0,100,0.050005277777777746,0.20160584371536971,0
2479,242592,0,100,0.050005277777777746,0.3144625861989334,0
2480,242692,0,100,0.050005277777777746,0.2241186930751428,0
2481,242792,0,100,0.050005277777777746,0.3596080427151173,0
2482,242892,0,100,0.050005277777777746,0.256624886598438,0
2483,242992,0,100,0.050005277777777746,0.28061637974577025,0
2484,243092,0,100,0.050005277777777746,0.22540588605217635,0
2485,243192,0,100,0.050005277777777746,0.2721531613031402,0
2486,243292,0,100,0.050005277777777746,0.2972258809674531,0
2487,243392,0,100,0.050005277777777746,0.2863008192135021,0
2488,243492,0,100,0.050005277777777746,0.32494712658924985,0
2489,243592,0,100,0.050005277777777746,0.22233525855466724,0
2490,243692,0,100,0.050005277777777746,0.3621969110285863,0
2491,243792,0,100,0.050005277777777746,0.22715767875313758,0
2492,243892,0,100,0.050005277777777746,0.17422678884118795,0
2493,243992,0,100,0.050005277777777746,0.23623211242025718,0
2494,244092,0,100,0.050005277777777746,0.2508069164631888,0
2495,244192,0,100,0.050005277777777746,0.26192684470675887,0
2496,244292,0,100,0.050005277777777746,0.36656302102375776,0
2497,244392,0,100,0.050005277777777746,0.305124609679915,0
2498,244492,0,100,0.050005277777777746,0.2442635584832169,0
2499,244592,0,100,0.050005277777777746,0.2580408542905934,0
2500,244692,0,100,0.050005277777777746,0.2915894210757688,0
2501,244792,0,100,0.050005277777777746,0.3103956190031022,0
2502,244892,0,100,0.050005277777777746,0.20559896306367592,0
2503,244992,0,100,0.050005277777777746,0.2355876516411081,0
2504,245092,0,100,0.050005277777777746,0.30511948278639467,0
2505,245192,0,100,0.050005277777777746,0.25171130334027114,0
2506,245292,0,100,0.050005277777777746,0.24205910096410663,0
2507,245392,0,100,0.050005277777777746,0.3370215193973854,0
2508,245492,0,100,0.050005277777777746,0.27223841424100104,0
2509,245592,0,100,0.050005277777777746,0.29287599510047585,0
2510,245692,0,100,0.050005277777777746,0.28547717397566885,0
2511,245792,0,100,0.050005277777777746,0.2754574892204255,0
2512,245892,0,100,0.050005277777777746,0.17975642696022986,0
2513,245992,0,100,0.050005277777777746,0.37904479305725547,0
2514,246092,0,100,0.050005277777777746,0.2446898252516985,0
2515,246192,0,100,0.050005277777777746,0.20763693631393834,0
2516,246292,0,100,0.050005277777777746,0.3462134591024369,0
2517,246392,0,100,0.050005277777777746,0.2062570113968104,0
2518,246492,0,100,0.050005277777777746,0.1664917052164674,0
2519,246592,0,100,0.050005277777777746,0.25797891556285324,0
2520,246692,0,100,0.050005277777777746,0.3131911120610312,0
2521,246792,0,100,0.050005277777777746,0.31738074582070114,0
2522,246892,0,100,0.050005277777777746,0.16737002038396895,0
2523,246992,0,100,0.050005277777777746,0.31134970205836,0
2524,247092,0,100,0.050005277777777746,0.34999565487261863,0
2525,247192,0,100,0.050005277777777746,0.2108569577243179,0
2526,247292,0,100,0.050005277777777746,0.3336572298640385,0
2527,247392,0,100,0.050005277777777746,0.2776894246949814,0
2528,247492,0,100,0.050005277777777746,0.42650925092864783,0
2529,247592,0,100,0.050005277777777746,0.2208796559041366,0
2530,247692,0,100,0.050005277777777746,0.22525161064229907,0
2531,247752,0.45999999999999996,60,0.050005277777777746,0.17780770095220458,1
2532,247852,0,100,0.050005277777777746,0.2270694052008912,0
2533,247952,0,100,0.050005277777777746,0.2856824445584789,0
2534,248052,0,100,0.050005277777777746,0.27844969139434395,0
2535,248152,0,100,0.050005277777777746,0.2717999060405418,0
2536,248252,0,100,0.050005277777777746,0.35654256023000924,0
2537,248352,0,100,0.050005277777777746,0.2979708216432482,0
2538,248452,0,100,0.050005277777777746,0.23919930022675545,0
2539,248552,0,100,0.050005277777777746,0.23613293725065887,0
2540,248652,0,100,0.050005277777777746,0.2825321483751759,0
2541,248752,0,100,0.050005277777777746,0.21041093907319008,0
2542,248852,0,100,0.050005277777777746,0.2934119527414441,0
2543,248952,0,100,0.050005277777777746,0.27336277657188474,0
2544,249052,0,100,0.050005277777777746,0.419177035856992,0
2545,249152,0,100,0.050005277777777746,0.31932352419942617,0
2546,249252,0,100,0.050005277777777746,0.27892721607349813,0
2547,249352,0,100,0.050005277777777746,0.30551372974645347,0
2548,249452,0,100,0.050005277777777746,0.21580002433620393,0
2549,249552,0,100,0.050005277777777746,0.17002480498980732,0
2550,249652,0,100,0.050005277777777746,0.2610228166403249,0
2551,249752,0,100,0.050005277777777746,0.23124526792671532,0
2552,249852,0,100,0.050005277777777746,0.2595256628305651,0
2553,249952,0,100,0.050005277777777746,0.30297174262814225,0
2554,250052,0,100,0.050005277777777746,0.2932012315839529,0
2555,250152,0,100,0.050005277777777746,0.34532256949692963,0
2556,250252,0,100,0.050005277777777746,0.23038859744556248,0
2557,250352,0,100,0.050005277777777746,0.2203277179552242,0
2558,250452,0,100,0.050005277777777746,0.26663300082087515,0
2559,250552,0,100,0.050005277777777746,0.30844489510403944,0
2560,250652,0,100,0.050005277777777746,0.22076978333760053,0
2561,250752,0,100,0.050005277777777746,0.33146671575959774,0
2562,250852,0,100,0.050005277777777746,0.22909560138592497,0
2563,250952,0,100,0.050005277777777746,0.2876625109696761,0
2564,251052,0,100,0.050005277777777746,0.2595443793945014,0
2565,251152,0,100,0.050005277777777746,0.29868941122666004,0
2566,251252,0,100,0.050005277777777746,0.20600401011295616,0
2567,251352,0,100,0.050005277777777746,0.3130794295901433,0
2568,251452,0,100,0.050005277777777746,0.2872096910653636,0
2569,251552,0,100,0.050005277777777746,0.33227820361731575,0
2570,251652,0,100,0.050005277777777746,0.24992708910256625,0
2571,251752,0,100,0.050005277777777746,0.2045059007173404,0
2572,251852,0,100,0.050005277777777746,0.26719930531457065,0
2573,251952,0,100,0.050005277777777746,0.2762746317521669,0
2574,252052,0,100,0.050005277777777746,0.2531034316122532,0
2575,252152,0,100,0.050005277777777746,0.2900719274347648,0
2576,252252,0,100,0.050005277777777746,0.3275965156359598,0
2577,252352,0,100,0.050005277777777746,0.32210460227914156,0
2578,252452,0,100,0.050005277777777746,0.3376258557080291,0
2579,252552,0,100,0.050005277777777746,0.24850376891437917,0
2580,252652,0,100,0.050005277777777746,0.3088096869410947,0
2581,252752,0,100,0.050005277777777746,0.3516519167413935,0
2582,252852,0,100,0.050005277777777746,0.2588928758143447,0
2583,252952,0.09999999999999998,100,0.050005277777777746,0.36192016625544055,1
2584,253052,0,100,0.050005277777777746,0.28315388769377026,0
2585,253152,0,100,0.050005277777777746,0.29482662357389927,0
2586,253252,0,100,0.050005277777777746,0.24466749586630612,0
2587,253352,0,100,0.050005277777777746,0.36024265534244476,0
2588,253452,0,100,0.050005277777777746,0.3596718315687031,0
2589,253552,0,100,0.050005277777777746,0.2285551598062739,0
2590,253652,0,100,0.050005277777777746,0.30453996986150744,0
2591,253752,0,100,0.050005277777777746,0.2615975708467886,0
2592,253852,0,100,0.050005277777777746,0.27387320533627646,0
2593,253952,0,100,0.050005277777777746,0.22889211441390217,0
2594,254052,0,100,0.050005277777777746,0.3217983950441703,0
2595,254152,0,100,0.050005277777777746,0.3501814505504444,0
2596,254252,0,100,0.050005277777777746,0.28528265049215407,0
2597,254352,0,100,0.050005277777777746,0.22061396301724018,0
2598,254404,0.532,52,0.050005277777777746,0.3234755903697358,1
2599,254504,0,100,0.050005277777777746,0.24451722899917513,0
2600,254604,0,100,0.050005277777777746,0.2618102621519938,0
2601,254704,0,100,0.050005277777777746,0.29680872160941363,0
2602,254804,0,100,0.050005277777777746,0.22149872465524822,0
2603,254904,0,100,0.050005277777777746,0.1420374822570011,0
2604,254952,0.5680000000000001,48,0.050005277777777746,0.2386544948191537,1
2605,255052,0,100,0.050005277777777746,0.2129577408870682,0
2606,255152,0,100,0.050005277777777746,0.26488059616647663,0
2607,255252,0,100,0.050005277777777746,0.20614512322470546,0
2608,255352,0,100,0.050005277777777746,0.2621927561610937,0
2609,255452,0,100,0.050005277777777746,0.36511172825004906,0
2610,255552,0,100,0.050005277777777746,0.2597855505673215,0
2611,255652,0,100,0.050005277777777746,0.2818588862847537,0
2612,255752,0,100,0.050005277777777746,0.16943573125405237,0
2613,255852,0,100,0.050005277777777746,0.300308737824671,0
2614,255952,0,100,0.050005277777777746,0.28516155981691554,0
2615,256052,0,100,0.050005277777777746,0.18628020425792782,0
2616,256152,0,100,0.050005277777777746,0.2868172688782215,0
2617,256252,0,100,0.050005277777777746,0.33498505669180306,0
2618,256352,0,100,0.050005277777777746,0.35380431327503176,0
2619,256452,0,100,0.050005277777777746,0.21724289969075472,0
2620,256552,0,100,0.050005277777777746,0.23707475585164503,0
2621,256652,0,100,0.050005277777777746,0.2646182376611978,0
2622,256752,0,100,0.050005277777777746,0.2902438010647893,0
2623,256852,0,100,0.050005277777777746,0.3311187453521416,0
2624,256952,0,100,0.050005277777777746,0.22177724632201717,0
2625,257052,0,100,0.050005277777777746,0.2712610825477168,0
2626,257152,0,100,0.050005277777777746,0.2620562121365219,0
2627,257252,0,100,0.050005277777777746,0.31251254259143024,0
2628,257352,0,100,0.050005277777777746,0.35295083386357873,0
2629,257452,0,100,0.050005277777777746,0.3383694116026163,0
2630,257552,0,100,0.050005277777777746,0.25216063324827703,0
2631,257652,0,100,0.050005277777777746,0.2930981347709894,0
2632,257752,0,100,0.050005277777777746,0.36791764365741986,0
2633,257852,0,100,0.050005277777777746,0.3023204875830561,0
2634,257952,0,100,0.050005277777777746,0.19527596893254667,0
2635,258052,0,100,0.050005277777777746,0.3004325431259349,0
2636,258152,0,100,0.050005277777777746,0.25851171286776664,0
2637,258252,0,100,0.050005277777777746,0.18632067567436025,0
2638,258352,0,100,0.050005277777777746,0.21828193233115598,0
2639,258452,0,100,0.050005277777777746,0.2754813830414787,0
2640,258552,0,100,0.050005277777777746,0.3011362260952592,0
2641,258652,0,100,0.050005277777777746,0.2807193910656497,0
2642,258752,0,100,0.050005277777777746,0.2040034319437109,0
2643,258852,0,100,0.050005277777777746,0.18638127245008945,0
2644,258952,0,100,0.050005277777777746,0.2002089440729469,0
2645,259052,0,100,0.050005277777777746,0.21206438327673824,0
2646,259152,0,100,0.050005277777777746,0.31677962688961997,0
2647,259252,0,100,0.050005277777777746,0.22567357434425503,0
2648,259352,0,100,0.050005277777777746,0.2251464342372492,0
2649,259452,0,100,0.050005277777777746,0.2645774420397356,0
2650,259552,0,100,0.050005277777777746,0.25597389560192824,0
2651,259652,0,100,0.050005277777777746,0.2891296198265627,0
2652,259752,0,100,0.050005277777777746,0.27062746708747,0
2653,259852,0,100,0.050005277777777746,0.18188921274384484,0
2654,259952,0,100,0.050005277777777746,0.25382266361964867,0
2655,260052,0,100,0.050005277777777746,0.21980417497456073,0
2656,260152,0,100,0.050005277777777746,0.27940447714179756,0
2657,260252,0,100,0.050005277777777746,0.2462989273108542,0
2658,260352,0,100,0.050005277777777746,0.203986640307121,0
2659,260452,0,100,0.050005277777777746,0.22282327588414774,0
2660,260552,0,100,0.050005277777777746,0.31799867754103617,0
2661,260652,0,100,0.050005277777777746,0.19198308320716023,0
2662,260681,0.739,29,0.050005277777777746,0.22385087053708988,1
2663,260781,0,100,0.050005277777777746,0.3069886797107756,0
2664,260881,0,100,0.050005277777777746,0.19587092784233393,0
2665,260981,0,100,0.050005277777777746,0.18511937400326134,0
2666,261081,0,100,0.050005277777777746,0.2767456097854301,0
2667,261181,0,100,0.050005277777777746,0.23007500012870877,0
2668,261281,0,100,0.050005277777777746,0.27678348374087364,0
2669,261381,0,100,0.050005277777777746,0.24628104066941886,0
2670,261481,0,100,0.050005277777777746,0.30744216649327427,0
2671,261581,0,100,0.050005277777777746,0.23640313058858736,0
2672,261681,0,100,0.050005277777777746,0.27610843705479055,0
2673,261781,0,100,0.050005277777777746,0.2929251287248917,0
2674,261874,0.16299999999999992,93,0.050005277777777746,0.2530217884854484,1
2675,261974,0,100,0.050005277777777746,0.1747709939163178,0
2676,262074,0,100,0.050005277777777746,0.2704027382191271,0
2677,262174,0,100,0.050005277777777746,0.3653344708122313,0
2678,262274,0,100,0.050005277777777746,0.22185053625144063,0
2679,262361,0.21699999999999997,87,0.050005277777777746,0.3653209520846434,1
2680,262461,0,100,0.050005277777777746,0.21616838476853445,0
2681,262561,0,100,0.050005277777777746,0.25242951173800976,0
2682,262661,0,100,0.050005277777777746,0.13545179317938164,0
2683,262761,0,100,0.050005277777777746,0.29110634107142686,0
2684,262861,0,100,0.050005277777777746,0.20525594608858228,0
2685,262961,0,100,0.050005277777777746,0.25229032451286915,0
2686,263061,0,100,0.050005277777777746,0.26489755804883314,0
2687,263161,0,100,0.050005277777777746,0.3315338580682874,0
2688,263261,0,100,0.050005277777777746,0.28805478926748035,0
2689,263361,0,100,0.050005277777777746,0.29986074442509564,0
2690,263461,0,100,0.050005277777777746,0.27574627977330235,0
2691,263561,0,100,0.050005277777777746,0.28327251927228647,0
2692,263661,0,100,0.050005277777777746,0.2624030740046874,0
2693,263761,0,100,0.050005277777777746,0.20426031545735895,0
2694,263861,0,100,0.050005277777777746,0.23004893893841655,0
2695,263961,0,100,0.050005277777777746,0.3137196642160416,0
2696,264061,0,100,0.050005277777777746,0.293719744537957,0
2697,264161,0,100,0.050005277777777746,0.2211239060247317,0
2698,264261,0,100,0.050005277777777746,0.3384433056158014,0
2699,264361,0,100,0.050005277777777746,0.2504905077535659,0
2700,264461,0,100,0.050005277777777746,0.2643486003903672,0
2701,264561,0,100,0.050005277777777746,0.2700230462709442,0
2702,264661,0,100,0.050005277777777746,0.2979132554051466,0
2703,264761,0,100,0.050005277777777746,0.22143717527156695,0
2704,264861,0,100,0.050005277777777746,0.24752703229663894,0
2705,264961,0,100,0.050005277777777746,0.23337791363475843,0
2706,265061,0,100,0.050005277777777746,0.2622612248361111,0
2707,265161,0,100,0.050005277777777746,0.27568343890598046,0
2708,265261,0,100,0.050005277777777746,0.31467581312172116,0
2709,265361,0,100,0.050005277777777746,0.2866153471637517,0
2710,265461,0,100,0.050005277777777746,0.266816708301194,0
2711,265561,0,100,0.050005277777777746,0.2336917490977794,0
2712,265661,0,100,0.050005277777777746,0.2523497276799753,0
2713,265761,0,100,0.050005277777777746,0.2614478555391543,0
2714,265861,0,100,0.050005277777777746,0.22004760618554428,0
2715,265961,0,100,0.050005277777777746,0.2407165686786175,0
2716,266061,0,100,0.050005277777777746,0.23375966060440986,0
2717,266161,0,100,0.050005277777777746,0.28409493739483876,0
2718,266261,0,100,0.050005277777777746,0.35471912917215376,0
2719,266361,0,100,0.050005277777777746,0.23130295130424203,0
2720,266461,0,100,0.050005277777777746,0.27049115841742605,0
2721,266561,0,100,0.050005277777777746,0.2262721631862223,0
2722,266661,0,100,0.050005277777777746,0.26545538290869447,0
2723,266761,0,100,0.050005277777777746,0.31165395583491773,0
2724,266861,0,100,0.050005277777777746,0.23960920113138853,0
2725,266961,0,100,0.050005277777777746,0.21427113443613052,0
2726,267061,0,100,0.050005277777777746,0.31099267277866605,0
2727,267161,0,100,0.050005277777777746,0.29586473069153724,0
2728,267261,0,100,0.050005277777777746,0.3051383277890272,0
2729,267361,0,100,0.050005277777777746,0.24750433527166024,0
2730,267461,0,100,0.050005277777777746,0.27940624678274617,0
2731,267561,0,100,0.050005277777777746,0.24186118663055822,0
2732,267661,0,100,0.050005277777777746,0.25770909899612887,0
2733,267761,0,100,0.050005277777777746,0.2961973310122266,0
2734,267861,0,100,0.050005277777777746,0.2814134257566184,0
2735,267961,0,100,0.050005277777777746,0.27787952644284813,0
2736,268061,0,100,0.050005277777777746,0.2505595894530416,0
2737,268161,0,100,0.050005277777777746,0.3309104788629338,0
2738,268261,0,100,0.050005277777777746,0.2976593603938818,0
2739,268361,0,100,0.050005277777777746,0.4406413633702323,0
2740,268461,0,100,0.050005277777777746,0.27530614149058236,0
2741,268561,0,100,0.050005277777777746,0.25806961179245264,0
2742,268661,0,100,0.050005277777777746,0.30532816471066326,0
2743,268761,0,100,0.050005277777777746,0.29814360414166,0
2744,268861,0,100,0.050005277777777746,0.24029060442000627,0
2745,268961,0,100,0.050005277777777746,0.15266971366479992,0
2746,269061,0,100,0.050005277777777746,0.25874489134177564,0
2747,269161,0,100,0.050005277777777746,0.26806618212256583,0
2748,269261,0,100,0.050005277777777746,0.2970777635322884,0
2749,269361,0,100,0.050005277777777746,0.3218794703297317,0
2750,269461,0,100,0.050005277777777746,0.30584545571822674,0
2751,269561,0,100,0.050005277777777746,0.2746854959358461,0
2752,269661,0,100,0.050005277777777746,0.22478298778645694,0
2753,269761,0,100,0.050005277777777746,0.2285830726288259,0
2754,269861,0,100,0.050005277777777746,0.22554639518726616,0
2755,269961,0,100,0.050005277777777746,0.2220119710173458,0
2756,270061,0,100,0.050005277777777746,0.22976218550931662,0
2757,270161,0,100,0.050005277777777746,0.2420837246440351,0
2758,270261,0,100,0.050005277777777746,0.25274356480687854,0
2759,270361,0,100,0.050005277777777746,0.26159825301496314,0
2760,270461,0,100,0.050005277777777746,0.23662488794885575,0
2761,270561,0,100,0.050005277777777746,0.29928873833734543,0
2762,270661,0,100,0.050005277777777746,0.35522029123734683,0
2763,270761,0,100,0.050005277777777746,0.28435239613289015,0
2764,270861,0,100,0.050005277777777746,0.19780025233747436,0
2765,270961,0,100,0.050005277777777746,0.24096677369438113,0
2766,271061,0,100,0.050005277777777746,0.31222678018733857,0
2767,271161,0,100,0.050005277777777746,0.2129238397930749,0
2768,271261,0,100,0.050005277777777746,0.2332983922539279,0
2769,271361,0,100,0.050005277777777746,0.27098954011686144,0
2770,271461,0,100,0.050005277777777746,0.19855854547582566,0
2771,271561,0,100,0.050005277777777746,0.32783878814894707,0
2772,271661,0,100,0.050005277777777746,0.24376411542063578,0
2773,271761,0,100,0.050005277777777746,0.27305601860396567,0
2774,271861,0,100,0.050005277777777746,0.28621929566841575,0
2775,271961,0,100,0.050005277777777746,0.27713754054158923,0
2776,272061,0,100,0.050005277777777746,0.3073503074934706,0
2777,272161,0,100,0.050005277777777746,0.21790003164671362,0
2778,272261,0,100,0.050005277777777746,0.21136217867489904,0
2779,272361,0,100,0.050005277777777746,0.2815569879580289,0
2780,272461,0,100,0.050005277777777746,0.18955857264343648,0
2781,272561,0,100,0.050005277777777746,0.30364423687104136,0
2782,272661,0,100,0.050005277777777746,0.284926245380193,0
2783,272761,0,100,0.050005277777777746,0.29605699457228185,0
2784,272861,0,100,0.050005277777777746,0.21300051220459865,0
2785,272961,0,100,0.050005277777777746,0.31587569708470253,0
2786,273061,0,100,0.050005277777777746,0.33690505087841305,0
2787,273161,0,100,0.050005277777777746,0.3259604794206098,0
2788,273261,0,100,0.050005277777777746,0.2104474606923759,0
2789,273361,0,100,0.050005277777777746,0.37564352952875196,0
2790,273461,0,100,0.050005277777777746,0.2264289911137894,0
2791,273561,0,100,0.050005277777777746,0.3306210067193024,0
2792,273661,0,100,0.050005277777777746,0.19736991916550323,0
2793,273761,0,100,0.050005277777777746,0.32656282930634917,0
2794,273861,0,100,0.050005277777777746,0.22403207525610924,0
2795,273961,0,100,0.050005277777777746,0.23773843518225476,0
2796,274061,0,100,0.050005277777777746,0.3290349039575085,0
2797,274161,0,100,0.050005277777777746,0.24323160459287466,0
2798,274261,0,100,0.050005277777777746,0.2581150192953646,0
2799,274361,0,100,0.050005277777777746,0.22413002657238393,0
2800,274461,0,100,0.050005277777777746,0.25432240662164984,0
2801,274561,0,100,0.050005277777777746,0.1465092429658398,0
2802,274661,0,100,0.050005277777777746,0.1714740438060835,0
2803,274761,0,100,0.050005277777777746,0.248490729581099,0
2804,274861,0,100,0.050005277777777746,0.2277572433068417,0
2805,274961,0,100,0.050005277777777746,0.2856186297861859,0
2806,275061,0,100,0.050005277777777746,0.3011477925162762,0
2807,275161,0,100,0.050005277777777746,0.19416833475232123,0
2808,275261,0,100,0.050005277777777746,0.26067051240010186,0
2809,275361,0,100,0.050005277777777746,0.19241763379657642,0
2810,275461,0,100,0.050005277777777746,0.27997592275496574,0
2811,275561,0,100,0.050005277777777746,0.24315270746592432,0
2812,275661,0,100,0.050005277777777746,0.24020575761329382,0
2813,275761,0,100,0.050005277777777746,0.288563551704865,0
2814,275861,0,100,0.050005277777777746,0.24539622087031604,0
2815,275961,0,100,0.050005277777777746,0.2656724547268823,0
2816,276061,0,100,0.050005277777777746,0.24185896687209607,0
2817,276161,0,100,0.050005277777777746,0.20894273588899523,0
2818,276261,0,100,0.050005277777777746,0.23837912175804377,0
2819,276361,0,100,0.050005277777777746,0.25937649318017064,0
2820,276461,0,100,0.050005277777777746,0.2575004953611642,0
2821,276561,0,100,0.050005277777777746,0.2582912486884743,0
2822,276661,0,100,0.050005277777777746,0.2840712637268007,0
2823,276761,0,100,0.050005277777777746,0.2608716028672643,0
2824,276861,0,100,0.050005277777777746,0.25736185266869144,0
2825,276961,0,100,0.050005277777777746,0.29757415225263684,0
2826,277061,0,100,0.050005277777777746,0.23302269272040577,0
2827,277161,0,100,0.050005277777777746,0.23640551386401057,0
2828,277261,0,100,0.050005277777777746,0.19940086051123218,0
2829,277361,0,100,0.050005277777777746,0.18648778303992003,0
2830,277461,0,100,0.050005277777777746,0.31074123343685645,0
2831,277561,0,100,0.050005277777777746,0.23561357208993286,0
2832,277661,0,100,0.050005277777777746,0.2769898832426406,0
2833,277761,0,100,0.050005277777777746,0.20052455267636105,0
2834,277861,0,100,0.050005277777777746,0.19969223939813674,0
2835,277961,0,100,0.050005277777777746,0.262812274005264,0
2836,278061,0,100,0.050005277777777746,0.23096173794008792,0
2837,278161,0,100,0.050005277777777746,0.2905401692353189,0
2838,278261,0,100,0.050005277777777746,0.23595832222606986,0
2839,278361,0,100,0.050005277777777746,0.30839266197988763,0
2840,278461,0,100,0.050005277777777746,0.262141379150562,0
2841,278561,0,100,0.050005277777777746,0.16984073064289987,0
2842,278661,0,100,0.050005277777777746,0.2763845015107654,0
2843,278761,0,100,0.050005277777777746,0.24902217792347073,0
2844,278861,0,100,0.050005277777777746,0.22058316493406893,0
2845,278961,0,100,0.050005277777777746,0.2643673342745751,0
2846,279061,0,100,0.050005277777777746,0.2512380928872153,0
2847,279161,0,100,0.050005277777777746,0.27750990678789095,0
2848,279261,0,100,0.050005277777777746,0.17795725259929895,0
2849,279361,0,100,0.050005277777777746,0.24772967132972554,0
2850,279461,0,100,0.050005277777777746,0.29266002255491913,0
2851,279561,0,100,0.050005277777777746,0.24223519330844284,0
2852,279661,0,100,0.050005277777777746,0.23213905019219966,0
2853,279761,0,100,0.050005277777777746,0.28403400264214723,0
2854,279861,0,100,0.050005277777777746,0.26941323006758466,0
2855,279961,0,100,0.050005277777777746,0.2512280953815207,0
2856,280061,0,100,0.050005277777777746,0.30933582700323314,0
2857,280161,0,100,0.050005277777777746,0.18869052703958006,0
2858,280261,0,100,0.050005277777777746,0.24817849195562303,0
2859,280361,0,100,0.050005277777777746,0.2027322193258442,0
2860,280461,0,100,0.050005277777777746,0.28325955575332046,0
2861,280501,0.6399999999999999,40,0.050005277777777746,0.32201466971309856,1
2862,280601,0,100,0.050005277777777746,0.22289948076708244,0
2863,280701,0,100,0.050005277777777746,0.2746675444976427,0
2864,280801,0,100,0.050005277777777746,0.24807084719417616,0
2865,280901,0,100,0.050005277777777746,0.24791345624951647,0
2866,281001,0,100,0.050005277777777746,0.23206194202881306,0
2867,281101,0,100,0.050005277777777746,0.24119786627590656,0
2868,281201,0,100,0.050005277777777746,0.2002973812725395,0
2869,281301,0,100,0.050005277777777746,0.25221625092905015,0
2870,281401,0,100,0.050005277777777746,0.22598286754684524,0
2871,281501,0,100,0.050005277777777746,0.26690438548568635,0
2872,281601,0,100,0.050005277777777746,0.31303458764683456,0
2873,281701,0,100,0.050005277777777746,0.24059788228478282,0
2874,281801,0,100,0.050005277777777746,0.2520586945535615,0
2875,281901,0,100,0.050005277777777746,0.17302908149082213,0
2876,282001,0,100,0.050005277777777746,0.2551294841384515,0
2877,282101,0,100,0.050005277777777746,0.33100935228634626,0
2878,282201,0,100,0.050005277777777746,0.20562818530481308,0
2879,282301,0,100,0.050005277777777746,0.28144688973901794,0
2880,282401,0,100,0.050005277777777746,0.27848306302912534,0
2881,282501,0,100,0.050005277777777746,0.28184150914428757,0
2882,282601,0,100,0.050005277777777746,0.2615129816206172,0
2883,282701,0,100,0.050005277777777746,0.2560665629594587,0
2884,282801,0,100,0.050005277777777746,0.2835522013343871,0
2885,282901,0,100,0.050005277777777746,0.2688389552850276,0
2886,283001,0,100,0.050005277777777746,0.24499110595788806,0
2887,283101,0,100,0.050005277777777746,0.23984451310709118,0
2888,283201,0,100,0.050005277777777746,0.16772515347460284,0
2889,283301,0,100,0.050005277777777746,0.27785576281836255,0
2890,283401,0,100,0.050005277777777746,0.2775183065305464,0
2891,283501,0,100,0.050005277777777746,0.21394104902166874,0
2892,283601,0,100,0.050005277777777746,0.18748195065651088,0
2893,283701,0,100,0.050005277777777746,0.24595131779555232,0
2894,283801,0,100,0.050005277777777746,0.1976526309363544,0
2895,283901,0,100,0.050005277777777746,0.23081809944007545,0
2896,284001,0,100,0.050005277777777746,0.19467904714401812,0
2897,284101,0,100,0.050005277777777746,0.27831841761246323,0
2898,284201,0,100,0.050005277777777746,0.219032006978523,0
2899,284301,0,100,0.050005277777777746,0.1712551275175065,0
2900,284401,0,100,0.050005277777777746,0.32111927166348325,0
2901,284501,0,100,0.050005277777777746,0.23039332432905213,0
2902,284601,0,100,0.050005277777777746,0.31011869047535584,0
2903,284701,0,100,0.050005277777777746,0.23451219849754124,0
2904,284801,0,100,0.050005277777777746,0.2205012192297727,0
2905,284901,0,100,0.050005277777777746,0.22632906624348834,0
2906,285001,0,100,0.050005277777777746,0.17714307920541614,0
2907,285101,0,100,0.050005277777777746,0.2954847459099256,0
2908,285132,0.721,31,0.050005277777777746,0.25831032195879566,1
2909,285232,0,100,0.050005277777777746,0.2699542790395208,0
2910,285332,0,100,0.050005277777777746,0.2702192070102319,0
2911,285432,0,100,0.050005277777777746,0.2584871813701466,0
2912,285532,0,100,0.050005277777777746,0.2570776032516733,0
2913,285632,0,100,0.050005277777777746,0.24709235498216003,0
2914,285732,0,100,0.050005277777777746,0.13522218308178707,0
2915,285832,0,100,0.050005277777777746,0.3192645046999678,0
2916,285932,0,100,0.050005277777777746,0.24730794398579747,0
2917,286032,0,100,0.050005277777777746,0.1839539075223729,0
2918,286132,0,100,0.050005277777777746,0.30796202169498427,0
2919,286232,0,100,0.050005277777777746,0.18590819936478511,0
2920,286332,0,100,0.050005277777777746,0.24003193533979356,0
2921,286432,0,100,0.050005277777777746,0.1808871668553911,0
2922,286532,0,100,0.050005277777777746,0.17357738411985338,0
2923,286632,0,100,0.050005277777777746,0.3641575556527823,0
2924,286732,0,100,0.050005277777777746,0.26003016870701684,0
2925,286832,0,100,0.050005277777777746,0.26897037530783563,0
2926,286932,0,100,0.050005277777777746,0.28017355329589916,0
2927,287032,0,100,0.050005277777777746,0.16133104634936898,0
2928,287132,0,100,0.050005277777777746,0.23031486582476646,0
2929,287232,0,100,0.050005277777777746,0.29374380989931526,0
2930,287332,0,100,0.050005277777777746,0.2569993900321424,0
2931,287432,0,100,0.050005277777777746,0.23203279158566148,0
2932,287532,0,100,0.050005277777777746,0.24357158419676125,0
2933,287632,0,100,0.050005277777777746,0.21061791316838935,0
2934,287732,0,100,0.050005277777777746,0.25883182684658096,0
2935,287832,0,100,0.050005277777777746,0.18827958185924218,0
2936,287932,0,100,0.050005277777777746,0.26688268021214756,0
2937,288032,0,100,0.050005277777777746,0.2188423565682024,0
2938,288132,0,100,0.050005277777777746,0.23404587181517855,0
2939,288232,0,100,0.050005277777777746,0.20557400572113693,0
2940,288332,0,100,0.050005277777777746,0.3646200215164572,0
2941,288432,0,100,0.050005277777777746,0.23799446544144304,0
2942,288532,0,100,0.050005277777777746,0.20954089962877334,0
2943,288632,0,100,0.050005277777777746,0.19848258848069236,0
2944,288732,0,100,0.050005277777777746,0.15135269243502988,0
2945,288832,0,100,0.050005277777777746,0.298990129919257,0
2946,288932,0,100,0.050005277777777746,0.24329478352796285,0
2947,289032,0,100,0.050005277777777746,0.3196861390443519,0
2948,289132,0,100,0.050005277777777746,0.2798024502256885,0
2949,289232,0,100,0.050005277777777746,0.21237525978358462,0
2950,289332,0,100,0.050005277777777746,0.3023783068824559,0
2951,289432,0,100,0.050005277777777746,0.20053222096757964,0
2952,289529,0.127,97,0.050005277777777746,0.2977490026129352,1
2953,289629,0,100,0.050005277777777746,0.2795149855641648,0
2954,289729,0,100,0.050005277777777746,0.2152557120262645,0
2955,289829,0,100,0.050005277777777746,0.25645745095098393,0
2956,289929,0,100,0.050005277777777746,0.2344570553349331,0
2957,290029,0,100,0.050005277777777746,0.3192082190513611,0
2958,290129,0,100,0.050005277777777746,0.22832207995234058,0
2959,290229,0,100,0.050005277777777746,0.2927716144220904,0
2960,290329,0,100,0.050005277777777746,0.22009683429263532,0
2961,290429,0,100,0.050005277777777746,0.30362460245843975,0
2962,290529,0,100,0.050005277777777746,0.20698129096999765,0
2963,290629,0,100,0.050005277777777746,0.24505477538332343,0
2964,290729,0,100,0.050005277777777746,0.1923903237306513,0
2965,290829,0,100,0.050005277777777746,0.2504831998655572,0
2966,290929,0,100,0.050005277777777746,0.28809759056195616,0
2967,291029,0,100,0.050005277777777746,0.1972662692051381,0
2968,291129,0,100,0.050005277777777746,0.2491441309126094,0
2969,291229,0,100,0.050005277777777746,0.2575625564903021,0
2970,291329,0,100,0.050005277777777746,0.19346725253621117,0
2971,291429,0,100,0.050005277777777746,0.2915058489399962,0
2972,291529,0,100,0.050005277777777746,0.26178620286984366,0
2973,291629,0,100,0.050005277777777746,0.33426856852835046,0
2974,291729,0,100,0.050005277777777746,0.24346244568470865,0
2975,291829,0,100,0.050005277777777746,0.1992271020426415,0
2976,291929,0,100,0.050005277777777746,0.24718254528008402,0
2977,292029,0,100,0.050005277777777746,0.3270184740750119,0
2978,292129,0,100,0.050005277777777746,0.14745737028308212,0
2979,292229,0,100,0.050005277777777746,0.27974934078520164,0
2980,292329,0,100,0.050005277777777746,0.29467033659806474,0
2981,292429,0,100,0.050005277777777746,0.2277620335109532,0
2982,292529,0,100,0.050005277777777746,0.1735491354833357,0
2983,292629,0,100,0.050005277777777746,0.24599531951826065,0
2984,292729,0,100,0.050005277777777746,0.22367199735715984,0
2985,292829,0,100,0.050005277777777746,0.23488908598897978,0
2986,292929,0,100,0.050005277777777746,0.27266612529288975,0
2987,293029,0,100,0.050005277777777746,0.15947561731329188,0
2988,293129,0,100,0.050005277777777746,0.24823545603314415,0
2989,293229,0,100,0.050005277777777746,0.21130261327140032,0
2990,293329,0,100,0.050005277777777746,0.29066224423004317,0
2991,293429,0,100,0.050005277777777746,0.18064862997736783,0
2992,293529,0,100,0.050005277777777746,0.2069121981645003,0
2993,293629,0,100,0.050005277777777746,0.18710894093383104,0
2994,293729,0,100,0.050005277777777746,0.311632116404362,0
2995,293829,0,100,0.050005277777777746,0.1951250557671301,0
2996,293929,0,100,0.050005277777777746,0.24965931686572732,0
2997,294029,0,100,0.050005277777777746,0.2180403199698776,0
2998,294129,0,100,0.050005277777777746,0.24591337649384515,0
2999,294229,0,100,0.050005277777777746,0.22931831304449588,0
3000,294329,0,100,0.050005277777777746,0.14714582461630926,0
3001,294429,0,100,0.050005277777777746,0.27436411450151355,0
3002,294529,0,100,0.050005277777777746,0.28312758247135206,0
3003,294629,0,100,0.050005277777777746,0.278788228884805,0
3004,294729,0,100,0.050005277777777746,0.22707341900328173,0
3005,294829,0,100,0.050005277777777746,0.21842042898759245,0
3006,294929,0,100,0.050005277777777746,0.24277794967871158,0
3007,295029,0,100,0.050005277777777746,0.21991282170871274,0
3008,295129,0,100,0.050005277777777746,0.2508502419432625,0
3009,295229,0,100,0.050005277777777746,0.23785132789518684,0
3010,295329,0,100,0.050005277777777746,0.2197174755204469,0
3011,295429,0,100,0.050005277777777746,0.27006274755112825,0
3012,295529,0,100,0.050005277777777746,0.2907894627377391,0
3013,295598,0.379,69,0.050005277777777746,0.2427388039296088,1
3014,295698,0,100,0.050005277777777746,0.2645974959526211,0
3015,295798,0,100,0.050005277777777746,0.23728572410997004,0
3016,295898,0,100,0.050005277777777746,0.1656428816379048,0
3017,295998,0,100,0.050005277777777746,0.2445666883699596,0
3018,296098,0,100,0.050005277777777746,0.28912016947753727,0
3019,296198,0,100,0.050005277777777746,0.26652091132476924,0
3020,296298,0,100,0.050005277777777746,0.19857977869920432,0
3021,296398,0,100,0.050005277777777746,0.2985808833385818,0
3022,296498,0,100,0.050005277777777746,0.2068044354626909,0
3023,296598,0,100,0.050005277777777746,0.23961400126107038,0
3024,296698,0,100,0.050005277777777746,0.22495507752289995,0
3025,296798,0,100,0.050005277777777746,0.23145180915948005,0
3026,296898,0,100,0.050005277777777746,0.23786837397376076,0
3027,296998,0,100,0.050005277777777746,0.2530497436458245,0
3028,297098,0,100,0.050005277777777746,0.19816474503837525,0
3029,297198,0,100,0.050005277777777746,0.24264550553867592,0
3030,297298,0,100,0.050005277777777746,0.24170467496616765,0
3031,297398,0,100,0.050005277777777746,0.2070973231480457,0
3032,297498,0,100,0.050005277777777746,0.24611181422602385,0
3033,297598,0,100,0.050005277777777746,0.21437778590479867,0
3034,297698,0,100,0.050005277777777746,0.3001960440189578,0
3035,297798,0,100,0.050005277777777746,0.2673008328326978,0
3036,297898,0,100,0.050005277777777746,0.28424924253951755,0
3037,297998,0,100,0.050005277777777746,0.20897164918715133,0
3038,298098,0,100,0.050005277777777746,0.28001938643166796,0
3039,298198,0,100,0.050005277777777746,0.21378664372256026,0
3040,298298,0,100,0.050005277777777746,0.2197620289446786,0
3041,298398,0,100,0.050005277777777746,0.26326898837229235,0
3042,298498,0,100,0.050005277777777746,0.2116299728723243,0
3043,298598,0,100,0.050005277777777746,0.21420204209862276,0
3044,298698,0,100,0.050005277777777746,0.27992289086570965,0
3045,298798,0,100,0.050005277777777746,0.3056756073539145,0
3046,298898,0,100,0.050005277777777746,0.1961109669855796,0
3047,298998,0,100,0.050005277777777746,0.23259084172779695,0
3048,299098,0,100,0.050005277777777746,0.20651919346535577,0
3049,299198,0,100,0.050005277777777746,0.20551492487313225,0
3050,299298,0,100,0.050005277777777746,0.19015851880656556,0
3051,299398,0,100,0.050005277777777746,0.17136293913703413,0
3052,299498,0,100,0.050005277777777746,0.29989271470112727,0
3053,299598,0,100,0.050005277777777746,0.2384420718671754,0
3054,299698,0,100,0.050005277777777746,0.253523060916923,0
3055,299798,0,100,0.050005277777777746,0.22229433624539524,0
3056,299864,0.4059999999999999,66,0.050005277777777746,0.3474398817246159,1
3057,299964,0,100,0.050005277777777746,0.16465058624045922,0
3058,300000,0,36,0.050005277777777746,0.23197766229148126,0
