episode,frames,episode_reward,episode_len,epsilon,loss,success
1,100,0,100,0.9996833333333334,0.00013502444030102882,0
2,200,0,100,0.9993666666666666,3.749564826648566e-05,0
3,300,0,100,0.99905,3.0023735794202365e-05,0
4,400,0,100,0.9987333333333334,4.1301861347164956e-05,0
5,500,0,100,0.9984166666666666,2.6334479621255013e-05,0
6,600,0,100,0.9981,2.1612209002341844e-05,0
7,700,0,100,0.9977833333333334,2.05245847655533e-05,0
8,800,0,100,0.9974666666666666,2.1315759213393903e-05,0
9,900,0,100,0.99715,2.02612568909899e-05,0
10,1000,0,100,0.9968333333333333,2.3277051077457145e-05,0
11,1100,0,100,0.9965166666666667,0.00011708944000019983,0
12,1200,0,100,0.9962,2.1886371232540114e-05,0
13,1300,0,100,0.9958833333333333,9.029656796428753e-06,0
14,1400,0,100,0.9955666666666667,8.236050264258666e-06,0
15,1500,0,100,0.99525,6.246878516549259e-06,0
16,1600,0,100,0.9949333333333333,6.73201968425019e-06,0
17,1700,0,100,0.9946166666666667,7.413556637629881e-06,0
18,1800,0,100,0.9943,7.225036807767538e-06,0
19,1900,0,100,0.9939833333333333,7.951665393193253e-06,0
20,2000,0,100,0.9936666666666667,6.439458571776413e-06,0
21,2100,0,100,0.99335,8.009885339561152e-05,0
22,2200,0,100,0.9930333333333333,2.790538501358242e-05,0
23,2300,0,100,0.9927166666666667,1.6949054529504792e-05,0
24,2400,0,100,0.9924,1.275124351877821e-05,0
25,2475,0.32499999999999996,75,0.9921625,7.611094404940862e-06,1
26,2575,0,100,0.9918458333333333,7.348715344051015e-06,0
27,2675,0,100,0.9915291666666667,3.005013835036152e-05,0
28,2699,0.784,24,0.9914531666666667,1.2504734144158647e-05,1
29,2799,0,100,0.9911365,1.909964231799677e-05,0
30,2899,0,100,0.9908198333333333,1.489056520995291e-05,0
31,2999,0,100,0.9905031666666667,1.0898804021053365e-05,0
32,3065,0.4059999999999999,66,0.9902941666666667,0.0003918329746490847,1
33,3165,0,100,0.9899775,0.0003586266890488332,0
34,3265,0,100,0.9896608333333333,9.94986853129376e-05,0
35,3365,0,100,0.9893441666666667,4.086043826646346e-05,0
36,3465,0,100,0.9890275,5.542091866573173e-05,0
37,3565,0,100,0.9887108333333333,4.283464176296547e-05,0
38,3665,0,100,0.9883941666666667,1.793323915080691e-05,0
39,3765,0,100,0.9880775,1.792504801414907e-05,0
40,3865,0,100,0.9877608333333333,1.2791374183507287e-05,0
41,3965,0,100,0.9874441666666667,1.1910630848888105e-05,0
42,4005,0.6399999999999999,40,0.9873175,0.00042118315214452197,1
43,4105,0,100,0.9870008333333333,0.0003943194835665054,0
44,4205,0,100,0.9866841666666667,0.00024401949078310282,0
45,4305,0,100,0.9863675,5.43160013967281e-05,0
46,4405,0,100,0.9860508333333333,0.0001322295138561458,0
47,4505,0,100,0.9857341666666667,4.050391872624459e-05,0
48,4605,0,100,0.9854175,2.6451052431184507e-05,0
49,4705,0,100,0.9851008333333333,2.5673580194052192e-05,0
50,4805,0,100,0.9847841666666667,1.944299568549468e-05,0
51,4905,0,100,0.9844675,1.3616431419904985e-05,0
52,5005,0,100,0.9841508333333333,3.343481931779024e-05,0
53,5105,0,100,0.9838341666666667,0.000249541347475315,0
54,5205,0,100,0.9835175,0.00030555248726159333,0
55,5305,0,100,0.9832008333333333,9.697590669020428e-05,0
56,5405,0,100,0.9828841666666667,8.734219248253794e-05,0
57,5505,0,100,0.9825675,0.00017253489713766612,0
58,5605,0,100,0.9822508333333333,3.25539780260442e-05,0
59,5705,0,100,0.9819341666666667,0.00011179113876096381,0
60,5747,0.622,42,0.9818011666666666,3.615929299052195e-05,1
61,5847,0,100,0.9814845,0.00017609570028525922,0
62,5947,0,100,0.9811678333333334,0.00013041602905559558,0
63,6047,0,100,0.9808511666666667,0.00026674807249492003,0
64,6147,0,100,0.9805345,0.00019887160626240076,0
65,6247,0,100,0.9802178333333333,0.00018621154324137025,0
66,6347,0,100,0.9799011666666667,8.766622592702333e-05,0
67,6447,0,100,0.9795845,7.917720839031972e-05,0
68,6547,0,100,0.9792678333333333,5.5272694071391014e-05,0
69,6647,0,100,0.9789511666666667,5.19375336534722e-05,0
70,6747,0,100,0.9786345,7.184197098467848e-05,0
71,6847,0,100,0.9783178333333333,7.269210194863263e-05,0
72,6947,0,100,0.9780011666666667,9.219330763698963e-05,0
73,7047,0,100,0.9776845,0.0002453886798684834,0
74,7147,0,100,0.9773678333333333,0.00030176911863236453,0
75,7247,0,100,0.9770511666666667,0.00020215642831317382,0
76,7347,0,100,0.9767345,0.00013328577020729426,0
77,7447,0,100,0.9764178333333333,9.864316025414155e-05,0
78,7503,0.4959999999999999,56,0.9762405,5.6551441616647935e-05,1
79,7603,0,100,0.9759238333333333,8.078362723608734e-05,0
80,7703,0,100,0.9756071666666667,7.182058016951487e-05,0
81,7803,0,100,0.9752905,0.00014643903270552982,0
82,7903,0,100,0.9749738333333333,7.593036064463377e-05,0
83,8003,0,100,0.9746571666666667,5.839107847350533e-05,0
84,8103,0,100,0.9743405,0.0003977842786844121,0
85,8203,0,100,0.9740238333333333,0.000252473223299603,0
86,8303,0,100,0.9737071666666667,0.00023410803820297587,0
87,8403,0,100,0.9733905,0.00010706795635996969,0
88,8503,0,100,0.9730738333333333,0.0001515355474111857,0
89,8603,0,100,0.9727571666666667,9.823839571254211e-05,0
90,8691,0.20799999999999996,88,0.9724785,7.486506212279147e-05,1
91,8734,0.613,43,0.9723423333333333,6.242930363060983e-05,1
92,8834,0,100,0.9720256666666667,0.00015141421870794148,0
93,8934,0,100,0.971709,8.654060209664749e-05,0
94,9034,0,100,0.9713923333333333,0.00028851192988440746,0
95,9134,0,100,0.9710756666666667,0.00047317267795733643,0
96,9234,0,100,0.970759,0.0002850526833935874,0
97,9334,0,100,0.9704423333333333,0.00020758258684509202,0
98,9434,0,100,0.9701256666666667,0.00016039576803450473,0
99,9534,0,100,0.969809,0.00016936060528678355,0
100,9634,0,100,0.9694923333333333,0.00012324779014306843,0
101,9703,0.379,69,0.9692738333333333,0.00010903637245275499,1
102,9803,0,100,0.9689571666666666,0.00011136080011056037,0
103,9903,0,100,0.9686405,8.909003307053354e-05,0
104,10003,0,100,0.9683238333333334,0.0001354032579001796,0
105,10103,0,100,0.9680071666666666,0.000620330231031403,0
106,10203,0,100,0.9676905,0.0003705369457020424,0
107,10303,0,100,0.9673738333333334,0.00026218380633508787,0
108,10403,0,100,0.9670571666666666,0.00024217520738602615,0
109,10503,0,100,0.9667405,0.00019736776026547888,0
110,10603,0,100,0.9664238333333334,0.00017522037935123081,0
111,10703,0,100,0.9661071666666666,0.00014749468497029738,0
112,10803,0,100,0.9657905,0.0001462207445729291,0
113,10903,0,100,0.9654738333333334,0.00011529015941050602,0
114,11003,0,100,0.9651571666666666,0.000163308452374622,0
115,11103,0,100,0.9648405,0.0007613212171418127,0
116,11203,0,100,0.9645238333333334,0.00046616580031695777,0
117,11303,0,100,0.9642071666666666,0.00032519087893888353,0
118,11403,0,100,0.9638905,0.0003196306552126771,0
119,11503,0,100,0.9635738333333334,0.0002316932615940459,0
120,11603,0,100,0.9632571666666667,0.00026579636389215014,0
121,11703,0,100,0.9629405,0.0002260818471404491,0
122,11803,0,100,0.9626238333333333,0.0001765753330255393,0
123,11903,0,100,0.9623071666666667,0.00020289841340854765,0
124,12003,0,100,0.9619905,0.00021090829661261524,0
125,12103,0,100,0.9616738333333333,0.0008906725107226521,0
126,12109,0.946,6,0.9616548333333333,0.0005783537004996712,1
127,12209,0,100,0.9613381666666667,0.0004934672567469534,0
128,12309,0,100,0.9610215,0.0004900349024683237,0
129,12409,0,100,0.9607048333333333,0.000560220304178074,0
130,12505,0.136,96,0.9604008333333334,0.000499727373001709,1
131,12605,0,100,0.9600841666666666,0.0002673521013639402,0
132,12614,0.919,9,0.9600556666666666,0.00031952168663135834,1
133,12626,0.892,12,0.9600176666666667,0.00031023851624922827,1
134,12726,0,100,0.959701,0.0002948941592330812,0
135,12826,0,100,0.9593843333333333,0.00027448825050669257,0
136,12926,0,100,0.9590676666666667,0.00023541437556559686,0
137,13026,0,100,0.958751,0.0005347908098701737,0
138,13126,0,100,0.9584343333333334,0.0007985734185785987,0
139,13226,0,100,0.9581176666666666,0.000761866638349602,0
140,13326,0,100,0.957801,0.0004515108805208001,0
141,13361,0.685,35,0.9576901666666666,0.000411631420138292,1
142,13461,0,100,0.9573735,0.0003144992381567135,0
143,13561,0,100,0.9570568333333334,0.00045818336780939717,0
144,13661,0,100,0.9567401666666666,0.00029827737191226336,0
145,13761,0,100,0.9564235,0.000471844081839663,0
146,13861,0,100,0.9561068333333334,0.00024563176273659335,0
147,13961,0,100,0.9557901666666666,0.00031795598577446073,0
148,14061,0,100,0.9554735,0.0008068880854989402,0
149,14161,0,100,0.9551568333333333,0.0005295456622843631,0
150,14261,0,100,0.9548401666666667,0.0005417450662935152,0
151,14361,0,100,0.9545235,0.0003329817613121122,0
152,14461,0,100,0.9542068333333333,0.0003737281876965426,0
153,14561,0,100,0.9538901666666667,0.0003617195774859283,0
154,14661,0,100,0.9535735,0.00030271037729107775,0
155,14761,0,100,0.9532568333333333,0.000293944683871814,0
156,14861,0,100,0.9529401666666667,0.0002603371171426261,0
157,14961,0,100,0.9526235,0.00023008023017609958,0
158,15061,0,100,0.9523068333333333,0.000683924670338456,0
159,15161,0,100,0.9519901666666667,0.0006109917027060874,0
160,15253,0.17199999999999993,92,0.9516988333333334,0.0004175080839954519,1
161,15353,0,100,0.9513821666666666,0.00033081290588597766,0
162,15453,0,100,0.9510655,0.00039407107782608365,0
163,15553,0,100,0.9507488333333334,0.00032221759713138456,0
164,15653,0,100,0.9504321666666666,0.00039770555311406495,0
165,15753,0,100,0.9501155,0.0003513502352871001,0
166,15828,0.32499999999999996,75,0.949878,0.00029353430567425677,1
167,15928,0,100,0.9495613333333334,0.00027897167346964126,0
168,16028,0,100,0.9492446666666666,0.0004621012335337582,0
169,16128,0,100,0.948928,0.0005527417066332419,0
170,16228,0,100,0.9486113333333334,0.00045406523655401544,0
171,16328,0,100,0.9482946666666666,0.0003095513860171195,0
172,16428,0,100,0.947978,0.0002992502212146064,0
173,16528,0,100,0.9476613333333334,0.0002249714692516136,0
174,16628,0,100,0.9473446666666667,0.0003162242147664074,0
175,16728,0,100,0.947028,0.00035699452004337215,0
176,16828,0,100,0.9467113333333333,0.00025714590439747555,0
177,16928,0,100,0.9463946666666667,0.00025962215455365366,0
178,17028,0,100,0.946078,0.0003659916837932542,0
179,17128,0,100,0.9457613333333333,0.0006266298882837873,0
180,17216,0.20799999999999996,88,0.9454826666666667,0.0004598860129838365,1
181,17316,0,100,0.945166,0.0005103537923423574,0
182,17384,0.3879999999999999,68,0.9449506666666667,0.0003676723964043263,1
183,17484,0,100,0.944634,0.00038702620862750335,0
184,17584,0,100,0.9443173333333333,0.0003154038098728051,0
185,17615,0.721,31,0.9442191666666666,0.0002909819581433229,1
186,17715,0,100,0.9439025,0.00030246677590184845,0
187,17815,0,100,0.9435858333333333,0.0002848527238529641,0
188,17915,0,100,0.9432691666666667,0.0002607413623627508,0
189,18015,0,100,0.9429525,0.0003543065180565463,0
190,18115,0,100,0.9426358333333333,0.0005834291927749292,0
191,18215,0,100,0.9423191666666667,0.00042581778980093076,0
192,18315,0,100,0.9420025,0.00037467315720277836,0
193,18415,0,100,0.9416858333333333,0.0002901436144748004,0
194,18515,0,100,0.9413691666666667,0.0003289704625058221,0
195,18570,0.5049999999999999,55,0.941195,0.0002517187473131344,1
196,18670,0,100,0.9408783333333334,0.0003582082451612223,0
197,18770,0,100,0.9405616666666666,0.0003559933648648439,0
198,18870,0,100,0.940245,0.0002844597599323606,0
199,18970,0,100,0.9399283333333334,0.0002931930427439511,0
200,19070,0,100,0.9396116666666666,0.0005752944741107057,0
201,19170,0,100,0.939295,0.00042900115600787104,0
202,19270,0,100,0.9389783333333334,0.0003742124460404739,0
203,19370,0,100,0.9386616666666666,0.00044056911028746983,0
204,19470,0,100,0.938345,0.00034384183782094625,0
205,19570,0,100,0.9380283333333334,0.00039042567252181473,0
206,19670,0,100,0.9377116666666667,0.00029059571621473877,0
207,19770,0,100,0.937395,0.00041383834410225974,0
208,19870,0,100,0.9370783333333333,0.00027864736643095966,0
209,19970,0,100,0.9367616666666667,0.0003104319215344731,0
210,20070,0,100,0.936445,0.0004963424691231921,0
211,20170,0,100,0.9361283333333333,0.0004607552746165311,0
212,20270,0,100,0.9358116666666667,0.0005017955351650016,0
213,20370,0,100,0.935495,0.00039305124490056185,0
214,20470,0,100,0.9351783333333333,0.0004003055844077608,0
215,20570,0,100,0.9348616666666667,0.00040544928029703444,0
216,20670,0,100,0.934545,0.0003710340212273877,0
217,20770,0,100,0.9342283333333333,0.000381384926076862,0
218,20870,0,100,0.9339116666666667,0.00031841984899074307,0
219,20970,0,100,0.933595,0.00045748873315460515,0
220,21070,0,100,0.9332783333333333,0.0005267048026144039,0
221,21170,0,100,0.9329616666666667,0.0005798200939898379,0
222,21270,0,100,0.932645,0.00057118884898955,0
223,21320,0.55,50,0.9324866666666667,0.00043524496199097483,1
224,21420,0,100,0.9321699999999999,0.0003766626460128464,0
225,21520,0,100,0.9318533333333333,0.00037035132671007885,0
226,21620,0,100,0.9315366666666667,0.0004623269516741857,0
227,21720,0,100,0.93122,0.00034694216192292514,0
228,21820,0,100,0.9309033333333333,0.00036986273764341607,0
229,21920,0,100,0.9305866666666667,0.00033697887971356977,0
230,22020,0,100,0.93027,0.0005090672607911983,0
231,22120,0,100,0.9299533333333333,0.0007015728611440863,0
232,22220,0,100,0.9296366666666667,0.0005578558502020314,0
233,22226,0.946,6,0.9296176666666667,0.0005033562435225273,1
234,22326,0,100,0.929301,0.0005259944644058123,0
235,22426,0,100,0.9289843333333333,0.0004695699857256841,0
236,22526,0,100,0.9286676666666667,0.00042618384402885566,0
237,22626,0,100,0.928351,0.000449590226780856,0
238,22726,0,100,0.9280343333333333,0.0004354121773212682,0
239,22826,0,100,0.9277176666666667,0.00040382041144766846,0
240,22926,0,100,0.927401,0.00030646137107396496,0
241,23026,0,100,0.9270843333333333,0.0006193505017290591,0
242,23126,0,100,0.9267676666666667,0.000566936162795173,0
243,23226,0,100,0.926451,0.0005316319431585726,0
244,23236,0.91,10,0.9264193333333334,0.00039361452945740893,1
245,23336,0,100,0.9261026666666666,0.0005079295630275737,0
246,23436,0,100,0.925786,0.00048711068120610435,0
247,23536,0,100,0.9254693333333334,0.0004245156548859086,0
248,23636,0,100,0.9251526666666666,0.00046710152877494694,0
249,23736,0,100,0.924836,0.0004855191156093497,0
250,23836,0,100,0.9245193333333334,0.00045177485677413645,0
251,23936,0,100,0.9242026666666667,0.000542570964244078,0
252,24036,0,100,0.923886,0.0005769696159404703,0
253,24136,0,100,0.9235693333333334,0.0006634245601890143,0
254,24221,0.235,85,0.9233001666666667,0.000563502566793057,1
255,24321,0,100,0.9229835,0.0005417755398957524,0
256,24421,0,100,0.9226668333333333,0.0005705083896464202,0
257,24521,0,100,0.9223501666666667,0.00046837821435474325,0
258,24621,0,100,0.9220335,0.0005867690402374137,0
259,24721,0,100,0.9217168333333333,0.00040811141625454186,0
260,24821,0,100,0.9214001666666667,0.0005482038040645421,0
261,24921,0,100,0.9210834999999999,0.0004914407261094312,0
262,25021,0,100,0.9207668333333333,0.0006739538864349015,0
263,25121,0,100,0.9204501666666667,0.0006536900253558997,0
264,25221,0,100,0.9201334999999999,0.0005680680292425677,0
265,25321,0,100,0.9198168333333333,0.00047018879384268074,0
266,25421,0,100,0.9195001666666667,0.0005519460124196484,0
267,25521,0,100,0.9191835,0.0006352604805579176,0
268,25621,0,100,0.9188668333333333,0.00045031911417027005,0
269,25721,0,100,0.9185501666666667,0.0008039646624092711,0
270,25821,0,100,0.9182335,0.0003914403671660693,0
271,25921,0,100,0.9179168333333333,0.00048252283842884934,0
272,26021,0,100,0.9176001666666667,0.0006949403131875443,0
273,26121,0,100,0.9172835,0.0008950610808096826,0
274,26221,0,100,0.9169668333333333,0.0006650928716408088,0
275,26255,0.694,34,0.9168591666666667,0.0006690116065061267,1
276,26355,0,100,0.9165425,0.0005497772629314568,0
277,26455,0,100,0.9162258333333333,0.0005772712681209668,0
278,26555,0,100,0.9159091666666667,0.0008130738174077124,0
279,26655,0,100,0.9155925,0.0005259492909681284,0
280,26755,0,100,0.9152758333333333,0.0004975987334910315,0
281,26855,0,100,0.9149591666666667,0.00046155312753398903,0
282,26955,0,100,0.9146425,0.0005174892158538569,0
283,27055,0,100,0.9143258333333333,0.0007300652680714847,0
284,27155,0,100,0.9140091666666667,0.0008256756789342035,0
285,27255,0,100,0.9136925,0.000741690121794818,0
286,27355,0,100,0.9133758333333333,0.0004884830690571107,0
287,27455,0,100,0.9130591666666666,0.0005548022736911662,0
288,27555,0,100,0.9127425,0.0007765628497872967,0
289,27655,0,100,0.9124258333333334,0.0006586541574506554,0
290,27665,0.91,10,0.9123941666666666,0.00026136887026950717,1
291,27765,0,100,0.9120775,0.0004447799829358701,0
292,27865,0,100,0.9117608333333334,0.0007126331845938693,0
293,27965,0,100,0.9114441666666666,0.0006775577158259693,0
294,28065,0,100,0.9111275,0.0008711967192357406,0
295,28165,0,100,0.9108108333333333,0.0006756197178037837,0
296,28265,0,100,0.9104941666666666,0.0007988445584487635,0
297,28365,0,100,0.9101775,0.0005822319599974435,0
298,28465,0,100,0.9098608333333333,0.0005163411398825702,0
299,28565,0,100,0.9095441666666667,0.0005128220602637157,0
300,28665,0,100,0.9092275,0.0005080123020889005,0
301,28765,0,100,0.9089108333333333,0.0006143378152046353,0
302,28865,0,100,0.9085941666666667,0.0005879140211618505,0
303,28965,0,100,0.9082775,0.0006120003534306306,0
304,29065,0,100,0.9079608333333333,0.001051340516860364,0
305,29165,0,100,0.9076441666666667,0.0010413324467663187,0
306,29265,0,100,0.9073275,0.0007545715299784206,0
307,29365,0,100,0.9070108333333333,0.000900704648665851,0
308,29465,0,100,0.9066941666666667,0.0006117909056774806,0
309,29565,0,100,0.9063775000000001,0.0008843509812140837,0
310,29665,0,100,0.9060608333333333,0.0009917347226291895,0
311,29765,0,100,0.9057441666666667,0.0007629602611996234,0
312,29865,0,100,0.9054275,0.000581090620107716,0
313,29965,0,100,0.9051108333333333,0.0006520609193830751,0
314,30065,0,100,0.9047941666666667,0.0008753964587231166,0
315,30165,0,100,0.9044775,0.0008566949042142369,0
316,30265,0,100,0.9041608333333333,0.0006827059184433892,0
317,30365,0,100,0.9038441666666667,0.000561732516362099,0
318,30465,0,100,0.9035275,0.0005993852116080233,0
319,30565,0,100,0.9032108333333333,0.0006910131334734615,0
320,30665,0,100,0.9028941666666667,0.0005258778552524745,0
321,30765,0,100,0.9025775,0.0007120297045912593,0
322,30865,0,100,0.9022608333333333,0.00043464181580930015,0
323,30965,0,100,0.9019441666666667,0.0004586489169014385,0
324,31065,0,100,0.9016275,0.0009350460533460136,0
325,31165,0,100,0.9013108333333333,0.0007657819536689203,0
326,31265,0,100,0.9009941666666667,0.0010507376767054666,0
327,31365,0,100,0.9006775,0.0010005769529379904,0
328,31465,0,100,0.9003608333333333,0.0005873477803834249,0
329,31565,0,100,0.9000441666666666,0.000675910409190692,0
330,31665,0,100,0.8997275,0.0008158419360552216,0
331,31765,0,100,0.8994108333333333,0.0009062747553980443,0
332,31865,0,100,0.8990941666666666,0.0008785028817510465,0
333,31940,0.32499999999999996,75,0.8988566666666666,0.0007696925171573335,1
334,32040,0,100,0.89854,0.000641869445971679,0
335,32140,0,100,0.8982233333333334,0.0008303824688482564,0
336,32240,0,100,0.8979066666666666,0.0006954757703351789,0
337,32340,0,100,0.89759,0.0007970278611173854,0
338,32440,0,100,0.8972733333333334,0.000728035240463214,0
339,32540,0,100,0.8969566666666666,0.0009340521473495756,0
340,32640,0,100,0.89664,0.000863512773939874,0
341,32740,0,100,0.8963233333333334,0.001050454171054298,0
342,32840,0,100,0.8960066666666666,0.000798630813806085,0
343,32940,0,100,0.89569,0.0006779921239649412,0
344,33040,0,100,0.8953733333333334,0.0007472699871868826,0
345,33140,0,100,0.8950566666666666,0.0007874973645084538,0
346,33240,0,100,0.89474,0.0009384587504609954,0
347,33340,0,100,0.8944233333333333,0.0008942351401492487,0
348,33440,0,100,0.8941066666666666,0.0005930254486156628,0
349,33540,0,100,0.89379,0.000829449122393271,0
350,33640,0,100,0.8934733333333333,0.0009126858954550698,0
351,33740,0,100,0.8931566666666667,0.00075362880146713,0
352,33840,0,100,0.89284,0.0008069023503048811,0
353,33940,0,100,0.8925233333333333,0.0007821482582949102,0
354,34040,0,100,0.8922066666666667,0.0007831908666412346,0
355,34140,0,100,0.89189,0.0006308275496121496,0
356,34240,0,100,0.8915733333333333,0.0008225298023899085,0
357,34337,0.127,97,0.8912661666666667,0.0006741063711929528,1
358,34437,0,100,0.8909495000000001,0.0006691416939429473,0
359,34537,0,100,0.8906328333333333,0.0008042739355005324,0
360,34637,0,100,0.8903161666666667,0.0007085525372531265,0
361,34737,0,100,0.8899995,0.0008846916010952554,0
362,34837,0,100,0.8896828333333333,0.0009486132049642038,0
363,34937,0,100,0.8893661666666667,0.000729912699534907,0
364,35037,0,100,0.8890495,0.0007334400921536144,0
365,35127,0.18999999999999995,90,0.8887645,0.0009902583346249431,1
366,35227,0,100,0.8884478333333333,0.000799011715571396,0
367,35327,0,100,0.8881311666666667,0.0011671334620041308,0
368,35427,0,100,0.8878145,0.0009440716284734663,0
369,35527,0,100,0.8874978333333333,0.0006064790682285093,0
370,35627,0,100,0.8871811666666667,0.0008886881981015904,0
371,35727,0,100,0.8868645,0.0007379563627182506,0
372,35827,0,100,0.8865478333333333,0.0009649923421966378,0
373,35927,0,100,0.8862311666666667,0.0008676380456017796,0
374,36027,0,100,0.8859144999999999,0.0006838223521481268,0
375,36127,0,100,0.8855978333333333,0.0012410544924205168,0
376,36133,0.946,6,0.8855788333333333,0.0009893674966103088,1
377,36233,0,100,0.8852621666666667,0.0008485342838685028,0
378,36333,0,100,0.8849454999999999,0.0011432099883677438,0
379,36433,0,100,0.8846288333333333,0.0007532101366086863,0
380,36533,0,100,0.8843121666666667,0.0008208851267409045,0
381,36633,0,100,0.8839955,0.0009055959559918846,0
382,36733,0,100,0.8836788333333333,0.0009103526052786037,0
383,36833,0,100,0.8833621666666667,0.0007101781745586777,0
384,36933,0,100,0.8830455,0.0010082654912548605,0
385,37033,0,100,0.8827288333333333,0.0009497993771219627,0
386,37133,0,100,0.8824121666666667,0.0010912732155702542,0
387,37233,0,100,0.8820955,0.0011637535717454739,0
388,37333,0,100,0.8817788333333333,0.0009021952435432467,0
389,37367,0.694,34,0.8816711666666667,0.0016708637614261963,1
390,37467,0,100,0.8813545,0.0008612640721548814,0
391,37567,0,100,0.8810378333333333,0.0011506977881072088,0
392,37667,0,100,0.8807211666666667,0.0008548378692648839,0
393,37767,0,100,0.8804045,0.0007915753364795819,0
394,37867,0,100,0.8800878333333333,0.0009091066023393068,0
395,37967,0,100,0.8797711666666667,0.0009087445020850282,0
396,38067,0,100,0.8794545,0.001107037542096805,0
397,38167,0,100,0.8791378333333333,0.0011243368644500151,0
398,38267,0,100,0.8788211666666667,0.001169766076200176,0
399,38299,0.712,32,0.8787198333333334,0.0006684502836833417,1
400,38399,0,100,0.8784031666666666,0.0005151050331187435,0
401,38499,0,100,0.8780865,0.00079255630960688,0
402,38599,0,100,0.8777698333333334,0.0010846680337272118,0
403,38699,0,100,0.8774531666666666,0.0011799113034794573,0
404,38799,0,100,0.8771365,0.0014313675223093015,0
405,38899,0,100,0.8768198333333334,0.0007705037783307489,0
406,38999,0,100,0.8765031666666667,0.0009589767103898339,0
407,39099,0,100,0.8761865,0.0009643032250460237,0
408,39199,0,100,0.8758698333333333,0.0009344714441976976,0
409,39299,0,100,0.8755531666666667,0.0009220525306591298,0
410,39399,0,100,0.8752365,0.0011862906775786542,0
411,39461,0.44199999999999995,62,0.8750401666666666,0.0016040946293580946,1
412,39561,0,100,0.8747235,0.0011252235234132967,0
413,39661,0,100,0.8744068333333334,0.001132136912929127,0
414,39761,0,100,0.8740901666666667,0.0009418860060395672,0
415,39861,0,100,0.8737735,0.00101264337223256,0
416,39961,0,100,0.8734568333333333,0.0008485943388950545,0
417,40061,0,100,0.8731401666666667,0.0010603810865723062,0
418,40130,0.379,69,0.8729216666666667,0.0012582381238209327,1
419,40230,0,100,0.872605,0.0008252646768232807,0
420,40330,0,100,0.8722883333333333,0.0011242188100004569,0
421,40430,0,100,0.8719716666666667,0.0010291565125226043,0
422,40530,0,100,0.871655,0.0007243481341720326,0
423,40630,0,100,0.8713383333333333,0.0007184976397547871,0
424,40730,0,100,0.8710216666666667,0.0010728388193820138,0
425,40830,0,100,0.8707050000000001,0.0010516451645526104,0
426,40930,0,100,0.8703883333333333,0.0011225118796573952,0
427,41030,0,100,0.8700716666666667,0.0011178614948585163,0
428,41130,0,100,0.8697550000000001,0.0010244169787620193,0
429,41230,0,100,0.8694383333333333,0.0007652443584811408,0
430,41330,0,100,0.8691216666666667,0.0012247318115259987,0
431,41430,0,100,0.868805,0.0012701185514742974,0
432,41530,0,100,0.8684883333333333,0.00121584438442369,0
433,41630,0,100,0.8681716666666667,0.0009164106492244173,0
434,41730,0,100,0.867855,0.0011172377584443894,0
435,41830,0,100,0.8675383333333333,0.0010023765350342729,0
436,41930,0,100,0.8672216666666667,0.0011599751931498758,0
437,42030,0,100,0.866905,0.0013634766965697053,0
438,42130,0,100,0.8665883333333333,0.0006990427395794541,0
439,42230,0,100,0.8662716666666667,0.0011517484109208453,0
440,42330,0,100,0.865955,0.0009767351040500217,0
441,42430,0,100,0.8656383333333333,0.0011542077812191564,0
442,42530,0,100,0.8653216666666667,0.0011695500844507477,0
443,42630,0,100,0.865005,0.000881786298850784,0
444,42730,0,100,0.8646883333333333,0.0008296357467770576,0
445,42830,0,100,0.8643716666666666,0.0013115541548177135,0
446,42898,0.3879999999999999,68,0.8641563333333333,0.001046486371813123,1
447,42998,0,100,0.8638396666666667,0.0013116036709106993,0
448,43098,0,100,0.863523,0.0016796955745667218,0
449,43198,0,100,0.8632063333333333,0.0011443665668775793,0
450,43298,0,100,0.8628896666666667,0.0007929690064338501,0
451,43398,0,100,0.862573,0.0011128851285320707,0
452,43498,0,100,0.8622563333333333,0.001211328009958379,0
453,43598,0,100,0.8619396666666667,0.001311656023171963,0
454,43698,0,100,0.861623,0.0012374644486408215,0
455,43798,0,100,0.8613063333333333,0.0014878617152862717,0
456,43898,0,100,0.8609896666666667,0.0012862748285988345,0
457,43998,0,100,0.860673,0.0011351960636966395,0
458,44098,0,100,0.8603563333333333,0.0010751949675614015,0
459,44198,0,100,0.8600396666666666,0.0011951120931189508,0
460,44298,0,100,0.859723,0.0014653270690178034,0
461,44398,0,100,0.8594063333333333,0.001004630340321455,0
462,44498,0,100,0.8590896666666666,0.0008174279163358733,0
463,44561,0.43299999999999994,63,0.8588901666666666,0.0007809007536649467,1
464,44661,0,100,0.8585735,0.0009496780503832269,0
465,44761,0,100,0.8582568333333334,0.001199206339515513,0
466,44861,0,100,0.8579401666666666,0.0011603260203264653,0
467,44961,0,100,0.8576235,0.0014444750371330882,0
468,45061,0,100,0.8573068333333334,0.0010491606163850519,0
469,45161,0,100,0.8569901666666666,0.001551110742148012,0
470,45261,0,100,0.8566735,0.001464038226113189,0
471,45361,0,100,0.8563568333333333,0.0014209028867480811,0
472,45461,0,100,0.8560401666666666,0.0009610972343944013,0
473,45561,0,100,0.8557235,0.0011008304948336445,0
474,45661,0,100,0.8554068333333333,0.000920454924198566,0
475,45761,0,100,0.8550901666666667,0.0011371024620893877,0
476,45861,0,100,0.8547735,0.001195219173678197,0
477,45961,0,100,0.8544568333333333,0.0012877003767061978,0
478,46061,0,100,0.8541401666666667,0.0013783745998807717,0
479,46161,0,100,0.8538235,0.001193089364678599,0
480,46261,0,100,0.8535068333333333,0.0011522809337475336,0
481,46361,0,100,0.8531901666666667,0.0017974586378841195,0
482,46461,0,100,0.8528735000000001,0.0012666064483346417,0
483,46561,0,100,0.8525568333333333,0.0012675515611772425,0
484,46661,0,100,0.8522401666666667,0.0014700874035770539,0
485,46761,0,100,0.8519235000000001,0.0009296005502983462,0
486,46861,0,100,0.8516068333333333,0.0010542562362388709,0
487,46961,0,100,0.8512901666666667,0.0010992513741075528,0
488,47002,0.631,41,0.8511603333333333,0.0012648038331152325,1
489,47102,0,100,0.8508436666666667,0.0015851798087533097,0
490,47202,0,100,0.850527,0.0012496976398688275,0
491,47302,0,100,0.8502103333333333,0.0011599304001720157,0
492,47328,0.766,26,0.850128,0.00123749839985976,1
493,47428,0,100,0.8498113333333334,0.0018836558755720035,0
494,47528,0,100,0.8494946666666667,0.001482188305380987,0
495,47628,0,100,0.849178,0.0008078890891920309,0
496,47728,0,100,0.8488613333333334,0.0013879157647897955,0
497,47828,0,100,0.8485446666666667,0.001058018726471346,0
498,47928,0,100,0.848228,0.0009322677254385781,0
499,48028,0,100,0.8479113333333334,0.0018728291924344376,0
500,48128,0,100,0.8475946666666667,0.0015909806521085556,0
501,48228,0,100,0.847278,0.001074634229298681,0
502,48262,0.694,34,0.8471703333333334,0.0013488662627744762,1
503,48362,0,100,0.8468536666666666,0.000978086237446405,0
504,48462,0,100,0.846537,0.0009435664038755931,0
505,48562,0,100,0.8462203333333334,0.0011881914382684045,0
506,48662,0,100,0.8459036666666666,0.0012360950936272275,0
507,48762,0,100,0.845587,0.0009931746216898319,0
508,48862,0,100,0.8452703333333333,0.0009441134113876615,0
509,48962,0,100,0.8449536666666666,0.0014103184190753383,0
510,49062,0,100,0.844637,0.001270450785086723,0
511,49162,0,100,0.8443203333333333,0.0011038468620972709,0
512,49262,0,100,0.8440036666666666,0.000807527171127731,0
513,49296,0.694,34,0.843896,0.0010353236721130088,1
514,49396,0,100,0.8435793333333333,0.0014730191949638538,0
515,49496,0,100,0.8432626666666667,0.000991976609802805,0
516,49596,0,100,0.842946,0.0016161799257679377,0
517,49696,0,100,0.8426293333333333,0.0011704431335965637,0
518,49796,0,100,0.8423126666666667,0.0013505545345833525,0
519,49896,0,100,0.841996,0.0011069750906608532,0
520,49996,0,100,0.8416793333333333,0.0015371289603353943,0
521,50096,0,100,0.8413626666666667,0.001464115394919645,0
522,50196,0,100,0.841046,0.0012513094609312248,0
523,50296,0,100,0.8407293333333333,0.0013502804288873448,0
524,50396,0,100,0.8404126666666667,0.0016785487142624332,0
525,50496,0,100,0.840096,0.0011110304019530304,0
526,50596,0,100,0.8397793333333333,0.002031690766452812,0
527,50696,0,100,0.8394626666666667,0.0009623363919672556,0
528,50796,0,100,0.839146,0.0011037924904667307,0
529,50896,0,100,0.8388293333333333,0.001039406615891494,0
530,50996,0,100,0.8385126666666667,0.0011049136536894367,0
531,51096,0,100,0.8381959999999999,0.0013470524616423063,0
532,51196,0,100,0.8378793333333333,0.0012984072553808802,0
533,51296,0,100,0.8375626666666667,0.0013249586087476929,0
534,51396,0,100,0.8372459999999999,0.0012144236704625655,0
535,51496,0,100,0.8369293333333333,0.0017441927138133907,0
536,51596,0,100,0.8366126666666667,0.0012414311428437942,0
537,51696,0,100,0.836296,0.0014130999230837916,0
538,51796,0,100,0.8359793333333333,0.0009189162129769102,0
539,51896,0,100,0.8356626666666667,0.001396728875261033,0
540,51996,0,100,0.835346,0.0016533362244081217,0
541,52096,0,100,0.8350293333333333,0.0015696784587635193,0
542,52196,0,100,0.8347126666666667,0.0012434124504216014,0
543,52296,0,100,0.834396,0.0011269370441732462,0
544,52396,0,100,0.8340793333333334,0.0017117476418206934,0
545,52496,0,100,0.8337626666666667,0.0016455534267879558,0
546,52596,0,100,0.833446,0.0014398894684563856,0
547,52696,0,100,0.8331293333333334,0.001257229952607304,0
548,52796,0,100,0.8328126666666666,0.0011974770363303833,0
549,52896,0,100,0.832496,0.0009337143853190355,0
550,52996,0,100,0.8321793333333334,0.0010767385456711054,0
551,53096,0,100,0.8318626666666666,0.0015745024758507498,0
552,53196,0,100,0.831546,0.0015397468110313639,0
553,53296,0,100,0.8312293333333334,0.001602732593601104,0
554,53396,0,100,0.8309126666666666,0.0013035063538700343,0
555,53496,0,100,0.830596,0.0017141272583103273,0
556,53596,0,100,0.8302793333333334,0.001598693746345816,0
557,53696,0,100,0.8299626666666666,0.0014926233647565824,0
558,53796,0,100,0.829646,0.0017798218390089459,0
559,53896,0,100,0.8293293333333334,0.001265752294275444,0
560,53996,0,100,0.8290126666666666,0.0011811805239995011,0
561,54096,0,100,0.828696,0.001846909223095281,0
562,54196,0,100,0.8283793333333334,0.0013007523011765443,0
563,54296,0,100,0.8280626666666666,0.0012980163768224883,0
564,54396,0,100,0.827746,0.0014886217267485336,0
565,54496,0,100,0.8274293333333333,0.001152516099245986,0
566,54596,0,100,0.8271126666666666,0.00167891476477962,0
567,54696,0,100,0.826796,0.0009783727007743436,0
568,54796,0,100,0.8264793333333333,0.001432857851323206,0
569,54896,0,100,0.8261626666666666,0.0023449735973554197,0
570,54996,0,100,0.825846,0.0016794705389474984,0
571,55096,0,100,0.8255293333333333,0.0022116226228536106,0
572,55196,0,100,0.8252126666666667,0.0013363093623775058,0
573,55296,0,100,0.824896,0.0016881157865282148,0
574,55396,0,100,0.8245793333333333,0.0020183456955419387,0
575,55496,0,100,0.8242626666666667,0.0013977686630096287,0
576,55596,0,100,0.8239460000000001,0.0022047981366631574,0
577,55696,0,100,0.8236293333333333,0.001968631439958699,0
578,55796,0,100,0.8233126666666667,0.0013128684778348542,0
579,55896,0,100,0.8229960000000001,0.0015218470634135884,0
580,55991,0.14500000000000002,95,0.8226951666666666,0.0012345791146416512,1
581,56091,0,100,0.8223785,0.001880784497479908,0
582,56180,0.19899999999999995,89,0.8220966666666667,0.001197608754011342,1
583,56280,0,100,0.82178,0.0015587487562152092,0
584,56380,0,100,0.8214633333333333,0.001865067227918189,0
585,56480,0,100,0.8211466666666667,0.0015055317454971374,0
586,56499,0.829,19,0.8210865,0.0018403707975889311,1
587,56599,0,100,0.8207698333333333,0.0014030271059891674,0
588,56699,0,100,0.8204531666666667,0.0018168780718406197,0
589,56799,0,100,0.8201365,0.001758352335600648,0
590,56899,0,100,0.8198198333333333,0.0023408418758481277,0
591,56999,0,100,0.8195031666666667,0.0017357662477297709,0
592,57099,0,100,0.8191865,0.001695665399893187,0
593,57199,0,100,0.8188698333333333,0.0016683009499683975,0
594,57299,0,100,0.8185531666666667,0.0012806947801436764,0
595,57399,0,100,0.8182365,0.0016397851581859868,0
596,57499,0,100,0.8179198333333333,0.0020554620813345538,0
597,57516,0.847,17,0.817866,0.0018478338640895398,1
598,57616,0,100,0.8175493333333334,0.001659902934625279,0
599,57716,0,100,0.8172326666666667,0.0020872429972223472,0
600,57816,0,100,0.816916,0.0014297535188961775,0
601,57837,0.8109999999999999,21,0.8168495,0.001499551352545885,1
602,57937,0,100,0.8165328333333333,0.0013119219470536336,0
603,58037,0,100,0.8162161666666666,0.0009944349425495603,0
604,58137,0,100,0.8158995,0.001649897505849367,0
605,58237,0,100,0.8155828333333334,0.0011797523293353152,0
606,58337,0,100,0.8152661666666666,0.001951441470591817,0
607,58437,0,100,0.8149495,0.0014493851173028815,0
608,58537,0,100,0.8146328333333334,0.0013489561215101276,0
609,58637,0,100,0.8143161666666667,0.0015601855525164865,0
610,58737,0,100,0.8139995,0.00112991743531893,0
611,58837,0,100,0.8136828333333334,0.0010650041181361303,0
612,58918,0.2709999999999999,81,0.8134263333333334,0.0012004185625334718,1
613,59018,0,100,0.8131096666666666,0.001677848210092634,0
614,59084,0.4059999999999999,66,0.8129006666666667,0.0017832052244833021,1
615,59109,0.775,25,0.8128215,0.0013305416388902814,1
616,59209,0,100,0.8125048333333333,0.0013975299359299243,0
617,59309,0,100,0.8121881666666666,0.0017913563156616874,0
618,59409,0,100,0.8118715,0.0015522319784213323,0
619,59509,0,100,0.8115548333333333,0.0010971766107832081,0
620,59609,0,100,0.8112381666666667,0.001751797380129574,0
621,59709,0,100,0.8109215,0.0012722577247768641,0
622,59809,0,100,0.8106048333333333,0.00173932656791294,0
623,59909,0,100,0.8102881666666667,0.001631192439381266,0
624,60009,0,100,0.8099715000000001,0.0017556196550140158,0
625,60030,0.8109999999999999,21,0.809905,0.0013436488128112007,1
626,60130,0,100,0.8095883333333334,0.002278520769614261,0
627,60230,0,100,0.8092716666666666,0.0017225358431460335,0
628,60330,0,100,0.808955,0.0019063624358386733,0
629,60384,0.514,54,0.808784,0.0016013352099064461,1
630,60484,0,100,0.8084673333333333,0.0017720673320582136,0
631,60584,0,100,0.8081506666666667,0.0019848965843266343,0
632,60684,0,100,0.8078339999999999,0.0018805959619930944,0
633,60784,0,100,0.8075173333333333,0.0013054308302525896,0
634,60884,0,100,0.8072006666666667,0.0011457444346160627,0
635,60984,0,100,0.8068839999999999,0.0012304768181638792,0
636,61084,0,100,0.8065673333333333,0.001898346199595835,0
637,61184,0,100,0.8062506666666667,0.0015933828570996412,0
638,61284,0,100,0.805934,0.001781433527066838,0
639,61384,0,100,0.8056173333333333,0.0017253701435402035,0
640,61484,0,100,0.8053006666666667,0.0019073309941450133,0
641,61584,0,100,0.804984,0.001861862880323315,0
642,61684,0,100,0.8046673333333333,0.0012333163592847995,0
643,61784,0,100,0.8043506666666667,0.0016802467533852906,0
644,61884,0,100,0.804034,0.001716505019867327,0
645,61984,0,100,0.8037173333333334,0.0015543766466726084,0
646,62084,0,100,0.8034006666666667,0.0014870736860029864,0
647,62184,0,100,0.803084,0.001357615602610167,0
648,62284,0,100,0.8027673333333334,0.0020748834160622207,0
649,62384,0,100,0.8024506666666666,0.002097027906565927,0
650,62484,0,100,0.802134,0.0016200329719868022,0
651,62584,0,100,0.8018173333333334,0.0018511952289554756,0
652,62684,0,100,0.8015006666666666,0.0014715036828420124,0
653,62784,0,100,0.801184,0.0020576485073252114,0
654,62884,0,100,0.8008673333333334,0.001440219100768445,0
655,62984,0,100,0.8005506666666666,0.0017041851083922665,0
656,63084,0,100,0.800234,0.0015565825114026667,0
657,63184,0,100,0.7999173333333334,0.0014377495810913388,0
658,63284,0,100,0.7996006666666666,0.0013945384134422057,0
659,63384,0,100,0.799284,0.001535600302304374,0
660,63484,0,100,0.7989673333333334,0.0019181614786793943,0
661,63584,0,100,0.7986506666666666,0.0020360354479635133,0
662,63684,0,100,0.798334,0.0014491654037556145,0
663,63784,0,100,0.7980173333333334,0.0014498911710688843,0
664,63884,0,100,0.7977006666666666,0.0011702576954849065,0
665,63984,0,100,0.797384,0.0022317157038196454,0
666,64084,0,100,0.7970673333333333,0.002184137500880752,0
667,64184,0,100,0.7967506666666666,0.002363393687119242,0
668,64284,0,100,0.796434,0.002157497765147127,0
669,64384,0,100,0.7961173333333333,0.0022515089900116436,0
670,64484,0,100,0.7958006666666666,0.002089168724778574,0
671,64584,0,100,0.795484,0.001600369327206863,0
672,64684,0,100,0.7951673333333333,0.0020944064937066286,0
673,64774,0.18999999999999995,90,0.7948823333333334,0.0017256420183305939,1
674,64874,0,100,0.7945656666666667,0.0014676868633250707,0
675,64974,0,100,0.794249,0.0024477986348210834,0
676,64975,0.991,1,0.7942458333333333,0.00046655256301164627,1
677,65075,0,100,0.7939291666666667,0.002037219068151899,0
678,65175,0,100,0.7936125,0.0017086041340371595,0
679,65275,0,100,0.7932958333333333,0.0017202041557175106,0
680,65375,0,100,0.7929791666666667,0.0021338313417800236,0
681,65475,0,100,0.7926625,0.0025274043195531704,0
682,65575,0,100,0.7923458333333333,0.0025638983453973195,0
683,65675,0,100,0.7920291666666667,0.0010890361972269603,0
684,65775,0,100,0.7917125,0.001992839737213217,0
685,65875,0,100,0.7913958333333333,0.0018619854099233635,0
686,65975,0,100,0.7910791666666667,0.0017609795849421062,0
687,66075,0,100,0.7907625,0.0016444478527409955,0
688,66082,0.9369999999999999,7,0.7907403333333334,0.0028247103702077375,1
689,66120,0.6579999999999999,38,0.79062,0.0017518922456809761,1
690,66220,0,100,0.7903033333333334,0.0016868463983701076,0
691,66320,0,100,0.7899866666666666,0.0015959369181655348,0
692,66420,0,100,0.78967,0.002258531151455827,0
693,66520,0,100,0.7893533333333334,0.0018585147356498055,0
694,66620,0,100,0.7890366666666666,0.002531587930279784,0
695,66720,0,100,0.78872,0.0016126415520557203,0
696,66820,0,100,0.7884033333333333,0.001869277675432386,0
697,66846,0.766,26,0.788321,0.0029706015517988885,1
698,66904,0.478,58,0.7881373333333334,0.002089687735484592,1
699,67004,0,100,0.7878206666666667,0.0020770994637859985,0
700,67104,0,100,0.787504,0.0023186441528378053,0
701,67204,0,100,0.7871873333333334,0.0023405346350045876,0
702,67304,0,100,0.7868706666666667,0.00180118934775237,0
703,67404,0,100,0.786554,0.002153812975157052,0
704,67504,0,100,0.7862373333333333,0.002416680378955789,0
705,67604,0,100,0.7859206666666667,0.0019142805933370255,0
706,67686,0.262,82,0.7856609999999999,0.0009494725538122399,1
707,67735,0.5589999999999999,49,0.7855058333333333,0.0008421865516408746,1
708,67835,0,100,0.7851891666666666,0.0018432831625977996,0
709,67935,0,100,0.7848725,0.0025336377385247032,0
710,68035,0,100,0.7845558333333333,0.001771506531367777,0
711,68135,0,100,0.7842391666666666,0.002291480818821583,0
712,68235,0,100,0.7839225,0.0015108690416673197,0
713,68335,0,100,0.7836058333333333,0.0017390594449534546,0
714,68435,0,100,0.7832891666666667,0.0017573072666709777,0
715,68535,0,100,0.7829725,0.001851345878385473,0
716,68635,0,100,0.7826558333333333,0.001478769881359767,0
717,68735,0,100,0.7823391666666667,0.001965279071300756,0
718,68835,0,100,0.7820225000000001,0.0022634565367479808,0
719,68935,0,100,0.7817058333333333,0.001833075390313752,0
720,69035,0,100,0.7813891666666667,0.0018689727134187707,0
721,69135,0,100,0.7810725000000001,0.002110061361163389,0
722,69235,0,100,0.7807558333333333,0.002051629076595418,0
723,69335,0,100,0.7804391666666667,0.00267998478084337,0
724,69367,0.712,32,0.7803378333333333,0.0015771076150485897,1
725,69467,0,100,0.7800211666666667,0.002334610575053375,0
726,69567,0,100,0.7797045,0.003015866918431129,0
727,69667,0,100,0.7793878333333333,0.002232525449071545,0
728,69767,0,100,0.7790711666666666,0.0018040175261558034,0
729,69867,0,100,0.7787545,0.0022341877948201727,0
730,69967,0,100,0.7784378333333333,0.001860412152018398,0
731,70067,0,100,0.7781211666666666,0.002199630239920225,0
732,70167,0,100,0.7778045,0.002751067039789632,0
733,70267,0,100,0.7774878333333333,0.0016886226963833905,0
734,70367,0,100,0.7771711666666666,0.0016540479857940227,0
735,70467,0,100,0.7768545,0.0016092793102143333,0
736,70567,0,100,0.7765378333333334,0.0020654259392176755,0
737,70667,0,100,0.7762211666666666,0.0017456186670460738,0
738,70767,0,100,0.7759045,0.0019398010877193883,0
739,70867,0,100,0.7755878333333334,0.0025659967432147823,0
740,70967,0,100,0.7752711666666667,0.0021600770595250653,0
741,71067,0,100,0.7749545,0.0024407081477693282,0
742,71167,0,100,0.7746378333333334,0.002301805150345899,0
743,71267,0,100,0.7743211666666667,0.0017819499326287768,0
744,71367,0,100,0.7740045,0.002382098930538632,0
745,71467,0,100,0.7736878333333334,0.0021124452661024406,0
746,71567,0,100,0.7733711666666667,0.0021516845558653586,0
747,71667,0,100,0.7730545,0.001676846293557901,0
748,71673,0.946,6,0.7730355,0.0006759830963953087,1
749,71773,0,100,0.7727188333333334,0.002176766862248769,0
750,71873,0,100,0.7724021666666667,0.0031066790595650675,0
751,71973,0,100,0.7720855,0.002130806037748698,0
752,72073,0,100,0.7717688333333333,0.0021081379608949647,0
753,72173,0,100,0.7714521666666667,0.00248043178988155,0
754,72273,0,100,0.7711355,0.0014952269126661123,0
755,72373,0,100,0.7708188333333333,0.002200532365386607,0
756,72473,0,100,0.7705021666666667,0.0022671770324814134,0
757,72573,0,100,0.7701855,0.002182783560710959,0
758,72673,0,100,0.7698688333333333,0.0021611117891734465,0
759,72773,0,100,0.7695521666666667,0.0026106078826705925,0
760,72873,0,100,0.7692355,0.0016571126444614491,0
761,72973,0,100,0.7689188333333333,0.002078425140498439,0
762,73073,0,100,0.7686021666666667,0.002809097486024257,0
763,73173,0,100,0.7682855,0.0022651134501211344,0
764,73273,0,100,0.7679688333333333,0.0019282304286025464,0
765,73373,0,100,0.7676521666666667,0.0014171366195660084,0
766,73473,0,100,0.7673355,0.0022177989257033915,0
767,73573,0,100,0.7670188333333333,0.002715974730090238,0
768,73673,0,100,0.7667021666666667,0.001527416316966992,0
769,73773,0,100,0.7663854999999999,0.0017217940594127868,0
770,73873,0,100,0.7660688333333333,0.0014976605215633754,0
771,73973,0,100,0.7657521666666667,0.0018454716776614077,0
772,74073,0,100,0.7654354999999999,0.0027819729936891234,0
773,74173,0,100,0.7651188333333333,0.0021077624097233637,0
774,74273,0,100,0.7648021666666667,0.002065987176611088,0
775,74373,0,100,0.7644854999999999,0.002683795334305614,0
776,74473,0,100,0.7641688333333333,0.002492163782881107,0
777,74573,0,100,0.7638521666666667,0.001937874750001356,0
778,74609,0.6759999999999999,36,0.7637381666666667,0.001436956693295441,1
779,74709,0,100,0.7634215,0.0035300653602462263,0
780,74809,0,100,0.7631048333333333,0.0016717397887259721,0
781,74909,0,100,0.7627881666666667,0.002181380105903372,0
782,75009,0,100,0.7624715,0.002414806814631447,0
783,75079,0.37,70,0.7622498333333333,0.0021039877839419724,1
784,75179,0,100,0.7619331666666667,0.0018482967995805666,0
785,75279,0,100,0.7616165,0.002917170376458671,0
786,75379,0,100,0.7612998333333334,0.001963025294826366,0
787,75479,0,100,0.7609831666666667,0.0025869770439749117,0
788,75579,0,100,0.7606665,0.002749129130970687,0
789,75679,0,100,0.7603498333333334,0.0018652945844223722,0
790,75768,0.19899999999999995,89,0.760068,0.001773111364579226,1
791,75868,0,100,0.7597513333333333,0.0020031298101821447,0
792,75968,0,100,0.7594346666666667,0.0019218177044240292,0
793,76068,0,100,0.759118,0.002062931704858784,0
794,76136,0.3879999999999999,68,0.7589026666666667,0.0030047231587506007,1
795,76236,0,100,0.758586,0.002713649396609981,0
796,76336,0,100,0.7582693333333334,0.002591424962010933,0
797,76436,0,100,0.7579526666666667,0.001816311652364675,0
798,76536,0,100,0.757636,0.0024909035334712824,0
799,76636,0,100,0.7573193333333333,0.0016026115219574422,0
800,76736,0,100,0.7570026666666667,0.0019732532209309284,0
801,76836,0,100,0.756686,0.002358618898288114,0
802,76936,0,100,0.7563693333333333,0.0024528773996280507,0
803,77036,0,100,0.7560526666666667,0.0022450672404374927,0
804,77136,0,100,0.755736,0.0023268467860179955,0
805,77236,0,100,0.7554193333333333,0.00260845529002836,0
806,77299,0.43299999999999994,63,0.7552198333333333,0.002218425693359995,1
807,77399,0,100,0.7549031666666667,0.0023006210569292305,0
808,77499,0,100,0.7545865,0.001505166260903934,0
809,77599,0,100,0.7542698333333333,0.002235637202102225,0
810,77699,0,100,0.7539531666666667,0.0017519856704166158,0
811,77799,0,100,0.7536365,0.0026941980558331125,0
812,77899,0,100,0.7533198333333333,0.002408693936886266,0
813,77999,0,100,0.7530031666666667,0.0026555330256815067,0
814,78099,0,100,0.7526865,0.0021299090239335784,0
815,78199,0,100,0.7523698333333333,0.001763914078765083,0
816,78299,0,100,0.7520531666666667,0.0027146394565352237,0
817,78399,0,100,0.7517365,0.0020791112614097075,0
818,78499,0,100,0.7514198333333333,0.0024629995037685148,0
819,78599,0,100,0.7511031666666667,0.0026426935583003797,0
820,78699,0,100,0.7507865,0.0017011881808866747,0
821,78799,0,100,0.7504698333333333,0.0022359531887923365,0
822,78899,0,100,0.7501531666666666,0.0017659404984442517,0
823,78999,0,100,0.7498365,0.0022968776924244595,0
824,79099,0,100,0.7495198333333333,0.002044025482609868,0
825,79199,0,100,0.7492031666666666,0.0021221672202227635,0
826,79299,0,100,0.7488865,0.0021501823718426748,0
827,79399,0,100,0.7485698333333333,0.0024572279572021216,0
828,79499,0,100,0.7482531666666667,0.0026343066382105464,0
829,79599,0,100,0.7479365,0.0027728120950632727,0
830,79699,0,100,0.7476198333333333,0.0025430000985215886,0
831,79799,0,100,0.7473031666666667,0.002226703702763189,0
832,79899,0,100,0.7469865,0.002436074691649992,0
833,79999,0,100,0.7466698333333333,0.0022657193796476347,0
834,80099,0,100,0.7463531666666667,0.0026289249624824153,0
835,80129,0.73,30,0.7462581666666667,0.0018918131138586129,1
836,80229,0,100,0.7459415,0.0019909050557180307,0
837,80329,0,100,0.7456248333333333,0.00317665952257812,0
838,80429,0,100,0.7453081666666667,0.0023975980997784064,0
839,80529,0,100,0.7449915,0.0022932830895297227,0
840,80629,0,100,0.7446748333333333,0.0018341425349353813,0
841,80729,0,100,0.7443581666666667,0.0030279163041268477,0
842,80829,0,100,0.7440415,0.002335223041009158,0
843,80929,0,100,0.7437248333333333,0.002081097467453219,0
844,81029,0,100,0.7434081666666666,0.001991863506264053,0
845,81129,0,100,0.7430915,0.0031200236262520775,0
846,81199,0.37,70,0.7428698333333333,0.001984704823449387,1
847,81299,0,100,0.7425531666666667,0.003405036872718483,0
848,81399,0,100,0.7422365,0.00276888195250649,0
849,81499,0,100,0.7419198333333333,0.0033504439936950805,0
850,81599,0,100,0.7416031666666667,0.0021718091415823437,0
851,81699,0,100,0.7412865,0.002996740604285151,0
852,81799,0,100,0.7409698333333333,0.0023092738303239456,0
853,81899,0,100,0.7406531666666667,0.002275261955219321,0
854,81999,0,100,0.7403365,0.0026978543732548133,0
855,82099,0,100,0.7400198333333333,0.003978609195910394,0
856,82137,0.6579999999999999,38,0.7398994999999999,0.0032640685523419003,1
857,82237,0,100,0.7395828333333334,0.0021107147727161646,0
858,82329,0.17199999999999993,92,0.7392915,0.003053323431547893,1
859,82429,0,100,0.7389748333333332,0.0027315997175173835,0
860,82529,0,100,0.7386581666666667,0.002165002428810112,0
861,82629,0,100,0.7383415,0.0034903207878232935,0
862,82729,0,100,0.7380248333333334,0.002054673036618624,0
863,82829,0,100,0.7377081666666667,0.001729199734982103,0
864,82929,0,100,0.7373915,0.0030465813641785645,0
865,83029,0,100,0.7370748333333333,0.0016508771883673036,0
866,83129,0,100,0.7367581666666667,0.0027590727506321853,0
867,83229,0,100,0.7364415,0.002283371793164406,0
868,83329,0,100,0.7361248333333333,0.002186987676250283,0
869,83429,0,100,0.7358081666666667,0.0022077179382904433,0
870,83529,0,100,0.7354915,0.0028185121415299362,0
871,83629,0,100,0.7351748333333333,0.0027065371358185077,0
872,83729,0,100,0.7348581666666667,0.0025999025590135714,0
873,83829,0,100,0.7345415,0.0018940894652041606,0
874,83929,0,100,0.7342248333333333,0.0019498733899672516,0
875,84029,0,100,0.7339081666666667,0.002203266744327266,0
876,84129,0,100,0.7335915,0.0028100099173025226,0
877,84229,0,100,0.7332748333333333,0.0030735064478358254,0
878,84329,0,100,0.7329581666666667,0.002610553143895231,0
879,84429,0,100,0.7326415,0.0032689787822891957,0
880,84529,0,100,0.7323248333333333,0.003578054970421363,0
881,84629,0,100,0.7320081666666667,0.0023276470828568563,0
882,84729,0,100,0.7316914999999999,0.0019230546269682236,0
883,84829,0,100,0.7313748333333333,0.002380259793426376,0
884,84929,0,100,0.7310581666666667,0.0027711595306755044,0
885,85029,0,100,0.7307414999999999,0.0028596584356273525,0
886,85129,0,100,0.7304248333333334,0.003601348498486914,0
887,85229,0,100,0.7301081666666667,0.002651879278710112,0
888,85329,0,100,0.7297914999999999,0.002304014531255234,0
889,85429,0,100,0.7294748333333334,0.002413360945356544,0
890,85529,0,100,0.7291581666666667,0.002367566384491511,0
891,85629,0,100,0.7288414999999999,0.002561554936255561,0
892,85729,0,100,0.7285248333333334,0.0026818874487071296,0
893,85829,0,100,0.7282081666666667,0.0025198626349447295,0
894,85929,0,100,0.7278915,0.0024553478937014007,0
895,86029,0,100,0.7275748333333334,0.0037275033033802173,0
896,86108,0.2889999999999999,79,0.7273246666666666,0.003391510703824932,1
897,86208,0,100,0.727008,0.003292200943105854,0
898,86308,0,100,0.7266913333333334,0.003068000891362317,0
899,86408,0,100,0.7263746666666666,0.0024027701333398,0
900,86508,0,100,0.726058,0.003342341889219824,0
901,86608,0,100,0.7257413333333333,0.004136820074054412,0
902,86708,0,100,0.7254246666666666,0.003762872839870397,0
903,86808,0,100,0.725108,0.002895834260270931,0
904,86908,0,100,0.7247913333333333,0.0031835439032875,0
905,87008,0,100,0.7244746666666666,0.0031415428969194183,0
906,87108,0,100,0.7241580000000001,0.0029975712907616982,0
907,87208,0,100,0.7238413333333333,0.002832647176401224,0
908,87308,0,100,0.7235246666666666,0.0029385690367780626,0
909,87408,0,100,0.7232080000000001,0.002790469058090821,0
910,87508,0,100,0.7228913333333333,0.0025663936990895308,0
911,87608,0,100,0.7225746666666666,0.0025195462314877657,0
912,87708,0,100,0.7222580000000001,0.0034326165757374836,0
913,87756,0.5680000000000001,48,0.7221059999999999,0.003246148009566241,1
914,87856,0,100,0.7217893333333334,0.0028016871586441995,0
915,87956,0,100,0.7214726666666667,0.003701677902135998,0
916,88056,0,100,0.721156,0.003462714412598871,0
917,88075,0.829,19,0.7210958333333333,0.005108807664854746,1
918,88175,0,100,0.7207791666666666,0.003808512594550848,0
919,88275,0,100,0.7204625,0.004022030843188986,0
920,88375,0,100,0.7201458333333333,0.0027213826641673223,0
921,88475,0,100,0.7198291666666667,0.001989694967633113,0
922,88575,0,100,0.7195125,0.0028827322489814833,0
923,88675,0,100,0.7191958333333333,0.003980843063327483,0
924,88775,0,100,0.7188791666666667,0.002251387873548083,0
925,88875,0,100,0.7185625,0.0023698187363334,0
926,88975,0,100,0.7182458333333333,0.0024268146633403377,0
927,89075,0,100,0.7179291666666667,0.002706290116184391,0
928,89175,0,100,0.7176125,0.002213520744990092,0
929,89275,0,100,0.7172958333333334,0.0033774179685860874,0
930,89375,0,100,0.7169791666666667,0.0033506934667821044,0
931,89475,0,100,0.7166625,0.0036716942026396283,0
932,89541,0.4059999999999999,66,0.7164535000000001,0.003835053635570644,1
933,89596,0.5049999999999999,55,0.7162793333333333,0.0035305486822670156,1
934,89696,0,100,0.7159626666666666,0.002249176987388637,0
935,89796,0,100,0.715646,0.0032580359702114947,0
936,89896,0,100,0.7153293333333333,0.0023066005177679472,0
937,89971,0.32499999999999996,75,0.7150918333333334,0.0032222640110800664,1
938,90071,0,100,0.7147751666666666,0.002745791373308748,0
939,90171,0,100,0.7144585,0.0037816984485834837,0
940,90271,0,100,0.7141418333333334,0.0026958823433960786,0
941,90371,0,100,0.7138251666666666,0.0025317678702413103,0
942,90471,0,100,0.7135085,0.0025893366878153756,0
943,90571,0,100,0.7131918333333334,0.0025054916343651714,0
944,90671,0,100,0.7128751666666666,0.0027455581261892803,0
945,90745,0.33399999999999996,74,0.7126408333333334,0.003539086934619558,1
946,90845,0,100,0.7123241666666666,0.002068007887864951,0
947,90945,0,100,0.7120075,0.0032805411939625627,0
948,90956,0.901,11,0.7119726666666666,0.0022483691149814563,1
949,91056,0,100,0.7116560000000001,0.0026295408472651618,0
950,91156,0,100,0.7113393333333333,0.0031279748177621513,0
951,91256,0,100,0.7110226666666666,0.0029851300214068033,0
952,91356,0,100,0.7107060000000001,0.0033514839643612503,0
953,91411,0.5049999999999999,55,0.7105318333333333,0.004178109241183847,1
954,91511,0,100,0.7102151666666667,0.004288295759470202,0
955,91516,0.955,5,0.7101993333333334,0.0031695290468633174,1
956,91616,0,100,0.7098826666666667,0.003569128207745962,0
957,91716,0,100,0.7095659999999999,0.004884086486999877,0
958,91816,0,100,0.7092493333333334,0.003049454129359219,0
959,91916,0,100,0.7089326666666667,0.0031152837871923113,0
960,92016,0,100,0.708616,0.0025869794093887322,0
961,92116,0,100,0.7082993333333334,0.0032688556271023117,0
962,92216,0,100,0.7079826666666666,0.0027786678317352196,0
963,92316,0,100,0.707666,0.0033374962166999467,0
964,92416,0,100,0.7073493333333334,0.00248070093075512,0
965,92516,0,100,0.7070326666666666,0.003570638781238813,0
966,92616,0,100,0.706716,0.0027906638957210816,0
967,92716,0,100,0.7063993333333334,0.0016989217480295339,0
968,92816,0,100,0.7060826666666666,0.003043777647835668,0
969,92852,0.6759999999999999,36,0.7059686666666667,0.0032234194998939833,1
970,92952,0,100,0.705652,0.0023990865054656753,0
971,93052,0,100,0.7053353333333333,0.0029589004532317633,0
972,93152,0,100,0.7050186666666667,0.0037504365170025265,0
973,93252,0,100,0.7047019999999999,0.003600373490480706,0
974,93293,0.631,41,0.7045721666666667,0.00216263381937496,1
975,93393,0,100,0.7042554999999999,0.0033621306961867958,0
976,93414,0.8109999999999999,21,0.704189,0.002509308613038489,1
977,93514,0,100,0.7038723333333333,0.003116070223331917,0
978,93614,0,100,0.7035556666666667,0.002755406734358985,0
979,93714,0,100,0.703239,0.0023928360402351244,0
980,93814,0,100,0.7029223333333333,0.0025695135648129506,0
981,93914,0,100,0.7026056666666667,0.0029593569581629706,0
982,94014,0,100,0.7022889999999999,0.0031797710177488623,0
983,94114,0,100,0.7019723333333333,0.002842463963315822,0
984,94214,0,100,0.7016556666666667,0.003053489949379582,0
985,94314,0,100,0.7013389999999999,0.00337835140817333,0
986,94414,0,100,0.7010223333333333,0.0033086342783644794,0
987,94514,0,100,0.7007056666666667,0.0027548939702683128,0
988,94586,0.352,72,0.7004776666666667,0.002944019984877539,1
989,94686,0,100,0.700161,0.0027431149591575377,0
990,94786,0,100,0.6998443333333333,0.0037312089800252577,0
991,94886,0,100,0.6995276666666667,0.002183565762388753,0
992,94986,0,100,0.699211,0.003615312263718806,0
993,95063,0.30699999999999994,77,0.6989671666666666,0.002782435987942985,1
994,95163,0,100,0.6986505000000001,0.002130914643057622,0
995,95263,0,100,0.6983338333333333,0.0030045349622378125,0
996,95363,0,100,0.6980171666666667,0.002280265827139374,0
997,95463,0,100,0.6977005000000001,0.0025433217083627824,0
998,95563,0,100,0.6973838333333333,0.0034430552888079545,0
999,95663,0,100,0.6970671666666667,0.003168667863064911,0
1000,95763,0,100,0.6967505,0.002954062893986702,0
1001,95863,0,100,0.6964338333333333,0.0023868034355109557,0
1002,95963,0,100,0.6961171666666667,0.0026122923358343542,0
1003,96063,0,100,0.6958005,0.0037382981451810336,0
1004,96163,0,100,0.6954838333333333,0.0030428965704049917,0
1005,96263,0,100,0.6951671666666667,0.002671857698878739,0
1006,96363,0,100,0.6948505,0.0021514625009149313,0
1007,96463,0,100,0.6945338333333333,0.002576209574181121,0
1008,96563,0,100,0.6942171666666667,0.002401323247177061,0
1009,96663,0,100,0.6939005,0.0030572893848875536,0
1010,96763,0,100,0.6935838333333333,0.002801425271318294,0
1011,96863,0,100,0.6932671666666667,0.003051200199697632,0
1012,96963,0,100,0.6929505,0.003709254640270956,0
1013,97063,0,100,0.6926338333333333,0.0025506294853403235,0
1014,97163,0,100,0.6923171666666667,0.0034958282654406502,0
1015,97263,0,100,0.6920005,0.0027798788028303534,0
1016,97363,0,100,0.6916838333333333,0.0028131163108628243,0
1017,97463,0,100,0.6913671666666666,0.004309541553084273,0
1018,97563,0,100,0.6910505,0.003080512648448348,0
1019,97663,0,100,0.6907338333333333,0.002796710456022993,0
1020,97763,0,100,0.6904171666666666,0.0029250646961736493,0
1021,97863,0,100,0.6901005,0.002861503288440872,0
1022,97963,0,100,0.6897838333333333,0.003560812557989266,0
1023,98063,0,100,0.6894671666666667,0.0023382630007108673,0
1024,98163,0,100,0.6891505,0.0049049932564958,0
1025,98237,0.33399999999999996,74,0.6889161666666667,0.0031721187579269346,1
1026,98337,0,100,0.6885995,0.0033546435000607745,0
1027,98437,0,100,0.6882828333333333,0.003981942641257774,0
1028,98537,0,100,0.6879661666666667,0.0030683197322650814,0
1029,98637,0,100,0.6876495,0.0030876732475007885,0
1030,98737,0,100,0.6873328333333333,0.0029812542110448704,0
1031,98755,0.838,18,0.6872758333333333,0.002235329654973207,1
1032,98855,0,100,0.6869591666666667,0.004057424564962275,0
1033,98922,0.3969999999999999,67,0.686747,0.003743058870678573,1
1034,99022,0,100,0.6864303333333333,0.002768103378184605,0
1035,99122,0,100,0.6861136666666667,0.003207919133710675,0
1036,99222,0,100,0.685797,0.004490472552133724,0
1037,99322,0,100,0.6854803333333332,0.002781441956758499,0
1038,99422,0,100,0.6851636666666667,0.003669922609697096,0
1039,99522,0,100,0.684847,0.0030005940279806964,0
1040,99622,0,100,0.6845303333333334,0.0027607137119048273,0
1041,99722,0,100,0.6842136666666667,0.0037045152953942306,0
1042,99822,0,100,0.683897,0.005053977814386598,0
1043,99922,0,100,0.6835803333333333,0.00365224129462149,0
1044,100022,0,100,0.6832636666666667,0.004474854732397944,0
1045,100122,0,100,0.682947,0.0040877915523014965,0
1046,100222,0,100,0.6826303333333333,0.003760325212206226,0
1047,100322,0,100,0.6823136666666667,0.0030197021891945042,0
1048,100422,0,100,0.681997,0.0027292700923862868,0
1049,100522,0,100,0.6816803333333333,0.0038007523384294474,0
1050,100622,0,100,0.6813636666666667,0.0040631378872785714,0
1051,100722,0,100,0.681047,0.004071542378223967,0
1052,100822,0,100,0.6807303333333333,0.0035390369119704702,0
1053,100922,0,100,0.6804136666666667,0.002973917360068299,0
1054,101022,0,100,0.680097,0.0026470797840738667,0
1055,101110,0.20799999999999996,88,0.6798183333333333,0.003235516158879777,1
1056,101126,0.856,16,0.6797676666666667,0.004334898494562367,1
1057,101226,0,100,0.679451,0.0023889166183653286,0
1058,101326,0,100,0.6791343333333333,0.004200014577654656,0
1059,101426,0,100,0.6788176666666667,0.0036879351735115053,0
1060,101526,0,100,0.678501,0.004183028129627928,0
1061,101626,0,100,0.6781843333333333,0.004054536452749744,0
1062,101726,0,100,0.6778676666666666,0.003512976107886061,0
1063,101826,0,100,0.677551,0.0021121650672284885,0
1064,101926,0,100,0.6772343333333333,0.002240812152158469,0
1065,102026,0,100,0.6769176666666666,0.003581106363562867,0
1066,102036,0.91,10,0.676886,0.001672676409361884,1
1067,102136,0,100,0.6765693333333334,0.004515956011018716,0
1068,102236,0,100,0.6762526666666666,0.004513645918341354,0
1069,102336,0,100,0.675936,0.004169665296794847,0
1070,102436,0,100,0.6756193333333333,0.0045889878849266095,0
1071,102536,0,100,0.6753026666666666,0.0034392222424503415,0
1072,102636,0,100,0.674986,0.003038277351297438,0
1073,102736,0,100,0.6746693333333333,0.0034121996810426935,0
1074,102836,0,100,0.6743526666666666,0.002291230445844121,0
1075,102936,0,100,0.6740360000000001,0.004227589382790029,0
1076,103036,0,100,0.6737193333333333,0.003245483958744444,0
1077,103136,0,100,0.6734026666666666,0.003960889016452711,0
1078,103236,0,100,0.6730860000000001,0.0032864809880265968,0
1079,103336,0,100,0.6727693333333333,0.00372947209601989,0
1080,103436,0,100,0.6724526666666666,0.0035600220525520854,0
1081,103536,0,100,0.6721360000000001,0.003751480525243096,0
1082,103636,0,100,0.6718193333333333,0.0034513747793971563,0
1083,103736,0,100,0.6715026666666666,0.0037670120838447473,0
1084,103836,0,100,0.6711860000000001,0.0032358277263119816,0
1085,103936,0,100,0.6708693333333333,0.004585412190645002,0
1086,103937,0.991,1,0.6708661666666667,0.004795640707015991,1
1087,104037,0,100,0.6705495,0.004220564991410356,0
1088,104137,0,100,0.6702328333333334,0.004056634203006979,0
1089,104237,0,100,0.6699161666666666,0.0035854579784790983,0
1090,104337,0,100,0.6695995,0.002640228393720463,0
1091,104437,0,100,0.6692828333333334,0.0032708977052243425,0
1092,104537,0,100,0.6689661666666666,0.0038075180049054326,0
1093,104637,0,100,0.6686495,0.003728081767912954,0
1094,104737,0,100,0.6683328333333334,0.0023079732846235856,0
1095,104837,0,100,0.6680161666666666,0.005000011828960851,0
1096,104937,0,100,0.6676995,0.004293907865649089,0
1097,105037,0,100,0.6673828333333334,0.0033298979816026985,0
1098,105137,0,100,0.6670661666666666,0.003919809276994784,0
1099,105237,0,100,0.6667495,0.0036486220909864643,0
1100,105337,0,100,0.6664328333333334,0.004271934436983429,0
1101,105437,0,100,0.6661161666666666,0.0026420868624700234,0
1102,105537,0,100,0.6657995,0.0029716350400121883,0
1103,105637,0,100,0.6654828333333334,0.0031597355188569052,0
1104,105737,0,100,0.6651661666666666,0.005094088388432283,0
1105,105837,0,100,0.6648495,0.0035034319380065427,0
1106,105937,0,100,0.6645328333333334,0.0025914235768141223,0
1107,106037,0,100,0.6642161666666666,0.004572776022250764,0
1108,106137,0,100,0.6638995,0.002703907148097642,0
1109,106237,0,100,0.6635828333333333,0.003911098352109548,0
1110,106337,0,100,0.6632661666666666,0.0036332858802052216,0
1111,106437,0,100,0.6629495,0.004823986369010527,0
1112,106537,0,100,0.6626328333333333,0.0029575218667741866,0
1113,106637,0,100,0.6623161666666666,0.002624799153127242,0
1114,106737,0,100,0.6619995000000001,0.0038445687110652215,0
1115,106837,0,100,0.6616828333333333,0.002167197040107567,0
1116,106937,0,100,0.6613661666666666,0.0025525204912992196,0
1117,107037,0,100,0.6610495000000001,0.003522681237081997,0
1118,107137,0,100,0.6607328333333333,0.004554179387632758,0
1119,107237,0,100,0.6604161666666666,0.004099656898761168,0
1120,107337,0,100,0.6600995000000001,0.004305911097326316,0
1121,107437,0,100,0.6597828333333333,0.004045291994116269,0
1122,107537,0,100,0.6594661666666667,0.003762365519069135,0
1123,107637,0,100,0.6591495,0.0031338186928769572,0
1124,107737,0,100,0.6588328333333333,0.002980018075904809,0
1125,107837,0,100,0.6585161666666667,0.002847119302023202,0
1126,107937,0,100,0.6581995,0.00313693930656882,0
1127,107963,0.766,26,0.6581171666666666,0.0028665858452978474,1
1128,108063,0,100,0.6578005,0.0035994991462212056,0
1129,108163,0,100,0.6574838333333333,0.0042350592659204265,0
1130,108263,0,100,0.6571671666666666,0.002851261594332755,0
1131,108363,0,100,0.6568505,0.0038345392773044295,0
1132,108463,0,100,0.6565338333333333,0.0034964258610852995,0
1133,108563,0,100,0.6562171666666667,0.0029566966227139346,0
1134,108590,0.757,27,0.6561316666666667,0.006618583318346215,1
1135,108690,0,100,0.655815,0.0024807459433213806,0
1136,108790,0,100,0.6554983333333333,0.0042958784714573995,0
1137,108890,0,100,0.6551816666666667,0.0033101988895214165,0
1138,108990,0,100,0.654865,0.0037227654550224545,0
1139,109090,0,100,0.6545483333333333,0.0036951695079915224,0
1140,109190,0,100,0.6542316666666667,0.0055546033513383004,0
1141,109290,0,100,0.653915,0.004419819308095612,0
1142,109308,0.838,18,0.653858,0.0028181763514617663,1
1143,109408,0,100,0.6535413333333333,0.0039034330446156675,0
1144,109508,0,100,0.6532246666666667,0.003914256165153347,0
1145,109608,0,100,0.652908,0.0037903854885371403,0
1146,109708,0,100,0.6525913333333333,0.0034757917726528833,0
1147,109782,0.33399999999999996,74,0.6523570000000001,0.0036911079223500565,1
1148,109882,0,100,0.6520403333333333,0.00343189016537508,0
1149,109982,0,100,0.6517236666666666,0.0045063313154969364,0
1150,110082,0,100,0.6514070000000001,0.0041161732620093976,0
1151,110182,0,100,0.6510903333333333,0.0036668106928118504,0
1152,110282,0,100,0.6507736666666666,0.003150091399147641,0
1153,110382,0,100,0.6504570000000001,0.0027289695708896033,0
1154,110482,0,100,0.6501403333333333,0.0051541525812353935,0
1155,110582,0,100,0.6498236666666667,0.004407358185271732,0
1156,110682,0,100,0.6495070000000001,0.004443690087646246,0
1157,110782,0,100,0.6491903333333333,0.002936774077825248,0
1158,110882,0,100,0.6488736666666667,0.003438808487262577,0
1159,110956,0.33399999999999996,74,0.6486393333333333,0.005275534069074343,1
1160,111028,0.352,72,0.6484113333333333,0.004814384532235433,1
1161,111128,0,100,0.6480946666666667,0.005152740627527237,0
1162,111228,0,100,0.647778,0.003991342195076868,0
1163,111328,0,100,0.6474613333333333,0.004072612658201251,0
1164,111428,0,100,0.6471446666666667,0.0037714429578045382,0
1165,111528,0,100,0.646828,0.0038046805615886115,0
1166,111628,0,100,0.6465113333333333,0.0025940234391600824,0
1167,111728,0,100,0.6461946666666667,0.0038271111200447196,0
1168,111828,0,100,0.645878,0.004244085530226585,0
1169,111928,0,100,0.6455613333333333,0.0039438969659386204,0
1170,112028,0,100,0.6452446666666667,0.0031439867496374065,0
1171,112128,0,100,0.644928,0.0037413800152717156,0
1172,112228,0,100,0.6446113333333333,0.004291869708977174,0
1173,112328,0,100,0.6442946666666667,0.003040672263305169,0
1174,112428,0,100,0.6439779999999999,0.0034708253090502696,0
1175,112470,0.622,42,0.643845,0.004591678380772161,1
1176,112570,0,100,0.6435283333333333,0.004185986222291831,0
1177,112670,0,100,0.6432116666666667,0.0038684369897237047,0
1178,112770,0,100,0.642895,0.002886159212503117,0
1179,112870,0,100,0.6425783333333333,0.0033926940159290098,0
1180,112970,0,100,0.6422616666666667,0.0032876742864027617,0
1181,113070,0,100,0.641945,0.00415773932414595,0
1182,113170,0,100,0.6416283333333334,0.0030037747233291156,0
1183,113270,0,100,0.6413116666666667,0.002813558844209183,0
1184,113370,0,100,0.640995,0.004117776922939811,0
1185,113382,0.892,12,0.640957,0.00944907107623294,1
1186,113482,0,100,0.6406403333333333,0.004516471001843456,0
1187,113582,0,100,0.6403236666666667,0.005349911327939481,0
1188,113682,0,100,0.640007,0.00310096974048065,0
1189,113782,0,100,0.6396903333333332,0.00399448986951029,0
1190,113791,0.919,9,0.6396618333333333,0.013377657884524928,1
1191,113891,0,100,0.6393451666666667,0.004401637765695341,0
1192,113991,0,100,0.6390285,0.003061105376109481,0
1193,114041,0.55,50,0.6388701666666667,0.005489479100215249,1
1194,114141,0,100,0.6385535,0.0043740916368551555,0
1195,114241,0,100,0.6382368333333333,0.0047327267201035285,0
1196,114341,0,100,0.6379201666666667,0.004143265353632159,0
1197,114441,0,100,0.6376035,0.003711943048401736,0
1198,114541,0,100,0.6372868333333332,0.003281980096071493,0
1199,114641,0,100,0.6369701666666667,0.0032374555652495474,0
1200,114741,0,100,0.6366535,0.004245138733822386,0
1201,114841,0,100,0.6363368333333334,0.003208661774115171,0
1202,114941,0,100,0.6360201666666667,0.003416859447315801,0
1203,115041,0,100,0.6357035,0.003602356983756181,0
1204,115141,0,100,0.6353868333333333,0.003207274890737608,0
1205,115241,0,100,0.6350701666666667,0.0037327925945282916,0
1206,115341,0,100,0.6347535,0.006002349590999074,0
1207,115441,0,100,0.6344368333333333,0.002873009382165037,0
1208,115541,0,100,0.6341201666666667,0.0037745127273956314,0
1209,115641,0,100,0.6338035,0.005040498279267922,0
1210,115703,0.44199999999999995,62,0.6336071666666667,0.004074482356138047,1
1211,115803,0,100,0.6332905,0.003037409327516798,0
1212,115903,0,100,0.6329738333333333,0.003503003030491527,0
1213,116003,0,100,0.6326571666666667,0.003871289239905309,0
1214,116035,0.712,32,0.6325558333333333,0.004321852211432997,1
1215,116135,0,100,0.6322391666666667,0.0044276952999643985,0
1216,116218,0.253,83,0.6319763333333333,0.0031804105726979583,1
1217,116318,0,100,0.6316596666666667,0.003926147851452697,0
1218,116418,0,100,0.631343,0.002549242609238718,0
1219,116518,0,100,0.6310263333333334,0.0036878915948909707,0
1220,116618,0,100,0.6307096666666667,0.0042211975791724395,0
1221,116718,0,100,0.630393,0.005682727531238925,0
1222,116818,0,100,0.6300763333333333,0.004605467267683707,0
1223,116821,0.973,3,0.6300668333333334,0.0023070503181467452,1
1224,116833,0.892,12,0.6300288333333333,0.00197591983305756,1
1225,116933,0,100,0.6297121666666667,0.00527784953796072,0
1226,117033,0,100,0.6293955,0.003945946249586996,0
1227,117133,0,100,0.6290788333333333,0.005134415046777576,0
1228,117233,0,100,0.6287621666666667,0.005024512645904906,0
1229,117333,0,100,0.6284455,0.0035942905372940005,0
1230,117433,0,100,0.6281288333333332,0.004764971526747104,0
1231,117533,0,100,0.6278121666666667,0.0038750748612801545,0
1232,117633,0,100,0.6274955,0.003581262176448945,0
1233,117660,0.757,27,0.62741,0.0038672018326232553,1
1234,117760,0,100,0.6270933333333333,0.003412042603595182,0
1235,117802,0.622,42,0.6269603333333333,0.004358757478517613,1
1236,117854,0.532,52,0.6267956666666666,0.004792375936701249,1
1237,117954,0,100,0.626479,0.004439414489315823,0
1238,117987,0.703,33,0.6263745000000001,0.0026893648583526638,1
1239,118087,0,100,0.6260578333333333,0.0032623285739100537,0
1240,118187,0,100,0.6257411666666667,0.0034897700548754073,0
1241,118287,0,100,0.6254245,0.004420801043161191,0
1242,118387,0,100,0.6251078333333333,0.00471309764921898,0
1243,118487,0,100,0.6247911666666667,0.004251216835109517,0
1244,118587,0,100,0.6244745,0.004065661907079629,0
1245,118630,0.613,43,0.6243383333333333,0.004151136675297261,1
1246,118730,0,100,0.6240216666666667,0.0045007909234846015,0
1247,118830,0,100,0.623705,0.004093866909970529,0
1248,118930,0,100,0.6233883333333333,0.0035024950286606325,0
1249,119030,0,100,0.6230716666666667,0.0038816138298716396,0
1250,119130,0,100,0.622755,0.003563195396855008,0
1251,119230,0,100,0.6224383333333333,0.002872469131834805,0
1252,119330,0,100,0.6221216666666667,0.0020024229484261013,0
1253,119430,0,100,0.6218049999999999,0.0035592361039016394,0
1254,119530,0,100,0.6214883333333333,0.003495812441396993,0
1255,119630,0,100,0.6211716666666667,0.004574342232663184,0
1256,119730,0,100,0.6208549999999999,0.005014673526748083,0
1257,119830,0,100,0.6205383333333333,0.004452533556031995,0
1258,119930,0,100,0.6202216666666667,0.0031843696770374663,0
1259,120030,0,100,0.6199049999999999,0.003979964321479202,0
1260,120130,0,100,0.6195883333333334,0.006073698058025911,0
1261,120230,0,100,0.6192716666666667,0.0038284072576789184,0
1262,120330,0,100,0.6189549999999999,0.003931410172954202,0
1263,120430,0,100,0.6186383333333334,0.005091810396406799,0
1264,120530,0,100,0.6183216666666667,0.0037790784786920994,0
1265,120630,0,100,0.6180049999999999,0.0052034919775906015,0
1266,120730,0,100,0.6176883333333334,0.004215361620299518,0
1267,120830,0,100,0.6173716666666667,0.004050759000238031,0
1268,120930,0,100,0.617055,0.0034510091404081323,0
1269,121030,0,100,0.6167383333333334,0.004166196909500286,0
1270,121130,0,100,0.6164216666666666,0.0029941009113099424,0
1271,121230,0,100,0.616105,0.004594919408264104,0
1272,121330,0,100,0.6157883333333334,0.005580847918754444,0
1273,121430,0,100,0.6154716666666666,0.0038840135565260427,0
1274,121530,0,100,0.615155,0.004248479468224105,0
1275,121630,0,100,0.6148383333333334,0.0033296640959451906,0
1276,121700,0.37,70,0.6146166666666666,0.0026828135064403927,1
1277,121800,0,100,0.6143000000000001,0.004219628950522747,0
1278,121900,0,100,0.6139833333333333,0.004230929409095552,0
1279,122000,0,100,0.6136666666666666,0.004762613078928553,0
1280,122100,0,100,0.6133500000000001,0.0047485838358988985,0
1281,122200,0,100,0.6130333333333333,0.0033393723476910966,0
1282,122300,0,100,0.6127166666666667,0.003900729618035257,0
1283,122400,0,100,0.6124,0.0037877585063688457,0
1284,122500,0,100,0.6120833333333333,0.005174039583653212,0
1285,122600,0,100,0.6117666666666667,0.0035998962546000255,0
1286,122700,0,100,0.61145,0.0038771563000045716,0
1287,122800,0,100,0.6111333333333333,0.0031234812957700343,0
1288,122900,0,100,0.6108166666666667,0.0030584659313899463,0
1289,123000,0,100,0.6105,0.0036965926818083973,0
1290,123100,0,100,0.6101833333333333,0.005884902125108056,0
1291,123143,0.613,43,0.6100471666666667,0.003916714891390658,1
1292,123213,0.37,70,0.6098255,0.0037141812283412686,1
1293,123313,0,100,0.6095088333333334,0.00470955413824413,0
1294,123413,0,100,0.6091921666666666,0.004205861320369877,0
1295,123513,0,100,0.6088755,0.005740306245279499,0
1296,123613,0,100,0.6085588333333334,0.005213222470774781,0
1297,123713,0,100,0.6082421666666666,0.004007942174212076,0
1298,123813,0,100,0.6079255,0.004301494817773346,0
1299,123913,0,100,0.6076088333333334,0.004311788569903001,0
1300,124013,0,100,0.6072921666666666,0.0036377858676132748,0
1301,124095,0.262,82,0.6070325,0.002665965776697437,1
1302,124195,0,100,0.6067158333333333,0.003270768265647348,0
1303,124295,0,100,0.6063991666666666,0.003779561810370069,0
1304,124395,0,100,0.6060825,0.005418961776595097,0
1305,124495,0,100,0.6057658333333333,0.004149014350841754,0
1306,124595,0,100,0.6054491666666666,0.0038820321467937903,0
1307,124695,0,100,0.6051325000000001,0.00394204434560379,0
1308,124795,0,100,0.6048158333333333,0.0036714108297019265,0
1309,124895,0,100,0.6044991666666666,0.0039277742637204936,0
1310,124995,0,100,0.6041825000000001,0.004327790482202545,0
1311,125095,0,100,0.6038658333333333,0.004208579942351207,0
1312,125195,0,100,0.6035491666666666,0.004544880784233101,0
1313,125295,0,100,0.6032325000000001,0.00373375563591253,0
1314,125381,0.22599999999999998,86,0.6029601666666666,0.003971988605308282,1
1315,125481,0,100,0.6026435,0.003863371245970484,0
1316,125581,0,100,0.6023268333333334,0.004234845487517304,0
1317,125681,0,100,0.6020101666666666,0.003974036772269755,0
1318,125781,0,100,0.6016935,0.0035068376007257028,0
1319,125881,0,100,0.6013768333333334,0.003773738872841932,0
1320,125981,0,100,0.6010601666666666,0.0038894910030649044,0
1321,126081,0,100,0.6007435,0.003537060567759909,0
1322,126094,0.883,13,0.6007023333333333,0.004522382787679537,1
1323,126194,0,100,0.6003856666666667,0.0037210404832148923,0
1324,126294,0,100,0.600069,0.004870126793393865,0
1325,126386,0.17199999999999993,92,0.5997776666666667,0.004170149998769731,1
1326,126486,0,100,0.599461,0.004365600503515452,0
1327,126586,0,100,0.5991443333333333,0.0039748641892219895,0
1328,126686,0,100,0.5988276666666666,0.003706350990978535,0
1329,126786,0,100,0.598511,0.004893935190630146,0
1330,126886,0,100,0.5981943333333333,0.004048558452923317,0
1331,126986,0,100,0.5978776666666666,0.005042458688258193,0
1332,127086,0,100,0.597561,0.005260789671447128,0
1333,127186,0,100,0.5972443333333333,0.004477474056184292,0
1334,127286,0,100,0.5969276666666667,0.005557038792758249,0
1335,127386,0,100,0.596611,0.0033793663646792993,0
1336,127486,0,100,0.5962943333333333,0.004582658328290563,0
1337,127586,0,100,0.5959776666666667,0.004330849560792558,0
1338,127686,0,100,0.595661,0.004422509579453618,0
1339,127786,0,100,0.5953443333333333,0.004741662218584679,0
1340,127801,0.865,15,0.5952968333333333,0.004586101432020466,1
1341,127901,0,100,0.5949801666666666,0.0054374634451232855,0
1342,128001,0,100,0.5946635,0.005109026862191968,0
1343,128101,0,100,0.5943468333333333,0.004742868933244608,0
1344,128201,0,100,0.5940301666666666,0.005342849351582118,0
1345,128301,0,100,0.5937135,0.0031895034707849846,0
1346,128401,0,100,0.5933968333333333,0.00426154175947886,0
1347,128501,0,100,0.5930801666666667,0.0045894963882165025,0
1348,128601,0,100,0.5927635,0.004861271874397062,0
1349,128701,0,100,0.5924468333333333,0.004280157409375533,0
1350,128801,0,100,0.5921301666666667,0.004464084736537188,0
1351,128901,0,100,0.5918135,0.0031464449909981342,0
1352,129001,0,100,0.5914968333333332,0.004436267486598808,0
1353,129101,0,100,0.5911801666666667,0.004292285844567232,0
1354,129201,0,100,0.5908635,0.0040221714784274805,0
1355,129213,0.892,12,0.5908255,0.0025834312109509483,1
1356,129313,0,100,0.5905088333333333,0.00390841698506847,0
1357,129413,0,100,0.5901921666666667,0.0044086481802514755,0
1358,129513,0,100,0.5898755,0.0022849259828217326,0
1359,129613,0,100,0.5895588333333333,0.005324141862802207,0
1360,129679,0.4059999999999999,66,0.5893498333333334,0.003477096122823599,1
1361,129779,0,100,0.5890331666666666,0.005427076196065172,0
1362,129879,0,100,0.5887165,0.003024225795525126,0
1363,129979,0,100,0.5883998333333333,0.004367965468845796,0
1364,130079,0,100,0.5880831666666666,0.004517631067428738,0
1365,130085,0.946,6,0.5880641666666666,0.011166715722841522,1
1366,130185,0,100,0.5877475,0.004952142906258814,0
1367,130285,0,100,0.5874308333333333,0.004719581139506772,0
1368,130385,0,100,0.5871141666666666,0.004579950976185501,0
1369,130485,0,100,0.5867975,0.004278811134281568,0
1370,130585,0,100,0.5864808333333333,0.0035632247646572067,0
1371,130677,0.17199999999999993,92,0.5861894999999999,0.006126373637411946,1
1372,130777,0,100,0.5858728333333334,0.005044780048774555,0
1373,130877,0,100,0.5855561666666667,0.0049778853700263425,0
1374,130977,0,100,0.5852394999999999,0.0030993006308563053,0
1375,131077,0,100,0.5849228333333334,0.004815624807379209,0
1376,131177,0,100,0.5846061666666666,0.005881949859904125,0
1377,131277,0,100,0.5842895,0.005091918241232634,0
1378,131377,0,100,0.5839728333333334,0.004792270964244381,0
1379,131477,0,100,0.5836561666666666,0.00431820924161002,0
1380,131577,0,100,0.5833395,0.0053614765935344625,0
1381,131677,0,100,0.5830228333333334,0.0055985490552848205,0
1382,131777,0,100,0.5827061666666666,0.004295410676277243,0
1383,131877,0,100,0.5823895,0.004031195844872854,0
1384,131977,0,100,0.5820728333333334,0.004595898382249288,0
1385,132077,0,100,0.5817561666666666,0.004360639703809284,0
1386,132177,0,100,0.5814395,0.0038057491945801304,0
1387,132277,0,100,0.5811228333333334,0.004479944783379324,0
1388,132377,0,100,0.5808061666666666,0.004858389024739154,0
1389,132477,0,100,0.5804895,0.005498379609198309,0
1390,132577,0,100,0.5801728333333334,0.0048420704039745036,0
1391,132677,0,100,0.5798561666666666,0.005014005975681357,0
1392,132777,0,100,0.5795395,0.004995550467283465,0
1393,132877,0,100,0.5792228333333334,0.004882557073142379,0
1394,132977,0,100,0.5789061666666666,0.004898467533930671,0
1395,133077,0,100,0.5785895,0.0060278438328532505,0
1396,133177,0,100,0.5782728333333333,0.004191251898882911,0
1397,133277,0,100,0.5779561666666666,0.004282401394448243,0
1398,133377,0,100,0.5776395,0.005076161919860169,0
1399,133477,0,100,0.5773228333333333,0.004872321565635503,0
1400,133577,0,100,0.5770061666666666,0.00503688050492201,0
1401,133677,0,100,0.5766895000000001,0.005263158844900318,0
1402,133777,0,100,0.5763728333333333,0.005075483297114261,0
1403,133877,0,100,0.5760561666666666,0.004580747443251312,0
1404,133977,0,100,0.5757395000000001,0.003676879199920222,0
1405,134077,0,100,0.5754228333333333,0.0036623234272701666,0
1406,134177,0,100,0.5751061666666666,0.004671911199111491,0
1407,134277,0,100,0.5747895000000001,0.0038408302300376816,0
1408,134377,0,100,0.5744728333333333,0.0036010697166784667,0
1409,134477,0,100,0.5741561666666667,0.00509278651967179,0
1410,134577,0,100,0.5738395000000001,0.004467013871180825,0
1411,134677,0,100,0.5735228333333333,0.004194142447668128,0
1412,134777,0,100,0.5732061666666667,0.0041570819291519,0
1413,134877,0,100,0.5728895,0.003883584883296862,0
1414,134977,0,100,0.5725728333333333,0.004571511734975502,0
1415,135077,0,100,0.5722561666666667,0.005233368612243794,0
1416,135177,0,100,0.5719395,0.004610005624999758,0
1417,135277,0,100,0.5716228333333333,0.004559105797670782,0
1418,135377,0,100,0.5713061666666667,0.00549195614119526,0
1419,135419,0.622,42,0.5711731666666666,0.0038022626152572534,1
1420,135519,0,100,0.5708565,0.0042155845259549095,0
1421,135619,0,100,0.5705398333333334,0.0036235459212912245,0
1422,135719,0,100,0.5702231666666666,0.004674387782579288,0
1423,135819,0,100,0.5699065,0.0064180227043107154,0
1424,135919,0,100,0.5695898333333334,0.00478040537040215,0
1425,136019,0,100,0.5692731666666666,0.003917444268008694,0
1426,136119,0,100,0.5689565,0.0063208075828151775,0
1427,136219,0,100,0.5686398333333333,0.005332350662501995,0
1428,136319,0,100,0.5683231666666666,0.006213231490110047,0
1429,136419,0,100,0.5680065,0.0050634570443071425,0
1430,136519,0,100,0.5676898333333333,0.002960114927846007,0
1431,136619,0,100,0.5673731666666666,0.004923826458398253,0
1432,136719,0,100,0.5670565000000001,0.005588671991135925,0
1433,136759,0.6399999999999999,40,0.5669298333333334,0.004757653043634491,1
1434,136859,0,100,0.5666131666666667,0.004143353841209318,0
1435,136959,0,100,0.5662965,0.004625738603062928,0
1436,137059,0,100,0.5659798333333333,0.005368177356140222,0
1437,137159,0,100,0.5656631666666667,0.005031003994517959,0
1438,137259,0,100,0.5653465,0.0033763715357054023,0
1439,137359,0,100,0.5650298333333333,0.0043480114470003176,0
1440,137459,0,100,0.5647131666666667,0.005727718942216598,0
1441,137559,0,100,0.5643965,0.004926622837083414,0
1442,137659,0,100,0.5640798333333333,0.003134486349881627,0
1443,137759,0,100,0.5637631666666667,0.005256768195540645,0
1444,137859,0,100,0.5634465,0.005027144440682605,0
1445,137959,0,100,0.5631298333333333,0.003937258081859909,0
1446,138059,0,100,0.5628131666666667,0.006320225622621365,0
1447,138159,0,100,0.5624965,0.004788047204492614,0
1448,138259,0,100,0.5621798333333333,0.0037564910808578133,0
1449,138359,0,100,0.5618631666666667,0.005014554698136635,0
1450,138459,0,100,0.5615465,0.005937765570124611,0
1451,138519,0.45999999999999996,60,0.5613565,0.0053912818131114666,1
1452,138619,0,100,0.5610398333333333,0.0044117123255273324,0
1453,138719,0,100,0.5607231666666667,0.004028257091995328,0
1454,138819,0,100,0.5604065,0.005229141414747574,0
1455,138919,0,100,0.5600898333333333,0.0044692808954278004,0
1456,139019,0,100,0.5597731666666667,0.006375168703671079,0
1457,139119,0,100,0.5594565,0.004619197997963056,0
1458,139219,0,100,0.5591398333333333,0.005685892907786183,0
1459,139319,0,100,0.5588231666666666,0.0036991772730834782,0
1460,139419,0,100,0.5585065,0.004676074179005809,0
1461,139519,0,100,0.5581898333333333,0.004023248007288202,0
1462,139619,0,100,0.5578731666666666,0.005062903553480282,0
1463,139719,0,100,0.5575565,0.006053786852280609,0
1464,139819,0,100,0.5572398333333333,0.004352113922359422,0
1465,139919,0,100,0.5569231666666666,0.006105643684277311,0
1466,140019,0,100,0.5566065,0.0036670087795937435,0
1467,140060,0.631,41,0.5564766666666667,0.004967909912499259,1
1468,140160,0,100,0.55616,0.005552000986062922,0
1469,140260,0,100,0.5558433333333334,0.007009036783711053,0
1470,140360,0,100,0.5555266666666667,0.006156673736404628,0
1471,140460,0,100,0.55521,0.003181282603763975,0
1472,140560,0,100,0.5548933333333333,0.005362132436130196,0
1473,140660,0,100,0.5545766666666667,0.005638967805425637,0
1474,140760,0,100,0.55426,0.006140233212790918,0
1475,140860,0,100,0.5539433333333333,0.006524429589044303,0
1476,140960,0,100,0.5536266666666667,0.006946860711905174,0
1477,141060,0,100,0.55331,0.006112709344597534,0
1478,141160,0,100,0.5529933333333333,0.004645072721759788,0
1479,141233,0.34299999999999997,73,0.5527621666666667,0.004128033027359068,1
1480,141333,0,100,0.5524454999999999,0.007085139179835096,0
1481,141433,0,100,0.5521288333333334,0.004674501598929055,0
1482,141533,0,100,0.5518121666666667,0.00480140914558433,0
1483,141633,0,100,0.5514954999999999,0.005636073251953349,0
1484,141733,0,100,0.5511788333333334,0.003278730546589941,0
1485,141833,0,100,0.5508621666666667,0.005053101893863641,0
1486,141933,0,100,0.5505455,0.005221507239621132,0
1487,142033,0,100,0.5502288333333334,0.004761430138605647,0
1488,142133,0,100,0.5499121666666666,0.005789304378558882,0
1489,142134,0.991,1,0.549909,0.03793393075466156,1
1490,142192,0.478,58,0.5497253333333334,0.004199563311854506,1
1491,142292,0,100,0.5494086666666667,0.0042259393259882925,0
1492,142392,0,100,0.5490919999999999,0.004803995574475266,0
1493,142492,0,100,0.5487753333333334,0.004066045683575794,0
1494,142592,0,100,0.5484586666666666,0.0034318599745165558,0
1495,142692,0,100,0.548142,0.0030613958585308863,0
1496,142792,0,100,0.5478253333333334,0.0044782375573413444,0
1497,142892,0,100,0.5475086666666666,0.005686814329819754,0
1498,142992,0,100,0.547192,0.006050440880353562,0
1499,143092,0,100,0.5468753333333334,0.006100723316485528,0
1500,143192,0,100,0.5465586666666666,0.004204649530583993,0
1501,143292,0,100,0.546242,0.00446842341858428,0
1502,143392,0,100,0.5459253333333334,0.007369531451840885,0
1503,143492,0,100,0.5456086666666666,0.0050448972289450465,0
1504,143592,0,100,0.545292,0.005341747302445583,0
1505,143692,0,100,0.5449753333333334,0.007020286104525439,0
1506,143792,0,100,0.5446586666666666,0.00544242771982681,0
1507,143892,0,100,0.544342,0.004310010251356289,0
1508,143992,0,100,0.5440253333333334,0.0067687555443262685,0
1509,144092,0,100,0.5437086666666666,0.004951940327882767,0
1510,144192,0,100,0.543392,0.007060039284988306,0
1511,144292,0,100,0.5430753333333334,0.005686235031462274,0
1512,144392,0,100,0.5427586666666666,0.0039106018736492845,0
1513,144492,0,100,0.542442,0.005170279667945579,0
1514,144557,0.4149999999999999,65,0.5422361666666666,0.005362321964751643,1
1515,144657,0,100,0.5419195,0.005620627652970143,0
1516,144757,0,100,0.5416028333333334,0.004107857394265011,0
1517,144857,0,100,0.5412861666666666,0.0045940663717919964,0
1518,144957,0,100,0.5409695,0.005486225491040386,0
1519,145057,0,100,0.5406528333333334,0.004369800899294205,0
1520,145157,0,100,0.5403361666666666,0.00637605017866008,0
1521,145257,0,100,0.5400195,0.005345817619236186,0
1522,145357,0,100,0.5397028333333334,0.006374470286536962,0
1523,145457,0,100,0.5393861666666666,0.006935225708875805,0
1524,145557,0,100,0.5390695,0.004957328671589494,0
1525,145657,0,100,0.5387528333333333,0.004939299880643375,0
1526,145757,0,100,0.5384361666666666,0.00530482342641335,0
1527,145857,0,100,0.5381195,0.005006386035238393,0
1528,145957,0,100,0.5378028333333333,0.006663301741355099,0
1529,146057,0,100,0.5374861666666666,0.005783358325134031,0
1530,146157,0,100,0.5371695000000001,0.004716131789027713,0
1531,146257,0,100,0.5368528333333333,0.0057519422471523285,0
1532,146357,0,100,0.5365361666666666,0.005414865181664936,0
1533,146457,0,100,0.5362195000000001,0.005887946691946127,0
1534,146557,0,100,0.5359028333333333,0.005851788083673455,0
1535,146657,0,100,0.5355861666666666,0.004995072275632993,0
1536,146757,0,100,0.5352695000000001,0.004121697358204984,0
1537,146857,0,100,0.5349528333333333,0.005971809893962927,0
1538,146957,0,100,0.5346361666666666,0.004817479024641216,0
1539,147057,0,100,0.5343195000000001,0.00793846048938576,0
1540,147157,0,100,0.5340028333333333,0.004680920251412317,0
1541,147257,0,100,0.5336861666666667,0.007538731510285288,0
1542,147357,0,100,0.5333695,0.003961072356905788,0
1543,147457,0,100,0.5330528333333333,0.006516725596156903,0
1544,147557,0,100,0.5327361666666667,0.00475030071393121,0
1545,147657,0,100,0.5324195,0.004015634059906006,0
1546,147757,0,100,0.5321028333333333,0.005348164866445586,0
1547,147857,0,100,0.5317861666666667,0.0039055760856717826,0
1548,147957,0,100,0.5314695,0.003824766024481505,0
1549,148057,0,100,0.5311528333333333,0.0046166573057416825,0
1550,148157,0,100,0.5308361666666667,0.004750560919055715,0
1551,148257,0,100,0.5305195,0.006471206088317558,0
1552,148357,0,100,0.5302028333333333,0.005480299226474017,0
1553,148457,0,100,0.5298861666666667,0.005099333238322287,0
1554,148557,0,100,0.5295695,0.005316446960205212,0
1555,148657,0,100,0.5292528333333333,0.005518217366188765,0
1556,148757,0,100,0.5289361666666667,0.005142707494669594,0
1557,148857,0,100,0.5286195,0.005231799995526671,0
1558,148944,0.21699999999999997,87,0.5283439999999999,0.0048257163023287105,1
1559,149044,0,100,0.5280273333333334,0.00767832467216067,0
1560,149137,0.16299999999999992,93,0.5277328333333333,0.005459293145410997,1
1561,149237,0,100,0.5274161666666667,0.006538699862430803,0
1562,149337,0,100,0.5270995,0.007317187946755439,0
1563,149437,0,100,0.5267828333333333,0.0055027635663282125,0
1564,149537,0,100,0.5264661666666667,0.004806580630247481,0
1565,149637,0,100,0.5261495,0.006578260168316774,0
1566,149737,0,100,0.5258328333333333,0.006389375881408341,0
1567,149837,0,100,0.5255161666666667,0.00513976177549921,0
1568,149937,0,100,0.5251995,0.008716686898260377,0
1569,150037,0,100,0.5248828333333333,0.005938650105381384,0
1570,150137,0,100,0.5245661666666667,0.005802732455777004,0
1571,150237,0,100,0.5242495,0.004602837339043617,0
1572,150337,0,100,0.5239328333333333,0.005139753926778212,0
1573,150437,0,100,0.5236161666666667,0.004413412684225477,0
1574,150537,0,100,0.5232995,0.004242718655150384,0
1575,150637,0,100,0.5229828333333333,0.0065405153168831024,0
1576,150737,0,100,0.5226661666666667,0.0049873079336248335,0
1577,150837,0,100,0.5223495,0.0052450405288254846,0
1578,150937,0,100,0.5220328333333333,0.005516480417572894,0
1579,151037,0,100,0.5217161666666666,0.0049207584297982975,0
1580,151137,0,100,0.5213995,0.00668807155743707,0
1581,151237,0,100,0.5210828333333333,0.00479764929797966,0
1582,151337,0,100,0.5207661666666666,0.006621320829726756,0
1583,151437,0,100,0.5204495,0.004104544857400469,0
1584,151537,0,100,0.5201328333333333,0.005938455153955147,0
1585,151637,0,100,0.5198161666666666,0.006694809147156775,0
1586,151737,0,100,0.5194995,0.003900656058685854,0
1587,151837,0,100,0.5191828333333333,0.004997028675861656,0
1588,151937,0,100,0.5188661666666667,0.007575861883815378,0
1589,152037,0,100,0.5185495,0.005424526821007021,0
1590,152137,0,100,0.5182328333333333,0.005004507480189204,0
1591,152237,0,100,0.5179161666666667,0.0062467933585867285,0
1592,152337,0,100,0.5175995,0.004310749405412935,0
1593,152437,0,100,0.5172828333333332,0.0066090788785368206,0
1594,152537,0,100,0.5169661666666667,0.006492590169655159,0
1595,152611,0.33399999999999996,74,0.5167318333333333,0.006411841053459038,1
1596,152711,0,100,0.5164151666666666,0.004247455523582176,0
1597,152803,0.17199999999999993,92,0.5161238333333333,0.005474798270607489,1
1598,152903,0,100,0.5158071666666666,0.00441009624657454,0
1599,153003,0,100,0.5154905000000001,0.006359932327177376,0
1600,153018,0.865,15,0.515443,0.0054443463295077285,1
1601,153118,0,100,0.5151263333333334,0.006870445723179728,0
1602,153218,0,100,0.5148096666666666,0.005990007818327286,0
1603,153318,0,100,0.514493,0.005089709862368182,0
1604,153418,0,100,0.5141763333333333,0.005081908137071878,0
1605,153436,0.838,18,0.5141193333333334,0.009038929452395273,1
1606,153536,0,100,0.5138026666666666,0.006243097555125132,0
1607,153636,0,100,0.513486,0.005336607141653076,0
1608,153736,0,100,0.5131693333333334,0.008064971567946486,0
1609,153836,0,100,0.5128526666666666,0.0076454942917916924,0
1610,153936,0,100,0.512536,0.005625189281417988,0
1611,154036,0,100,0.5122193333333334,0.006558135849190876,0
1612,154136,0,100,0.5119026666666666,0.007279067376512103,0
1613,154236,0,100,0.511586,0.005499660167843103,0
1614,154336,0,100,0.5112693333333334,0.005145055393804796,0
1615,154436,0,100,0.5109526666666666,0.005168830425245688,0
1616,154536,0,100,0.510636,0.0048292564254370516,0
1617,154636,0,100,0.5103193333333333,0.006198936315486208,0
1618,154736,0,100,0.5100026666666666,0.005949581821914763,0
1619,154836,0,100,0.509686,0.004492856261203997,0
1620,154850,0.874,14,0.5096416666666667,0.0042110387003049254,1
1621,154950,0.09999999999999998,100,0.509325,0.0056669593550032005,1
1622,154957,0.9369999999999999,7,0.5093028333333334,0.006624358606391719,1
1623,155057,0,100,0.5089861666666666,0.0047924248571507636,0
1624,155157,0,100,0.5086695,0.0057874642929527905,0
1625,155257,0,100,0.5083528333333334,0.006750467036035843,0
1626,155357,0,100,0.5080361666666666,0.005471965743927285,0
1627,155457,0,100,0.5077195,0.0053422290418529885,0
1628,155557,0,100,0.5074028333333334,0.00516026747005526,0
1629,155651,0.15400000000000003,94,0.5071051666666666,0.005537891606280105,1
1630,155751,0,100,0.5067885,0.0038851899502333254,0
1631,155851,0,100,0.5064718333333333,0.005040908000082709,0
1632,155951,0,100,0.5061551666666666,0.004604212098056451,0
1633,156051,0,100,0.5058385,0.005339584340399597,0
1634,156151,0,100,0.5055218333333333,0.006555873112520203,0
1635,156251,0,100,0.5052051666666666,0.007074445631005801,0
1636,156351,0,100,0.5048885000000001,0.005006899128202349,0
1637,156451,0,100,0.5045718333333333,0.004691071717534214,0
1638,156551,0,100,0.5042551666666666,0.005332539099035785,0
1639,156651,0,100,0.5039385000000001,0.007053343942388892,0
1640,156751,0,100,0.5036218333333333,0.004339275204110891,0
1641,156782,0.721,31,0.5035236666666667,0.008576138435126912,1
1642,156882,0,100,0.503207,0.00710337114520371,0
1643,156982,0,100,0.5028903333333333,0.004296107976115309,0
1644,157082,0,100,0.5025736666666667,0.006318098619231023,0
1645,157182,0,100,0.502257,0.005874856541049666,0
1646,157282,0,100,0.5019403333333333,0.007315831169835292,0
1647,157382,0,100,0.5016236666666667,0.004786106774699875,0
1648,157482,0,100,0.501307,0.0053114515380002555,0
1649,157582,0,100,0.5009903333333333,0.0062886776140658185,0
1650,157682,0,100,0.5006736666666667,0.004223992092884146,0
1651,157782,0,100,0.5003569999999999,0.006204949007369578,0
1652,157882,0,100,0.5000403333333333,0.005980656864121556,0
1653,157888,0.946,6,0.5000213333333333,0.0016076018412907918,1
1654,157988,0,100,0.4997046666666667,0.005302600483992137,0
1655,158088,0,100,0.49938799999999994,0.005785215042997152,0
1656,158188,0,100,0.4990713333333333,0.007099198242649436,0
1657,158288,0,100,0.4987546666666667,0.004885989984613843,0
1658,158388,0,100,0.49843800000000005,0.005216531039914116,0
1659,158488,0,100,0.4981213333333333,0.006281916965381242,0
1660,158588,0,100,0.4978046666666667,0.006503366352408193,0
1661,158688,0,100,0.49748800000000004,0.007638882480678149,0
1662,158788,0,100,0.4971713333333333,0.005215686504379846,0
1663,158888,0,100,0.49685466666666667,0.006194532092195004,0
1664,158988,0,100,0.49653800000000003,0.0056733685784274715,0
1665,159088,0,100,0.4962213333333333,0.006102890729671344,0
1666,159188,0,100,0.49590466666666666,0.0063399448321433734,0
1667,159288,0,100,0.49558800000000003,0.006617021734127775,0
1668,159388,0,100,0.4952713333333333,0.00376080181915313,0
1669,159488,0,100,0.49495466666666665,0.005697909921873361,0
1670,159588,0,100,0.494638,0.007319015150424093,0
1671,159688,0,100,0.4943213333333333,0.003922653579502366,0
1672,159788,0,100,0.49400466666666665,0.006194108501658775,0
1673,159871,0.253,83,0.4937418333333333,0.00390998809177608,1
1674,159971,0,100,0.4934251666666667,0.004781736955046654,0
1675,160071,0,100,0.49310849999999995,0.005975566902779974,0
1676,160171,0,100,0.4927918333333333,0.004169547597994097,0
1677,160271,0,100,0.4924751666666667,0.007709565910045057,0
1678,160371,0,100,0.49215849999999994,0.006109388635959476,0
1679,160471,0,100,0.4918418333333333,0.005600420465343632,0
1680,160571,0,100,0.4915251666666667,0.007198256878764369,0
1681,160671,0,100,0.49120850000000005,0.005349357951781712,0
1682,160771,0,100,0.4908918333333333,0.005980890740756877,0
1683,160871,0,100,0.4905751666666667,0.007624627476325259,0
1684,160971,0,100,0.49025850000000004,0.006161437412956729,0
1685,161071,0,100,0.4899418333333333,0.004481251394026913,0
1686,161171,0,100,0.48962516666666667,0.00576009789481759,0
1687,161271,0,100,0.48930850000000004,0.0042043329426087435,0
1688,161371,0,100,0.4889918333333333,0.005914032987202517,0
1689,161471,0,100,0.48867516666666666,0.006490434560691938,0
1690,161571,0,100,0.48835850000000003,0.005622320405091159,0
1691,161671,0,100,0.4880418333333333,0.005286775812273845,0
1692,161771,0,100,0.48772516666666665,0.004870820532669313,0
1693,161871,0,100,0.4874085,0.006147026734543033,0
1694,161971,0,100,0.4870918333333333,0.00922686196572613,0
1695,162071,0,100,0.48677516666666665,0.007833467234158889,0
1696,162171,0,100,0.4864585,0.008082159626064822,0
1697,162271,0,100,0.4861418333333333,0.006344281308702193,0
1698,162371,0,100,0.48582516666666664,0.005535800007055514,0
1699,162395,0.784,24,0.4857491666666667,0.002901398516163075,1
1700,162495,0,100,0.48543250000000004,0.005138163592200726,0
1701,162595,0,100,0.4851158333333333,0.0070201742334757,0
1702,162695,0,100,0.48479916666666667,0.00533117929880973,0
1703,162795,0,100,0.48448250000000004,0.006512101876433007,0
1704,162895,0,100,0.4841658333333333,0.005769454645342193,0
1705,162964,0.379,69,0.4839473333333333,0.006224375948701324,1
1706,163064,0,100,0.48363066666666665,0.006366345420537982,0
1707,163164,0,100,0.483314,0.006487097476492636,0
1708,163264,0,100,0.4829973333333333,0.007266321803326719,0
1709,163364,0,100,0.48268066666666665,0.006209127624169923,0
1710,163464,0,100,0.482364,0.005875039342790842,0
1711,163564,0,100,0.4820473333333334,0.006563352257944644,0
1712,163664,0,100,0.48173066666666664,0.007237696789670736,0
1713,163764,0,100,0.481414,0.006049093183246441,0
1714,163864,0,100,0.4810973333333334,0.0059354808396892625,0
1715,163964,0,100,0.48078066666666663,0.0061117432801984254,0
1716,164064,0,100,0.480464,0.005840484939981252,0
1717,164164,0,100,0.48014733333333337,0.008203660608851351,0
1718,164264,0,100,0.4798306666666666,0.006440968088572845,0
1719,164364,0,100,0.479514,0.0053978792985435575,0
1720,164464,0,100,0.47919733333333336,0.006085804486065172,0
1721,164564,0,100,0.4788806666666666,0.006725643521058373,0
1722,164664,0,100,0.478564,0.0049572995578637345,0
1723,164676,0.892,12,0.478526,0.007460794969423053,1
1724,164776,0,100,0.4782093333333334,0.005293490604963154,0
1725,164876,0,100,0.47789266666666663,0.00638922537153121,0
1726,164976,0,100,0.477576,0.0061213271226733925,0
1727,165076,0,100,0.47725933333333337,0.005036881405976601,0
1728,165176,0,100,0.4769426666666666,0.00717071883380413,0
1729,165276,0,100,0.476626,0.0055912097066175195,0
1730,165325,0.5589999999999999,49,0.4764708333333333,0.004914926726142971,1
1731,165425,0,100,0.47615416666666666,0.00559788198035676,0
1732,165525,0,100,0.4758375,0.005166128251585178,0
1733,165625,0,100,0.4755208333333333,0.003988808250287548,0
1734,165725,0,100,0.47520416666666665,0.005073604297940619,0
1735,165825,0,100,0.4748875,0.006259577249293216,0
1736,165925,0,100,0.4745708333333333,0.005475099472678266,0
1737,166025,0,100,0.47425416666666664,0.0064086277299793435,0
1738,166125,0,100,0.4739375,0.006049759808229282,0
1739,166225,0,100,0.4736208333333334,0.005037580402567982,0
1740,166325,0,100,0.47330416666666664,0.008221347671933473,0
1741,166425,0,100,0.4729875,0.007160939152818173,0
1742,166525,0,100,0.4726708333333334,0.007395385414711199,0
1743,166625,0,100,0.47235416666666663,0.005801417659968138,0
1744,166725,0,100,0.4720375,0.006659244438633322,0
1745,166825,0,100,0.47172083333333337,0.005110314997436944,0
1746,166925,0,100,0.4714041666666666,0.00560907996725291,0
1747,167025,0,100,0.4710875,0.005340786193846725,0
1748,167059,0.694,34,0.4709798333333334,0.003847366780973971,1
1749,167159,0,100,0.47066316666666663,0.006731375548988581,0
1750,167259,0,100,0.4703465,0.005168312087771482,0
1751,167359,0,100,0.47002983333333337,0.00583462277369108,0
1752,167459,0,100,0.4697131666666666,0.007420449341298081,0
1753,167559,0,100,0.4693965,0.008840781704057008,0
1754,167659,0,100,0.46907983333333336,0.005576407329062932,0
1755,167759,0,100,0.4687631666666666,0.006293529914692044,0
1756,167859,0,100,0.4684465,0.005653066295199096,0
1757,167959,0,100,0.46812983333333336,0.005710851639742031,0
1758,168059,0,100,0.4678131666666666,0.006170511924428865,0
1759,168159,0,100,0.4674965,0.0072311131143942475,0
1760,168259,0,100,0.46717983333333335,0.005888603019993752,0
1761,168359,0,100,0.4668631666666666,0.005147400671849028,0
1762,168459,0,100,0.4665465,0.005975664459401742,0
1763,168559,0,100,0.46622983333333334,0.006556564265629276,0
1764,168659,0,100,0.4659131666666667,0.005451173675246537,0
1765,168663,0.964,4,0.46590049999999994,0.0018929008510895073,1
1766,168763,0,100,0.4655838333333333,0.005967446224531159,0
1767,168863,0,100,0.4652671666666667,0.006906176935881376,0
1768,168963,0,100,0.46495050000000004,0.0048716209342819635,0
1769,169063,0,100,0.4646338333333333,0.005303080719313584,0
1770,169163,0,100,0.46431716666666667,0.005626283046440222,0
1771,169253,0.18999999999999995,90,0.4640321666666667,0.006086722842236567,1
1772,169353,0,100,0.46371549999999995,0.0046934884198708456,0
1773,169453,0,100,0.4633988333333333,0.004713597588706761,0
1774,169553,0,100,0.4630821666666667,0.007134770310949534,0
1775,169653,0,100,0.46276549999999994,0.004758087249356322,0
1776,169753,0,100,0.4624488333333333,0.006637292200466618,0
1777,169853,0,100,0.4621321666666667,0.006524219218990765,0
1778,169953,0,100,0.46181550000000005,0.00721013096102979,0
1779,170053,0,100,0.4614988333333333,0.006505251512862742,0
1780,170153,0,100,0.46118216666666667,0.006459902372444049,0
1781,170253,0,100,0.46086550000000004,0.007706136536435224,0
1782,170353,0,100,0.4605488333333333,0.007735638981102966,0
1783,170453,0,100,0.46023216666666666,0.006354501130408608,0
1784,170553,0,100,0.45991550000000003,0.007309654435957782,0
1785,170653,0,100,0.4595988333333333,0.008161281920620241,0
1786,170753,0,100,0.45928216666666666,0.006164309383020736,0
1787,170853,0,100,0.4589655,0.007799595925607718,0
1788,170953,0,100,0.4586488333333333,0.007910021347925067,0
1789,171053,0,100,0.45833216666666665,0.006010361928492785,0
1790,171153,0,100,0.4580155,0.007215201605577022,0
1791,171253,0,100,0.4576988333333333,0.00506138400407508,0
1792,171353,0,100,0.45738216666666665,0.007205220615724102,0
1793,171453,0,100,0.4570655,0.005284394404734485,0
1794,171553,0,100,0.4567488333333334,0.006909835273399949,0
1795,171653,0,100,0.45643216666666664,0.007667727521620691,0
1796,171753,0,100,0.4561155,0.006679803064907901,0
1797,171853,0,100,0.4557988333333334,0.006482790242880582,0
1798,171953,0,100,0.45548216666666663,0.006996468760771677,0
1799,172053,0,100,0.4551655,0.004746522104833275,0
1800,172153,0,100,0.45484883333333337,0.007067596060223878,0
1801,172253,0,100,0.4545321666666666,0.004817361062159762,0
1802,172353,0,100,0.4542155,0.007854591879877262,0
1803,172453,0,100,0.45389883333333336,0.0049491590750403705,0
1804,172553,0,100,0.4535821666666666,0.0058173271472333,0
1805,172653,0,100,0.4532655,0.007550530725857243,0
1806,172753,0,100,0.45294883333333336,0.005790802476694807,0
1807,172853,0,100,0.4526321666666666,0.006316704738419503,0
1808,172953,0,100,0.4523155,0.007452772657270543,0
1809,173053,0,100,0.45199883333333335,0.00705948359624017,0
1810,173153,0,100,0.4516821666666666,0.006074677465949208,0
1811,173253,0,100,0.4513655,0.00517559532134328,0
1812,173353,0,100,0.45104883333333334,0.006235159185598605,0
1813,173453,0,100,0.4507321666666667,0.0054131112329196185,0
1814,173553,0,100,0.45041549999999997,0.007153532832744531,0
1815,173653,0,100,0.45009883333333334,0.00848558582656551,0
1816,173753,0,100,0.4497821666666667,0.005381479093339294,0
1817,173837,0.244,84,0.4495161666666666,0.008826424340007915,1
1818,173937,0,100,0.4491995,0.005446542778518051,0
1819,174037,0,100,0.44888283333333334,0.004848214202211238,0
1820,174137,0,100,0.4485661666666667,0.0063461910607293245,0
1821,174237,0,100,0.44824949999999997,0.006670684411074035,0
1822,174337,0,100,0.44793283333333334,0.006299532895791344,0
1823,174437,0,100,0.4476161666666667,0.0043176676338771355,0
1824,174537,0,100,0.44729949999999996,0.007460400350391865,0
1825,174637,0,100,0.44698283333333333,0.006178577691316605,0
1826,174737,0,100,0.4466661666666667,0.005632899130578153,0
1827,174837,0,100,0.44634949999999995,0.007400999626261182,0
1828,174937,0,100,0.4460328333333333,0.007455237395479344,0
1829,175037,0,100,0.4457161666666667,0.006808248932939023,0
1830,175137,0,100,0.44539949999999995,0.006729388373787515,0
1831,175237,0,100,0.4450828333333333,0.005191826774389483,0
1832,175337,0,100,0.4447661666666667,0.0065649549791123715,0
1833,175437,0,100,0.44444949999999994,0.0066831925831502305,0
1834,175537,0,100,0.4441328333333333,0.005622762704151682,0
1835,175637,0,100,0.4438161666666667,0.006313959853723645,0
1836,175737,0,100,0.44349950000000005,0.005220978411962278,0
1837,175837,0,100,0.4431828333333333,0.00768421427346766,0
1838,175866,0.739,29,0.443091,0.0030848642345517874,1
1839,175966,0,100,0.4427743333333334,0.006241038311854936,0
1840,176066,0,100,0.44245766666666664,0.006607715834397823,0
1841,176166,0,100,0.442141,0.006414044864359311,0
1842,176266,0,100,0.4418243333333334,0.005683270709123462,0
1843,176366,0,100,0.44150766666666663,0.007719330991967581,0
1844,176466,0,100,0.441191,0.006026326463907026,0
1845,176566,0,100,0.44087433333333337,0.006541498425649479,0
1846,176666,0,100,0.4405576666666666,0.0037998138408875093,0
1847,176766,0,100,0.440241,0.006888525708927773,0
1848,176866,0,100,0.43992433333333336,0.00720421259989962,0
1849,176966,0,100,0.4396076666666666,0.00773439223645255,0
1850,177011,0.595,45,0.4394651666666667,0.008321904574727847,1
1851,177096,0.235,85,0.43919600000000003,0.007102024449062917,1
1852,177196,0,100,0.4388793333333333,0.006197345532709733,0
1853,177296,0,100,0.43856266666666666,0.007315321175265126,0
1854,177396,0,100,0.438246,0.005452041273820214,0
1855,177496,0,100,0.4379293333333333,0.007257372952299192,0
1856,177596,0,100,0.43761266666666665,0.005965311277541332,0
1857,177696,0,100,0.437296,0.006508554813335649,0
1858,177796,0,100,0.4369793333333333,0.0064764340629335495,0
1859,177896,0,100,0.43666266666666664,0.007641135775484145,0
1860,177996,0,100,0.436346,0.004717096409294754,0
1861,178096,0,100,0.4360293333333334,0.006598629066138529,0
1862,178196,0,100,0.43571266666666664,0.008193939578486607,0
1863,178229,0.703,33,0.4356081666666667,0.008269545355825827,1
1864,178329,0,100,0.43529149999999994,0.007269438454532064,0
1865,178429,0,100,0.4349748333333333,0.0053986248630099,0
1866,178529,0,100,0.4346581666666667,0.005419646973023191,0
1867,178629,0,100,0.43434150000000005,0.004930195797351189,0
1868,178729,0,100,0.4340248333333333,0.007090623333933763,0
1869,178829,0,100,0.4337081666666667,0.006087620013859123,0
1870,178929,0,100,0.43339150000000004,0.005787845527520403,0
1871,179029,0,100,0.4330748333333333,0.0087179472821299,0
1872,179129,0,100,0.43275816666666667,0.006470564240589738,0
1873,179229,0,100,0.43244150000000003,0.005762940130662173,0
1874,179329,0,100,0.4321248333333333,0.003704872761736624,0
1875,179429,0,100,0.43180816666666666,0.00498853151104413,0
1876,179529,0,100,0.43149150000000003,0.004801014945842326,0
1877,179629,0,100,0.4311748333333333,0.006794375705067068,0
1878,179729,0,100,0.43085816666666665,0.005933262361213565,0
1879,179829,0,100,0.4305415,0.00647358154237736,0
1880,179929,0,100,0.4302248333333333,0.006986633788328618,0
1881,180029,0,100,0.42990816666666665,0.007622361446847208,0
1882,180129,0,100,0.4295915,0.007385735305724665,0
1883,180229,0,100,0.42927483333333327,0.005977939375443384,0
1884,180329,0,100,0.42895816666666664,0.008249412946170195,0
1885,180429,0,100,0.4286415,0.005878113890066743,0
1886,180529,0,100,0.4283248333333334,0.007723877943353727,0
1887,180629,0,100,0.42800816666666663,0.006090594276320189,0
1888,180720,0.18099999999999994,91,0.42772,0.007829533279668744,1
1889,180820,0,100,0.42740333333333336,0.00826051365060266,0
1890,180920,0,100,0.4270866666666666,0.004905189677374438,0
1891,181013,0.16299999999999992,93,0.42679216666666664,0.005465832838703508,1
1892,181113,0,100,0.4264755,0.004793684544274583,0
1893,181213,0,100,0.4261588333333334,0.007725135260261595,0
1894,181313,0,100,0.42584216666666663,0.006155018634162843,0
1895,181413,0,100,0.4255255,0.005904714851640165,0
1896,181453,0.6399999999999999,40,0.4253988333333333,0.005086812310037203,1
1897,181553,0,100,0.42508216666666665,0.007495020592468791,0
1898,181653,0,100,0.4247655,0.006537041788105853,0
1899,181753,0,100,0.4244488333333333,0.009102644040249288,0
1900,181853,0,100,0.42413216666666664,0.008115311380825005,0
1901,181953,0,100,0.4238155,0.008139670239179395,0
1902,182053,0,100,0.4234988333333334,0.007434063398977742,0
1903,182153,0,100,0.42318216666666664,0.006598270788090304,0
1904,182253,0,100,0.4228655,0.0055492428521392865,0
1905,182353,0,100,0.4225488333333334,0.006212174069369212,0
1906,182453,0,100,0.42223216666666663,0.008610608783783391,0
1907,182553,0,100,0.4219155,0.007851820607320405,0
1908,182653,0,100,0.42159883333333337,0.006548536600312218,0
1909,182753,0,100,0.4212821666666666,0.007453110266360454,0
1910,182853,0,100,0.4209655,0.008996596554643474,0
1911,182953,0,100,0.42064883333333336,0.007670513545745053,0
1912,183053,0,100,0.4203321666666666,0.007266952313948423,0
1913,183153,0,100,0.4200155,0.006758916761027649,0
1914,183253,0,100,0.41969883333333335,0.006616585328010842,0
1915,183353,0,100,0.4193821666666666,0.006661842799512669,0
1916,183453,0,100,0.4190655,0.007239251773571595,0
1917,183553,0,100,0.41874883333333335,0.006297158389934339,0
1918,183653,0,100,0.4184321666666666,0.005521340502309613,0
1919,183753,0,100,0.4181155,0.007241552270716056,0
1920,183853,0,100,0.41779883333333334,0.0068814469355857,0
1921,183953,0,100,0.4174821666666667,0.005286470027640462,0
1922,184053,0,100,0.41716549999999997,0.007752315283287316,0
1923,184153,0,100,0.41684883333333334,0.007378951832070015,0
1924,184253,0,100,0.4165321666666667,0.007188931379932911,0
1925,184353,0,100,0.41621549999999996,0.006464800724061206,0
1926,184367,0.874,14,0.41617116666666665,0.008723692877018558,1
1927,184467,0,100,0.4158545,0.0074554841651115564,0
1928,184567,0,100,0.4155378333333333,0.006786316965008155,0
1929,184667,0,100,0.41522116666666664,0.006642415683018044,0
1930,184767,0,100,0.4149045,0.006239884869428352,0
1931,184867,0,100,0.4145878333333334,0.009006553137442096,0
1932,184967,0,100,0.41427116666666663,0.007282933233072981,0
1933,185067,0,100,0.4139545,0.006044750174041837,0
1934,185167,0,100,0.41363783333333337,0.006596359208924696,0
1935,185267,0,100,0.41332116666666663,0.007042918418301269,0
1936,185367,0,100,0.4130045,0.005131933777593076,0
1937,185467,0,100,0.41268783333333336,0.0053996398416347804,0
1938,185567,0,100,0.4123711666666666,0.005837539187632501,0
1939,185667,0,100,0.4120545,0.005794050066615455,0
1940,185767,0,100,0.41173783333333336,0.007800069869845174,0
1941,185867,0,100,0.4114211666666666,0.0058836025884374974,0
1942,185967,0,100,0.4111045,0.007361821181839332,0
1943,186067,0,100,0.41078783333333335,0.007747760291676968,0
1944,186167,0,100,0.4104711666666666,0.007269139008130878,0
1945,186267,0,100,0.4101545,0.0076832439698046075,0
1946,186367,0,100,0.40983783333333335,0.008984237564145587,0
1947,186467,0,100,0.4095211666666667,0.008287428201874718,0
1948,186567,0,100,0.40920449999999997,0.005706749636447057,0
1949,186667,0,100,0.40888783333333334,0.007940415717894212,0
1950,186767,0,100,0.4085711666666667,0.008733683706377632,0
1951,186867,0,100,0.40825449999999996,0.005351746506057679,0
1952,186967,0,100,0.40793783333333333,0.005057954678777605,0
1953,187067,0,100,0.4076211666666667,0.007520826437976211,0
1954,187167,0,100,0.40730449999999996,0.007792474480811507,0
1955,187267,0,100,0.4069878333333333,0.007224736217176541,0
1956,187306,0.649,39,0.4068643333333333,0.009412228126819126,1
1957,187406,0,100,0.40654766666666664,0.009599640021333471,0
1958,187506,0,100,0.406231,0.005901811947114766,0
1959,187606,0,100,0.4059143333333334,0.006290311254560948,0
1960,187706,0,100,0.40559766666666663,0.004849648243398405,0
1961,187806,0,100,0.405281,0.006942641772329807,0
1962,187906,0,100,0.40496433333333337,0.005856836995808408,0
1963,188006,0,100,0.4046476666666666,0.008108246818301268,0
1964,188106,0,100,0.404331,0.010608818924520164,0
1965,188206,0,100,0.40401433333333336,0.005820720811607316,0
1966,188306,0,100,0.4036976666666666,0.007435361862881109,0
1967,188335,0.739,29,0.40360583333333333,0.005056039404107964,1
1968,188435,0,100,0.4032891666666667,0.007095722301746718,0
1969,188535,0,100,0.40297249999999996,0.009013914862880484,0
1970,188635,0,100,0.4026558333333333,0.008581656338647008,0
1971,188735,0,100,0.4023391666666667,0.006632676270091906,0
1972,188835,0,100,0.40202249999999995,0.008461294778971933,0
1973,188935,0,100,0.4017058333333333,0.010712269687792287,0
1974,189035,0,100,0.4013891666666667,0.007541283838218078,0
1975,189135,0,100,0.40107249999999994,0.010157082432415336,0
1976,189235,0,100,0.4007558333333333,0.006244572440627962,0
1977,189335,0,100,0.4004391666666667,0.008116845551412552,0
1978,189435,0,100,0.40012250000000005,0.007093238667002879,0
1979,189535,0,100,0.3998058333333333,0.007093868576921522,0
1980,189635,0,100,0.3994891666666667,0.007448137128958479,0
1981,189735,0,100,0.39917250000000004,0.009673710473580286,0
1982,189835,0,100,0.3988558333333333,0.00811620601452887,0
1983,189935,0,100,0.39853916666666667,0.006159149488084949,0
1984,190035,0,100,0.39822250000000003,0.008703556393738836,0
1985,190135,0,100,0.3979058333333333,0.006728000055300071,0
1986,190235,0,100,0.39758916666666666,0.007091273798141629,0
1987,190335,0,100,0.39727250000000003,0.0065431152773089704,0
1988,190435,0,100,0.3969558333333333,0.007634306576801464,0
1989,190451,0.856,16,0.39690516666666664,0.014903266885085031,1
1990,190551,0,100,0.3965885,0.008660413883044385,0
1991,190651,0,100,0.3962718333333334,0.00699626513174735,0
1992,190751,0,100,0.39595516666666664,0.008220741504337638,0
1993,190851,0,100,0.3956385,0.006278944946243428,0
1994,190951,0,100,0.3953218333333334,0.008220104394713417,0
1995,191051,0,100,0.39500516666666663,0.007338903775671497,0
1996,191151,0,100,0.3946885,0.008898868641699665,0
1997,191251,0,100,0.39437183333333337,0.007303805883275345,0
1998,191351,0,100,0.3940551666666666,0.008126020324998534,0
1999,191451,0,100,0.3937385,0.0079941952903755,0
2000,191551,0,100,0.39342183333333336,0.007751878035487607,0
2001,191651,0,100,0.3931051666666666,0.008624051203369162,0
2002,191751,0,100,0.3927885,0.007362961302278564,0
2003,191851,0,100,0.39247183333333335,0.008606746280565857,0
2004,191951,0,100,0.3921551666666666,0.006281018846202642,0
2005,192051,0,100,0.3918385,0.0065863065631128846,0
2006,192151,0,100,0.39152183333333335,0.00933657736168243,0
2007,192251,0,100,0.3912051666666667,0.008103316811611876,0
2008,192351,0,100,0.39088849999999997,0.007892351584741846,0
2009,192451,0,100,0.39057183333333334,0.007835282231681048,0
2010,192551,0,100,0.3902551666666667,0.0056328817282337695,0
2011,192651,0,100,0.38993849999999997,0.00673030798905529,0
2012,192751,0,100,0.38962183333333333,0.006393249441171065,0
2013,192851,0,100,0.3893051666666667,0.008063333343015984,0
2014,192951,0,100,0.38898849999999996,0.00757141865149606,0
2015,193051,0,100,0.3886718333333333,0.010395320586976595,0
2016,193151,0,100,0.3883551666666667,0.009618824545759708,0
2017,193251,0,100,0.38803849999999995,0.007493901902926155,0
2018,193351,0,100,0.3877218333333333,0.006853801544057205,0
2019,193451,0,100,0.3874051666666667,0.007893034458393232,0
2020,193551,0,100,0.38708849999999995,0.006144620298873633,0
2021,193651,0,100,0.3867718333333333,0.009583992578554898,0
2022,193751,0,100,0.3864551666666667,0.007005998124368489,0
2023,193851,0,100,0.38613849999999994,0.0077060371241532265,0
2024,193951,0,100,0.3858218333333333,0.007448328774189577,0
2025,194051,0,100,0.3855051666666667,0.009863045100355522,0
2026,194151,0,100,0.38518850000000004,0.009526683172443881,0
2027,194251,0,100,0.3848718333333333,0.005677019789582119,0
2028,194351,0,100,0.38455516666666667,0.00965459603117779,0
2029,194451,0,100,0.38423850000000004,0.008257981807691977,0
2030,194551,0,100,0.3839218333333333,0.008564080616924912,0
2031,194651,0,100,0.38360516666666666,0.008024913650006056,0
2032,194751,0,100,0.38328850000000003,0.008866479054559022,0
2033,194851,0,100,0.3829718333333333,0.009962209722725674,0
2034,194951,0,100,0.38265516666666666,0.007890629945904948,0
2035,195051,0,100,0.3823385,0.006137059311731719,0
2036,195151,0,100,0.3820218333333333,0.008817573721753433,0
2037,195251,0,100,0.38170516666666665,0.00981194861466065,0
2038,195351,0,100,0.3813885,0.009176219505025073,0
2039,195451,0,100,0.3810718333333333,0.008473153134109452,0
2040,195551,0,100,0.38075516666666664,0.007942092828452587,0
2041,195651,0,100,0.3804385,0.009224621711764485,0
2042,195751,0,100,0.3801218333333334,0.007769836699590087,0
2043,195851,0,100,0.37980516666666664,0.007735730425920338,0
2044,195951,0,100,0.3794885,0.007025006714975461,0
2045,196051,0,100,0.3791718333333334,0.009056755944620819,0
2046,196151,0,100,0.37885516666666663,0.01016946530318819,0
2047,196251,0,100,0.3785385,0.007263609766960144,0
2048,196351,0,100,0.37822183333333337,0.007909259640728123,0
2049,196451,0,100,0.3779051666666666,0.008946687346324325,0
2050,196551,0,100,0.3775885,0.00799899791192729,0
2051,196651,0,100,0.37727183333333336,0.007443336576689035,0
2052,196751,0,100,0.3769551666666666,0.00786692842724733,0
2053,196851,0,100,0.3766385,0.008990687422920019,0
2054,196951,0,100,0.37632183333333336,0.007980892739724368,0
2055,197051,0,100,0.3760051666666666,0.008523768364684657,0
2056,197151,0,100,0.3756885,0.009223732954123988,0
2057,197251,0,100,0.37537183333333335,0.007181134161655791,0
2058,197351,0,100,0.3750551666666666,0.011065555651439353,0
2059,197451,0,100,0.3747385,0.010063820622162893,0
2060,197551,0,100,0.37442183333333334,0.007798582842806354,0
2061,197651,0,100,0.3741051666666667,0.01057745908619836,0
2062,197751,0,100,0.37378849999999997,0.007837700117379427,0
2063,197851,0,100,0.37347183333333334,0.00839886670873966,0
2064,197951,0,100,0.3731551666666667,0.007012256428133697,0
2065,198051,0,100,0.37283849999999996,0.0105916030658409,0
2066,198151,0,100,0.37252183333333333,0.006487171349581331,0
2067,198251,0,100,0.3722051666666667,0.00610966051928699,0
2068,198351,0,100,0.37188849999999996,0.009777712111826986,0
2069,198451,0,100,0.3715718333333333,0.010443184510804712,0
2070,198551,0,100,0.3712551666666667,0.008253126651979983,0
2071,198651,0,100,0.37093849999999995,0.007314001901540905,0
2072,198751,0,100,0.3706218333333333,0.008198438083054498,0
2073,198851,0,100,0.3703051666666667,0.008162686447612942,0
2074,198951,0,100,0.36998849999999994,0.008305523906601593,0
2075,199051,0,100,0.3696718333333333,0.008549019925994798,0
2076,199151,0,100,0.3693551666666667,0.010835946515435353,0
2077,199251,0,100,0.36903850000000005,0.005682484261924401,0
2078,199351,0,100,0.3687218333333333,0.009814923622761852,0
2079,199451,0,100,0.3684051666666667,0.011458696941845118,0
2080,199551,0,100,0.36808850000000004,0.00796194166294299,0
2081,199651,0,100,0.3677718333333333,0.010303086730418727,0
2082,199742,0.18099999999999994,91,0.36748366666666665,0.006518720747048424,1
2083,199842,0,100,0.367167,0.006331796668819152,0
2084,199942,0,100,0.3668503333333333,0.011317502912716009,0
2085,200042,0,100,0.36653366666666665,0.00575989268370904,0
2086,200142,0,100,0.366217,0.008152608334785327,0
2087,200242,0,100,0.36590033333333327,0.006675681298365817,0
2088,200342,0,100,0.36558366666666664,0.009746539061889053,0
2089,200442,0,100,0.365267,0.010601461898768321,0
2090,200542,0,100,0.3649503333333334,0.008494055502815172,0
2091,200642,0,100,0.36463366666666663,0.007484280387870967,0
2092,200742,0,100,0.364317,0.008061676457873545,0
2093,200842,0,100,0.36400033333333337,0.008594329202314838,0
2094,200942,0,100,0.3636836666666666,0.004832382006570697,0
2095,201042,0,100,0.363367,0.008632763342466205,0
2096,201142,0,100,0.36305033333333336,0.008580140987178311,0
2097,201242,0,100,0.3627336666666666,0.007639945786213503,0
2098,201342,0,100,0.362417,0.00831904630525969,0
2099,201437,0.14500000000000002,95,0.3621161666666667,0.0073612528755084465,1
2100,201505,0.3879999999999999,68,0.36190083333333334,0.011418679489425439,1
2101,201605,0,100,0.3615841666666667,0.00793304584454745,0
2102,201705,0,100,0.36126749999999996,0.010380278615048154,0
2103,201805,0,100,0.36095083333333333,0.00824692424852401,0
2104,201905,0,100,0.3606341666666667,0.010047720629954711,0
2105,202005,0,100,0.36031749999999996,0.006701052511343733,0
2106,202105,0,100,0.3600008333333333,0.008738037854200228,0
2107,202205,0,100,0.3596841666666667,0.006604886528803036,0
2108,202305,0,100,0.35936749999999995,0.0098720538103953,0
2109,202405,0,100,0.3590508333333333,0.008071404300862924,0
2110,202505,0,100,0.3587341666666667,0.008207665530499071,0
2111,202605,0,100,0.35841749999999994,0.009094669780461117,0
2112,202705,0,100,0.3581008333333333,0.009190466575091705,0
2113,202805,0,100,0.3577841666666667,0.008158567287609912,0
2114,202905,0,100,0.35746749999999994,0.009443512533907778,0
2115,203005,0,100,0.3571508333333333,0.011163754961453378,0
2116,203105,0,100,0.3568341666666667,0.008830386779736727,0
2117,203205,0,100,0.35651750000000004,0.009838748926995322,0
2118,203305,0,100,0.3562008333333333,0.010019067369867116,0
2119,203405,0,100,0.35588416666666667,0.007470604539848864,0
2120,203505,0,100,0.35556750000000004,0.010856091867899521,0
2121,203605,0,100,0.3552508333333333,0.008069072860525921,0
2122,203705,0,100,0.35493416666666666,0.010320081323152408,0
2123,203805,0,100,0.35461750000000003,0.008886949793668464,0
2124,203905,0,100,0.3543008333333333,0.009491024969611317,0
2125,204005,0,100,0.35398416666666666,0.008043264357838779,0
2126,204105,0,100,0.3536675,0.005825152744073421,0
2127,204205,0,100,0.3533508333333333,0.009446324787568301,0
2128,204305,0,100,0.35303416666666665,0.008105769879184663,0
2129,204405,0,100,0.3527175,0.009833982881391421,0
2130,204505,0,100,0.3524008333333333,0.008607012061402202,0
2131,204605,0,100,0.35208416666666664,0.008473474782076664,0
2132,204705,0,100,0.3517675,0.00950166386552155,0
2133,204805,0,100,0.3514508333333334,0.007511783121153712,0
2134,204905,0,100,0.35113416666666664,0.007947591670090333,0
2135,205005,0,100,0.3508175,0.008194519997341559,0
2136,205105,0,100,0.3505008333333334,0.009882882219972088,0
2137,205205,0,100,0.35018416666666663,0.006242479921784252,0
2138,205305,0,100,0.3498675,0.00807917368831113,0
2139,205405,0,100,0.34955083333333337,0.0073123309260699895,0
2140,205505,0,100,0.3492341666666666,0.008092304947786034,0
2141,205605,0,100,0.3489175,0.00881846773903817,0
2142,205705,0,100,0.34860083333333336,0.006659192827064544,0
2143,205805,0,100,0.3482841666666666,0.006711955803912133,0
2144,205905,0,100,0.3479675,0.010990138795459643,0
2145,206005,0,100,0.34765083333333335,0.01015668546431698,0
2146,206105,0,100,0.3473341666666666,0.007842308613471688,0
2147,206205,0,100,0.3470175,0.008973964935867116,0
2148,206305,0,100,0.34670083333333335,0.008921995223499835,0
2149,206405,0,100,0.3463841666666667,0.010918495609657838,0
2150,206505,0,100,0.3460675,0.010160729329800233,0
2151,206605,0,100,0.34575083333333334,0.010533937949221582,0
2152,206705,0,100,0.3454341666666667,0.007854555376106874,0
2153,206805,0,100,0.34511749999999997,0.009601799588417635,0
2154,206905,0,100,0.34480083333333333,0.010612003937130793,0
2155,207005,0,100,0.3444841666666667,0.009391234607901424,0
2156,207105,0,100,0.34416749999999996,0.013171898601576686,0
2157,207205,0,100,0.34385083333333333,0.009249381987610833,0
2158,207305,0,100,0.3435341666666667,0.009446627479046583,0
2159,207405,0,100,0.34321749999999995,0.007350886238273233,0
2160,207505,0,100,0.3429008333333333,0.009660205036634579,0
2161,207605,0,100,0.3425841666666667,0.009473905310733244,0
2162,207705,0,100,0.34226749999999995,0.009956188757205381,0
2163,207805,0,100,0.3419508333333333,0.0069413011823780835,0
2164,207905,0,100,0.3416341666666667,0.00983714338275604,0
2165,208005,0,100,0.34131749999999994,0.007966769636841491,0
2166,208105,0,100,0.3410008333333333,0.0075302456598728895,0
2167,208205,0,100,0.3406841666666667,0.009348990537691861,0
2168,208305,0,100,0.34036750000000005,0.009250633975025267,0
2169,208405,0,100,0.3400508333333333,0.00764620334142819,0
2170,208505,0,100,0.33973416666666667,0.006568282714579254,0
2171,208605,0,100,0.33941750000000004,0.0085527771897614,0
2172,208685,0.2799999999999999,80,0.3391641666666667,0.009675727115245536,1
2173,208785,0,100,0.33884749999999997,0.008918140113819391,0
2174,208885,0,100,0.33853083333333334,0.008467342279618605,0
2175,208985,0,100,0.3382141666666667,0.008951094856020064,0
2176,209085,0,100,0.33789749999999996,0.008252441647928209,0
2177,209185,0,100,0.33758083333333333,0.009571274020709097,0
2178,209285,0,100,0.3372641666666667,0.007715852194232866,0
2179,209385,0,100,0.33694749999999996,0.008303479088936002,0
2180,209419,0.694,34,0.33683983333333334,0.005239548822454012,1
2181,209519,0,100,0.3365231666666667,0.010102485773386434,0
2182,209619,0,100,0.33620649999999996,0.007934304889058694,0
2183,209719,0,100,0.33588983333333333,0.008489962280727924,0
2184,209819,0,100,0.3355731666666667,0.008919675922952593,0
2185,209919,0,100,0.33525649999999996,0.009786368479253724,0
2186,210019,0,100,0.3349398333333333,0.0072027827356942,0
2187,210119,0,100,0.3346231666666667,0.009394464109209365,0
2188,210219,0,100,0.33430649999999995,0.009576633267570286,0
2189,210319,0,100,0.3339898333333333,0.012059819069691002,0
2190,210419,0,100,0.3336731666666667,0.009632064446341246,0
2191,210519,0,100,0.33335649999999994,0.010926778770517558,0
2192,210619,0,100,0.3330398333333333,0.011354790918994695,0
2193,210719,0,100,0.3327231666666667,0.008449165381025523,0
2194,210819,0,100,0.33240649999999994,0.010771317267790436,0
2195,210919,0,100,0.3320898333333333,0.011875675737392156,0
2196,211019,0,100,0.3317731666666667,0.011381312770536169,0
2197,211119,0,100,0.33145650000000004,0.010745684114517644,0
2198,211219,0,100,0.3311398333333333,0.010195278695318848,0
2199,211319,0,100,0.33082316666666667,0.01017120289732702,0
2200,211419,0,100,0.33050650000000004,0.009378757533850148,0
2201,211519,0,100,0.3301898333333333,0.009077302721561865,0
2202,211619,0,100,0.32987316666666666,0.010834197105141356,0
2203,211719,0,100,0.32955650000000003,0.008653064713580533,0
2204,211819,0,100,0.3292398333333333,0.007786718243733048,0
2205,211919,0,100,0.32892316666666666,0.009041436181869358,0
2206,212019,0,100,0.3286065,0.01069553112378344,0
2207,212119,0,100,0.3282898333333333,0.009838673449121416,0
2208,212219,0,100,0.32797316666666665,0.008187617718940601,0
2209,212221,0.982,2,0.3279668333333333,0.002016083395574242,1
2210,212321,0,100,0.3276501666666667,0.010253903483971953,0
2211,212327,0.946,6,0.3276311666666667,0.008358662753986815,1
2212,212427,0,100,0.32731449999999995,0.009124817409319802,0
2213,212527,0,100,0.3269978333333333,0.010967284929938615,0
2214,212627,0,100,0.3266811666666667,0.008860450247302651,0
2215,212727,0,100,0.32636449999999995,0.009714076203526928,0
2216,212827,0,100,0.3260478333333333,0.010756211382104084,0
2217,212927,0,100,0.3257311666666667,0.008856143990997226,0
2218,213027,0,100,0.32541449999999994,0.010786968094762414,0
2219,213127,0,100,0.3250978333333333,0.010718299489235505,0
2220,213227,0,100,0.3247811666666667,0.009208912817994132,0
2221,213327,0,100,0.32446450000000004,0.01068831569631584,0
2222,213427,0,100,0.3241478333333333,0.010905047144042328,0
2223,213527,0,100,0.32383116666666667,0.010598195281345398,0
2224,213627,0,100,0.32351450000000004,0.008437315287301317,0
2225,213727,0,100,0.3231978333333333,0.00817110555653926,0
2226,213827,0,100,0.32288116666666666,0.008345490744104608,0
2227,213927,0,100,0.32256450000000003,0.008179471653420478,0
2228,214027,0,100,0.3222478333333333,0.009469266256783158,0
2229,214127,0,100,0.32193116666666666,0.009650058299303054,0
2230,214227,0,100,0.3216145,0.009393416026723571,0
2231,214327,0,100,0.3212978333333333,0.009666779137915001,0
2232,214427,0,100,0.32098116666666665,0.008056634350214153,0
2233,214527,0,100,0.3206645,0.010795007944107055,0
2234,214627,0,100,0.3203478333333333,0.010137029727920889,0
2235,214727,0,100,0.32003116666666664,0.012457204820821062,0
2236,214827,0,100,0.3197145,0.011372250902932137,0
2237,214927,0,100,0.3193978333333334,0.01192283625015989,0
2238,215027,0,100,0.31908116666666664,0.010163281133864076,0
2239,215127,0,100,0.3187645,0.008217271328903734,0
2240,215227,0,100,0.3184478333333334,0.010723222963279114,0
2241,215327,0,100,0.31813116666666663,0.010573113485006615,0
2242,215427,0,100,0.3178145,0.009534213767619804,0
2243,215527,0,100,0.31749783333333337,0.00921805968042463,0
2244,215627,0,100,0.3171811666666666,0.008194425847614184,0
2245,215727,0,100,0.3168645,0.008890522525180132,0
2246,215827,0,100,0.31654783333333336,0.010118685429915786,0
2247,215927,0,100,0.3162311666666666,0.010096273332601413,0
2248,216027,0,100,0.3159145,0.008723430659156293,0
2249,216127,0,100,0.31559783333333336,0.009131374843418598,0
2250,216194,0.3969999999999999,67,0.3153856666666667,0.00998784277463026,1
2251,216207,0.883,13,0.3153445,0.002713008756892612,1
2252,216307,0,100,0.3150278333333333,0.01041265802225098,0
2253,216407,0,100,0.31471116666666665,0.010152106867171823,0
2254,216507,0,100,0.3143945,0.013081422259565443,0
2255,216607,0,100,0.3140778333333333,0.010651939631206914,0
2256,216707,0,100,0.31376116666666665,0.011456521417712792,0
2257,216807,0,100,0.3134445,0.00927045154152438,0
2258,216907,0,100,0.31312783333333327,0.00812358438037336,0
2259,216937,0.73,30,0.3130328333333333,0.007143310566122333,1
2260,217037,0,100,0.3127161666666667,0.009158860944444314,0
2261,217137,0,100,0.31239949999999994,0.009663697826908901,0
2262,217237,0,100,0.3120828333333333,0.009517004656372592,0
2263,217337,0,100,0.3117661666666667,0.007432107593631372,0
2264,217437,0,100,0.31144950000000005,0.007777425632812082,0
2265,217537,0,100,0.3111328333333333,0.010867943428456784,0
2266,217637,0,100,0.31081616666666667,0.010470251893857495,0
2267,217737,0,100,0.31049950000000004,0.011299785997252912,0
2268,217788,0.5409999999999999,51,0.310338,0.008005263256456922,1
2269,217888,0,100,0.31002133333333337,0.011061155401403084,0
2270,217988,0,100,0.30970466666666663,0.010080773489316925,0
2271,218088,0,100,0.309388,0.010998708168044687,0
2272,218188,0,100,0.30907133333333336,0.015859365253709255,0
2273,218288,0,100,0.3087546666666666,0.008532417805399746,0
2274,218362,0.33399999999999996,74,0.3085203333333333,0.010014253713322702,1
2275,218462,0,100,0.30820366666666665,0.008687372751301154,0
2276,218562,0,100,0.307887,0.00706448778277263,0
2277,218662,0,100,0.3075703333333333,0.015421274327673018,0
2278,218762,0,100,0.30725366666666665,0.010111670525511728,0
2279,218862,0,100,0.306937,0.010908953418256715,0
2280,218962,0,100,0.3066203333333333,0.008789662173949182,0
2281,219062,0,100,0.30630366666666664,0.00863954018917866,0
2282,219162,0,100,0.305987,0.008297137033659965,0
2283,219262,0,100,0.3056703333333334,0.009292965769418515,0
2284,219362,0,100,0.30535366666666663,0.010479891648283229,0
2285,219462,0,100,0.305037,0.009732466659042984,0
2286,219562,0,100,0.30472033333333337,0.008416643436066806,0
2287,219662,0,100,0.30440366666666663,0.009177242795703932,0
2288,219762,0,100,0.304087,0.009240505489287898,0
2289,219862,0,100,0.30377033333333336,0.011651214433368296,0
2290,219962,0,100,0.3034536666666666,0.009790136214578525,0
2291,220062,0,100,0.303137,0.007146277955034748,0
2292,220162,0,100,0.30282033333333336,0.011458506445633248,0
2293,220262,0,100,0.3025036666666666,0.009200094304978847,0
2294,220362,0,100,0.302187,0.009667068881681189,0
2295,220462,0,100,0.30187033333333335,0.010160710801137611,0
2296,220562,0,100,0.3015536666666666,0.009831105342600495,0
2297,220662,0,100,0.301237,0.010720552932471037,0
2298,220762,0,100,0.30092033333333335,0.011801940652076156,0
2299,220862,0,100,0.3006036666666667,0.011925967695424334,0
2300,220962,0,100,0.30028699999999997,0.009131326749920845,0
2301,221062,0,100,0.29997033333333334,0.007461423127679155,0
2302,221162,0,100,0.2996536666666667,0.009835490386467426,0
2303,221262,0,100,0.29933699999999996,0.010492754748556763,0
2304,221362,0,100,0.29902033333333333,0.007589656471973285,0
2305,221462,0,100,0.2987036666666667,0.012017869354458525,0
2306,221562,0,100,0.29838699999999996,0.010323085660347715,0
2307,221662,0,100,0.2980703333333333,0.01211102760862559,0
2308,221762,0,100,0.2977536666666667,0.009562349900370463,0
2309,221862,0,100,0.29743699999999995,0.010198024046840146,0
2310,221962,0,100,0.2971203333333333,0.008931305720470845,0
2311,222062,0,100,0.2968036666666667,0.011012575182830915,0
2312,222162,0,100,0.29648699999999995,0.011411379550117999,0
2313,222262,0,100,0.2961703333333333,0.009135323634836823,0
2314,222362,0,100,0.2958536666666667,0.013351940531283617,0
2315,222462,0,100,0.29553699999999994,0.0076534611405804755,0
2316,222562,0,100,0.2952203333333333,0.007755431743571534,0
2317,222662,0,100,0.2949036666666667,0.01027836639783345,0
2318,222762,0,100,0.29458700000000004,0.012002337297890336,0
2319,222862,0,100,0.2942703333333333,0.010571561296237632,0
2320,222962,0,100,0.29395366666666667,0.011649886107770726,0
2321,223062,0,100,0.29363700000000004,0.01097186723491177,0
2322,223162,0,100,0.2933203333333333,0.00924222141969949,0
2323,223262,0,100,0.29300366666666666,0.007869498822838068,0
2324,223362,0,100,0.29268700000000003,0.012280958872288465,0
2325,223462,0,100,0.2923703333333333,0.010331344549776987,0
2326,223562,0,100,0.29205366666666666,0.009981985257472842,0
2327,223610,0.5680000000000001,48,0.2919016666666666,0.00969707298160453,1
2328,223710,0,100,0.291585,0.009406795075628907,0
2329,223810,0,100,0.29126833333333335,0.013446707447292284,0
2330,223820,0.91,10,0.2912366666666667,0.009751971426885575,1
2331,223920,0,100,0.29091999999999996,0.009159129166509955,0
2332,224020,0,100,0.2906033333333333,0.01107824541744776,0
2333,224120,0,100,0.2902866666666667,0.00902134736184962,0
2334,224220,0,100,0.28996999999999995,0.011965866956161334,0
2335,224320,0,100,0.2896533333333333,0.011652922644279896,0
2336,224420,0,100,0.2893366666666667,0.009728776557603852,0
2337,224520,0,100,0.28901999999999994,0.012906895584892481,0
2338,224620,0,100,0.2887033333333333,0.014614998542238028,0
2339,224720,0,100,0.2883866666666667,0.015829030779423194,0
2340,224820,0,100,0.28806999999999994,0.013084407773567364,0
2341,224920,0,100,0.2877533333333333,0.013330228152917699,0
2342,225020,0,100,0.2874366666666667,0.009330657293321564,0
2343,225120,0,100,0.28712000000000004,0.011207882894668729,0
2344,225220,0,100,0.2868033333333333,0.012227708079153672,0
2345,225320,0,100,0.28648666666666667,0.010022665094584226,0
2346,225420,0,100,0.28617000000000004,0.00949226557277143,0
2347,225520,0,100,0.2858533333333333,0.012212892413372175,0
2348,225620,0,100,0.28553666666666666,0.011710682648699731,0
2349,225720,0,100,0.28522000000000003,0.00921510265325196,0
2350,225820,0,100,0.2849033333333333,0.009234125465736725,0
2351,225920,0,100,0.28458666666666665,0.009973535378230735,0
2352,226020,0,100,0.28427,0.011556724146939814,0
2353,226120,0,100,0.2839533333333333,0.01060294475639239,0
2354,226220,0,100,0.28363666666666665,0.01083634079550393,0
2355,226320,0,100,0.28332,0.012871042338665574,0
2356,226420,0,100,0.2830033333333333,0.011164119986351579,0
2357,226520,0,100,0.28268666666666664,0.01227045641746372,0
2358,226620,0,100,0.28237,0.010960619996767491,0
2359,226720,0,100,0.2820533333333334,0.01163950355257839,0
2360,226820,0,100,0.28173666666666664,0.013282567675923928,0
2361,226920,0,100,0.28142,0.01256805970449932,0
2362,227020,0,100,0.28110333333333337,0.010806429476942866,0
2363,227120,0,100,0.28078666666666663,0.012769224029034376,0
2364,227220,0,100,0.28047,0.013706011357717216,0
2365,227320,0,100,0.28015333333333337,0.012207185237202793,0
2366,227420,0,100,0.2798366666666666,0.014656531254295259,0
2367,227450,0.73,30,0.27974166666666667,0.014612688217312098,1
2368,227550,0,100,0.27942500000000003,0.010230834179092199,0
2369,227650,0,100,0.2791083333333333,0.009218679541954771,0
2370,227750,0,100,0.27879166666666666,0.007673274473054334,0
2371,227850,0,100,0.27847500000000003,0.010461382246576249,0
2372,227950,0,100,0.2781583333333333,0.011431126447860152,0
2373,228050,0,100,0.27784166666666665,0.0097887218312826,0
2374,228097,0.577,47,0.2776928333333333,0.00897273366299874,1
2375,228197,0,100,0.27737616666666665,0.00800411393865943,0
2376,228297,0,100,0.2770595,0.010827535742428153,0
2377,228397,0,100,0.27674283333333327,0.008796964170178398,0
2378,228497,0,100,0.27642616666666664,0.011757544131251052,0
2379,228597,0,100,0.2761095,0.011522685850504786,0
2380,228697,0,100,0.2757928333333334,0.011619442394003272,0
2381,228797,0,100,0.27547616666666663,0.010151771450764499,0
2382,228897,0,100,0.2751595,0.01202635784749873,0
2383,228997,0,100,0.27484283333333337,0.015040280045941472,0
2384,229097,0,100,0.2745261666666666,0.011010973115917295,0
2385,229197,0,100,0.2742095,0.011619777026353403,0
2386,229297,0,100,0.27389283333333336,0.009278823379427195,0
2387,229397,0,100,0.2735761666666666,0.01039930897532031,0
2388,229497,0,100,0.2732595,0.012284829267300665,0
2389,229597,0,100,0.27294283333333336,0.012111800535349175,0
2390,229697,0,100,0.2726261666666666,0.010419089978095144,0
2391,229797,0,100,0.2723095,0.012120407287729904,0
2392,229897,0,100,0.27199283333333335,0.0111657430883497,0
2393,229997,0,100,0.2716761666666666,0.01054039181326516,0
2394,230097,0,100,0.2713595,0.010745565169490873,0
2395,230197,0,100,0.27104283333333334,0.011881344510475173,0
2396,230297,0,100,0.2707261666666667,0.010410647923126817,0
2397,230397,0,100,0.27040949999999997,0.011681141597218812,0
2398,230497,0,100,0.27009283333333334,0.011137770055793226,0
2399,230597,0,100,0.2697761666666667,0.010560274265008046,0
2400,230645,0.5680000000000001,48,0.26962416666666666,0.01154946149714912,1
2401,230745,0,100,0.26930750000000003,0.01182070472626947,0
2402,230845,0,100,0.2689908333333333,0.00868086789501831,0
2403,230945,0,100,0.26867416666666666,0.008444568931590766,0
2404,231045,0,100,0.2683575,0.012983327070251106,0
2405,231145,0,100,0.2680408333333333,0.009166648781392723,0
2406,231245,0,100,0.26772416666666665,0.010113299895310774,0
2407,231345,0,100,0.2674075,0.012564380099065601,0
2408,231445,0,100,0.2670908333333333,0.008708638866664842,0
2409,231545,0,100,0.26677416666666665,0.008597025299677626,0
2410,231580,0.685,35,0.26666333333333336,0.011563045940628009,1
2411,231680,0,100,0.2663466666666666,0.00891467195469886,0
2412,231780,0,100,0.26603,0.011846057664370165,0
2413,231880,0,100,0.26571333333333336,0.008055974149610847,0
2414,231980,0,100,0.2653966666666666,0.010891845894511788,0
2415,232080,0,100,0.26508,0.013225305259693414,0
2416,232180,0,100,0.26476333333333335,0.009475361369550229,0
2417,232280,0,100,0.2644466666666666,0.011919669408816844,0
2418,232380,0,100,0.26413,0.01327812611241825,0
2419,232480,0,100,0.26381333333333334,0.009899235733319073,0
2420,232580,0,100,0.2634966666666667,0.009023039382882417,0
2421,232680,0,100,0.26317999999999997,0.011024960892973468,0
2422,232780,0,100,0.26286333333333334,0.00934858107706532,0
2423,232880,0,100,0.2625466666666667,0.012166253741597757,0
2424,232980,0,100,0.26222999999999996,0.011722343402216211,0
2425,233080,0,100,0.26191333333333333,0.011826537909219042,0
2426,233180,0,100,0.2615966666666667,0.0114454051759094,0
2427,233280,0,100,0.26127999999999996,0.011627874339465051,0
2428,233380,0,100,0.2609633333333333,0.007755292594665662,0
2429,233480,0,100,0.2606466666666667,0.009712250680895523,0
2430,233580,0,100,0.26032999999999995,0.009379058260237797,0
2431,233680,0,100,0.2600133333333333,0.010719134995015337,0
2432,233780,0,100,0.2596966666666667,0.009836314721032977,0
2433,233880,0,100,0.25937999999999994,0.009205185493919998,0
2434,233980,0,100,0.2590633333333333,0.011501520401798188,0
2435,234080,0,100,0.2587466666666667,0.01124054824351333,0
2436,234180,0,100,0.25842999999999994,0.012986786173423753,0
2437,234280,0,100,0.2581133333333333,0.010541658292058855,0
2438,234380,0,100,0.2577966666666667,0.010507483104011044,0
2439,234480,0,100,0.25748000000000004,0.008439293603878469,0
2440,234580,0,100,0.2571633333333333,0.012038449125830084,0
2441,234680,0,100,0.25684666666666667,0.010138887953944504,0
2442,234780,0,100,0.25653000000000004,0.01373868832248263,0
2443,234880,0,100,0.2562133333333333,0.010553334744181485,0
2444,234980,0,100,0.25589666666666666,0.008574383170343935,0
2445,235080,0,100,0.25558000000000003,0.013532076191622763,0
2446,235180,0,100,0.2552633333333333,0.01379594260128215,0
2447,235280,0,100,0.25494666666666665,0.016216934613185005,0
2448,235380,0,100,0.25463,0.012209823993034661,0
2449,235480,0,100,0.2543133333333333,0.012341551801655441,0
2450,235580,0,100,0.25399666666666665,0.009397506768582389,0
2451,235680,0,100,0.25368,0.013802407414186747,0
2452,235780,0,100,0.2533633333333333,0.014015059755183756,0
2453,235880,0,100,0.25304666666666664,0.008844837285578252,0
2454,235980,0,100,0.25273,0.011425717333331704,0
2455,236080,0,100,0.2524133333333334,0.00952673701918684,0
2456,236180,0,100,0.25209666666666664,0.013574695771094412,0
2457,236280,0,100,0.25178,0.013763981772353873,0
2458,236380,0,100,0.25146333333333337,0.011958180568180979,0
2459,236480,0,100,0.25114666666666663,0.010173696335405111,0
2460,236580,0,100,0.25083,0.013106385284336284,0
2461,236680,0,100,0.25051333333333337,0.01305562337860465,0
2462,236780,0,100,0.2501966666666666,0.011805978075135498,0
2463,236880,0,100,0.24988,0.014883744219550863,0
2464,236980,0,100,0.24956333333333336,0.012674856785451993,0
2465,237080,0,100,0.24924666666666662,0.011529839552240446,0
2466,237180,0,100,0.24892999999999998,0.010383378006517887,0
2467,237280,0,100,0.24861333333333335,0.015235616756835952,0
2468,237380,0,100,0.2482966666666666,0.010456212614662945,0
2469,237480,0,100,0.24797999999999998,0.009331821150844917,0
2470,237580,0,100,0.24766333333333335,0.012804093667073175,0
2471,237680,0,100,0.2473466666666666,0.011518962281988933,0
2472,237780,0,100,0.24702999999999997,0.010618561912560836,0
2473,237880,0,100,0.24671333333333334,0.010762723695952445,0
2474,237980,0,100,0.2463966666666667,0.012093508738325908,0
2475,238028,0.5680000000000001,48,0.24624466666666667,0.0113493202564617,1
2476,238128,0,100,0.24592800000000004,0.01209870506892912,0
2477,238228,0,100,0.2456113333333333,0.013347063054097816,0
2478,238328,0,100,0.24529466666666666,0.012723346914863215,0
2479,238428,0,100,0.24497800000000003,0.011178984587313607,0
2480,238528,0,100,0.2446613333333333,0.012073917507659643,0
2481,238628,0,100,0.24434466666666665,0.008353894660249352,0
2482,238728,0,100,0.24402800000000002,0.010485552926547825,0
2483,238828,0,100,0.24371133333333328,0.01143478177022189,0
2484,238928,0,100,0.24339466666666665,0.012744337448384612,0
2485,239028,0,100,0.24307800000000002,0.013909509003860876,0
2486,239128,0,100,0.24276133333333327,0.00982515630312264,0
2487,239228,0,100,0.24244466666666664,0.011726626777090132,0
2488,239328,0,100,0.242128,0.016726069531869142,0
2489,239428,0,100,0.24181133333333338,0.007612400047946721,0
2490,239528,0,100,0.24149466666666664,0.013979427858721465,0
2491,239628,0,100,0.241178,0.011398119935765862,0
2492,239728,0,100,0.24086133333333337,0.013640126447426156,0
2493,239828,0,100,0.24054466666666663,0.011705883819377049,0
2494,239928,0,100,0.240228,0.01138152145082131,0
2495,240028,0,100,0.23991133333333337,0.012606254878919572,0
2496,240128,0,100,0.23959466666666662,0.013338039307855069,0
2497,240228,0,100,0.239278,0.011481407976243646,0
2498,240328,0,100,0.23896133333333336,0.011280468304175884,0
2499,240428,0,100,0.23864466666666662,0.01061141344369389,0
2500,240528,0,100,0.23832799999999998,0.012047852185787633,0
2501,240628,0,100,0.23801133333333335,0.00997805517865345,0
2502,240728,0,100,0.2376946666666666,0.011879089819267392,0
2503,240828,0,100,0.23737799999999998,0.012495560544775798,0
2504,240928,0,100,0.23706133333333335,0.010436825939686969,0
2505,241028,0,100,0.2367446666666666,0.009508137148804963,0
2506,241128,0,100,0.23642799999999997,0.01155510513111949,0
2507,241228,0,100,0.23611133333333334,0.012136895563453437,0
2508,241328,0,100,0.2357946666666667,0.013743969425559045,0
2509,241428,0,100,0.23547799999999997,0.010402225605212152,0
2510,241528,0,100,0.23516133333333333,0.013531825459795073,0
2511,241628,0,100,0.2348446666666667,0.011598587379558012,0
2512,241728,0,100,0.23452799999999996,0.011817645914852619,0
2513,241828,0,100,0.23421133333333333,0.009570943051949143,0
2514,241928,0,100,0.2338946666666667,0.010071992905577644,0
2515,242028,0,100,0.23357799999999995,0.012651416301960126,0
2516,242128,0,100,0.23326133333333332,0.009967262872960419,0
2517,242228,0,100,0.2329446666666667,0.010673585126642137,0
2518,242328,0,100,0.23262799999999995,0.01386385147459805,0
2519,242428,0,100,0.23231133333333331,0.013890768981073052,0
2520,242528,0,100,0.23199466666666668,0.015492344482336193,0
2521,242628,0,100,0.23167799999999994,0.01643564793863334,0
2522,242728,0,100,0.2313613333333333,0.015071326864417643,0
2523,242828,0,100,0.23104466666666668,0.011037163394503295,0
2524,242928,0,100,0.23072800000000004,0.0151248231891077,0
2525,243028,0,100,0.2304113333333333,0.01182171082124114,0
2526,243128,0,100,0.23009466666666667,0.01018118737731129,0
2527,243228,0,100,0.22977800000000004,0.012665462382137775,0
2528,243328,0,100,0.2294613333333333,0.008243395561585203,0
2529,243428,0,100,0.22914466666666666,0.009479624241357669,0
2530,243528,0,100,0.22882800000000003,0.011620631370460615,0
2531,243628,0,100,0.2285113333333333,0.015213909491430968,0
2532,243728,0,100,0.22819466666666666,0.01138449871679768,0
2533,243828,0,100,0.22787800000000002,0.009332181327044964,0
2534,243928,0,100,0.22756133333333328,0.0098137834854424,0
2535,244028,0,100,0.22724466666666665,0.01480192415881902,0
2536,244128,0,100,0.22692800000000002,0.014961115315090865,0
2537,244228,0,100,0.22661133333333328,0.014733933033421636,0
2538,244328,0,100,0.22629466666666664,0.0158342209411785,0
2539,244428,0,100,0.225978,0.011262197396717966,0
2540,244528,0,100,0.22566133333333338,0.010019256941741333,0
2541,244628,0,100,0.22534466666666664,0.010953854656545445,0
2542,244728,0,100,0.225028,0.010850085749989375,0
2543,244828,0,100,0.22471133333333337,0.011645310232415796,0
2544,244928,0,100,0.22439466666666663,0.01289065407938324,0
2545,245028,0,100,0.224078,0.010056442111963406,0
2546,245128,0,100,0.22376133333333337,0.010909764743410051,0
2547,245228,0,100,0.22344466666666662,0.013570386064238847,0
2548,245328,0,100,0.223128,0.012254118483979256,0
2549,245428,0,100,0.22281133333333336,0.011511376394191758,0
2550,245528,0,100,0.22249466666666662,0.013815000239992515,0
2551,245628,0,100,0.222178,0.010514342500828206,0
2552,245728,0,100,0.22186133333333335,0.009370122804539279,0
2553,245828,0,100,0.2215446666666666,0.009869945116806776,0
2554,245928,0,100,0.22122799999999998,0.013404685431160033,0
2555,246028,0,100,0.22091133333333335,0.010957808576058596,0
2556,246128,0,100,0.2205946666666666,0.013267022479558363,0
2557,246228,0,100,0.22027799999999997,0.011014243779936806,0
2558,246328,0,100,0.21996133333333334,0.013102030745940282,0
2559,246428,0,100,0.2196446666666667,0.010094531916547567,0
2560,246528,0,100,0.21932799999999997,0.014372960454784334,0
2561,246628,0,100,0.21901133333333334,0.011346337634604424,0
2562,246728,0,100,0.2186946666666667,0.010650745757156983,0
2563,246828,0,100,0.21837799999999996,0.012485141953220591,0
2564,246928,0,100,0.21806133333333333,0.009940868576522916,0
2565,247028,0,100,0.2177446666666667,0.011506103958236053,0
2566,247128,0,100,0.21742799999999995,0.014481274232966825,0
2567,247228,0,100,0.21711133333333332,0.01046672546188347,0
2568,247328,0,100,0.2167946666666667,0.011599487776402384,0
2569,247428,0,100,0.21647799999999995,0.00950694914907217,0
2570,247528,0,100,0.21616133333333332,0.00877308681490831,0
2571,247628,0,100,0.21584466666666668,0.007308114496991039,0
2572,247728,0,100,0.21552799999999994,0.014593586219707504,0
2573,247828,0,100,0.2152113333333333,0.012046880988636986,0
2574,247928,0,100,0.21489466666666668,0.01245077201165259,0
2575,248028,0,100,0.21457800000000005,0.015032771372934803,0
2576,248128,0,100,0.2142613333333333,0.011986769957002253,0
2577,248228,0,100,0.21394466666666667,0.015476993466727436,0
2578,248328,0,100,0.21362800000000004,0.008603685569250957,0
2579,248428,0,100,0.2133113333333333,0.014444933235645295,0
2580,248528,0,100,0.21299466666666667,0.014282994624227285,0
2581,248628,0,100,0.21267800000000003,0.011626698592444883,0
2582,248728,0,100,0.2123613333333333,0.009711781251244247,0
2583,248828,0,100,0.21204466666666666,0.009463268360123038,0
2584,248928,0,100,0.21172800000000003,0.011640434513101355,0
2585,249028,0,100,0.21141133333333328,0.013764905950520188,0
2586,249128,0,100,0.21109466666666665,0.013093273827107623,0
2587,249228,0,100,0.21077800000000002,0.011727577748242766,0
2588,249328,0,100,0.21046133333333328,0.010151315396651626,0
2589,249428,0,100,0.21014466666666665,0.010571134459460153,0
2590,249528,0,100,0.20982800000000001,0.012159675360890106,0
2591,249628,0,100,0.20951133333333327,0.011372409419855102,0
2592,249728,0,100,0.20919466666666664,0.015438489348161966,0
2593,249828,0,100,0.208878,0.011429494069889188,0
2594,249928,0,100,0.20856133333333338,0.014367208234034479,0
2595,250028,0,100,0.20824466666666663,0.011360308666480705,0
2596,250128,0,100,0.207928,0.013208430717932061,0
2597,250228,0,100,0.20761133333333337,0.014850560483755543,0
2598,250328,0,100,0.20729466666666663,0.012219013583380728,0
2599,250428,0,100,0.206978,0.015137414981145412,0
2600,250528,0,100,0.20666133333333336,0.012859371370868757,0
2601,250628,0,100,0.20634466666666662,0.009501032216940075,0
2602,250710,0.262,82,0.20608499999999996,0.012567185234596453,1
2603,250810,0,100,0.20576833333333333,0.009138476258376613,0
2604,250823,0.883,13,0.20572716666666668,0.015384540230465623,1
2605,250923,0,100,0.20541049999999994,0.014105317103676497,0
2606,250937,0.874,14,0.20536616666666663,0.014242872479371727,1
2607,251037,0,100,0.2050495,0.012665877719409763,0
2608,251137,0,100,0.20473283333333336,0.00947204944677651,0
2609,251237,0,100,0.20441616666666662,0.01471618411829695,0
2610,251337,0,100,0.2040995,0.012528011810500174,0
2611,251437,0,100,0.20378283333333336,0.012847403425257652,0
2612,251537,0,100,0.20346616666666661,0.01035463722771965,0
2613,251637,0,100,0.20314949999999998,0.010971554483985528,0
2614,251737,0,100,0.20283283333333335,0.007946462945546955,0
2615,251837,0,100,0.2025161666666666,0.013383615596685558,0
2616,251937,0,100,0.20219949999999998,0.01041125185554847,0
2617,252037,0,100,0.20188283333333334,0.012003826004220173,0
2618,252137,0,100,0.2015661666666667,0.012260425654239952,0
2619,252237,0,100,0.20124949999999997,0.015112417326308787,0
2620,252337,0,100,0.20093283333333334,0.009009647782659159,0
2621,252437,0,100,0.2006161666666667,0.009616272085113451,0
2622,252537,0,100,0.20029949999999996,0.013670021566795185,0
2623,252637,0,100,0.19998283333333333,0.01220141063677147,0
2624,252737,0,100,0.1996661666666667,0.01201262145419605,0
2625,252837,0,100,0.19934949999999996,0.009722961325896904,0
2626,252937,0,100,0.19903283333333333,0.009466677852906287,0
2627,253012,0.32499999999999996,75,0.19879533333333332,0.010959027023054659,1
2628,253112,0,100,0.1984786666666667,0.010850758573506028,0
2629,253212,0,100,0.19816199999999995,0.01121087523177266,0
2630,253312,0,100,0.19784533333333332,0.01314562616753392,0
2631,253412,0,100,0.19752866666666669,0.010239176432369277,0
2632,253512,0,100,0.19721199999999994,0.009773823437280954,0
2633,253612,0,100,0.1968953333333333,0.01241915008984506,0
2634,253712,0,100,0.19657866666666668,0.011320846467278899,0
2635,253812,0,100,0.19626199999999994,0.016623643033672125,0
2636,253912,0,100,0.1959453333333333,0.010091995589900761,0
2637,254012,0,100,0.19562866666666667,0.014400794092798605,0
2638,254112,0,100,0.19531200000000004,0.012892280591186136,0
2639,254212,0,100,0.1949953333333333,0.011369520408334211,0
2640,254312,0,100,0.19467866666666667,0.012871766824973747,0
2641,254412,0,100,0.19436200000000003,0.012434085720451548,0
2642,254512,0,100,0.1940453333333333,0.014486241594422609,0
2643,254612,0,100,0.19372866666666666,0.013238186683738605,0
2644,254712,0,100,0.19341200000000003,0.011672420081449673,0
2645,254812,0,100,0.19309533333333329,0.013185646956553682,0
2646,254912,0,100,0.19277866666666665,0.013005514534888789,0
2647,255012,0,100,0.19246200000000002,0.010490445534233004,0
2648,255112,0,100,0.19214533333333328,0.012546401829458773,0
2649,255212,0,100,0.19182866666666665,0.00866052865749225,0
2650,255312,0,100,0.19151200000000002,0.013486587351653725,0
2651,255412,0,100,0.19119533333333327,0.014955635957885533,0
2652,255512,0,100,0.19087866666666664,0.010046389063354581,0
2653,255612,0,100,0.190562,0.013822687753709033,0
2654,255712,0,100,0.19024533333333338,0.014899821282597259,0
2655,255812,0,100,0.18992866666666663,0.011658859639428556,0
2656,255912,0,100,0.189612,0.01215594980865717,0
2657,256012,0,100,0.18929533333333337,0.015261405418277718,0
2658,256112,0,100,0.18897866666666663,0.010626959227956832,0
2659,256212,0,100,0.188662,0.011817772643407807,0
2660,256312,0,100,0.18834533333333336,0.013472818932496012,0
2661,256412,0,100,0.18802866666666662,0.0114422014541924,0
2662,256512,0,100,0.187712,0.011519516104599462,0
2663,256612,0,100,0.18739533333333336,0.008824347113259136,0
2664,256712,0,100,0.18707866666666662,0.009995864811353386,0
2665,256812,0,100,0.18676199999999998,0.008681188210612163,0
2666,256912,0,100,0.18644533333333335,0.010125102571910247,0
2667,257012,0,100,0.1861286666666666,0.012673558114329353,0
2668,257112,0,100,0.18581199999999998,0.009945956588489934,0
2669,257212,0,100,0.18549533333333335,0.014888558430830017,0
2670,257312,0,100,0.1851786666666667,0.013367822805885226,0
2671,257412,0,100,0.18486199999999997,0.009609830799745396,0
2672,257512,0,100,0.18454533333333334,0.012943606636254117,0
2673,257612,0,100,0.1842286666666667,0.014696763152023777,0
2674,257663,0.5409999999999999,51,0.18406716666666667,0.012643027801851869,1
2675,257763,0,100,0.18375050000000004,0.010072208503261208,0
2676,257863,0,100,0.1834338333333333,0.012872495105257257,0
2677,257963,0,100,0.18311716666666666,0.008931713027413935,0
2678,258063,0,100,0.18280050000000003,0.01612352104159072,0
2679,258163,0,100,0.1824838333333333,0.0121893976314459,0
2680,258263,0,100,0.18216716666666666,0.01383588334545493,0
2681,258363,0,100,0.18185050000000003,0.01415054369950667,0
2682,258463,0,100,0.18153383333333328,0.00894384504412301,0
2683,258563,0,100,0.18121716666666665,0.009872531982837244,0
2684,258663,0,100,0.18090050000000002,0.008701056010322646,0
2685,258763,0,100,0.18058383333333328,0.011245785653591156,0
2686,258863,0,100,0.18026716666666665,0.014163235104642808,0
2687,258906,0.613,43,0.18013100000000004,0.007484911480745257,1
2688,259006,0,100,0.1798143333333333,0.012789094726322218,0
2689,259106,0,100,0.17949766666666667,0.01446935152518563,0
2690,259206,0,100,0.17918100000000003,0.01241313739796169,0
2691,259306,0,100,0.1788643333333333,0.008910311282379553,0
2692,259406,0,100,0.17854766666666666,0.015545472598168998,0
2693,259506,0,100,0.17823100000000003,0.011618409708607941,0
2694,259606,0,100,0.17791433333333329,0.013626008462160825,0
2695,259706,0,100,0.17759766666666665,0.016558809338603167,0
2696,259806,0,100,0.17728100000000002,0.014188583410577849,0
2697,259906,0,100,0.17696433333333328,0.01414508412592113,0
2698,260006,0,100,0.17664766666666665,0.012574662362458184,0
2699,260106,0,100,0.17633100000000002,0.01474937295075506,0
2700,260206,0,100,0.17601433333333327,0.012381982966326177,0
2701,260306,0,100,0.17569766666666664,0.013097545168129728,0
2702,260406,0,100,0.175381,0.01577270496520214,0
2703,260506,0,100,0.17506433333333338,0.013029654363635927,0
2704,260606,0,100,0.17474766666666663,0.012323485048254952,0
2705,260706,0,100,0.174431,0.01751475487370044,0
2706,260806,0,100,0.17411433333333337,0.011401185011491179,0
2707,260906,0,100,0.17379766666666663,0.012054691853700205,0
2708,261006,0,100,0.173481,0.01184097612509504,0
2709,261106,0,100,0.17316433333333336,0.013508144236402586,0
2710,261206,0,100,0.17284766666666662,0.013202204937115311,0
2711,261306,0,100,0.172531,0.014995978146325797,0
2712,261406,0,100,0.17221433333333336,0.017271512899314986,0
2713,261506,0,100,0.17189766666666662,0.014316187776857987,0
2714,261606,0,100,0.17158099999999998,0.014051356145646423,0
2715,261706,0,100,0.17126433333333335,0.019178794050822033,0
2716,261806,0,100,0.1709476666666666,0.014696246889652684,0
2717,261906,0,100,0.17063099999999998,0.012233402668498457,0
2718,262006,0,100,0.17031433333333335,0.01071088156895712,0
2719,262106,0,100,0.1699976666666666,0.015634303842671216,0
2720,262206,0,100,0.16968099999999997,0.011129048523725942,0
2721,262306,0,100,0.16936433333333334,0.019088573770131914,0
2722,262406,0,100,0.1690476666666667,0.012565816454589367,0
2723,262506,0,100,0.16873099999999996,0.011328708744840696,0
2724,262606,0,100,0.16841433333333333,0.009144713152199984,0
2725,262706,0,100,0.1680976666666667,0.01584785453276709,0
2726,262806,0,100,0.16778099999999996,0.017316146497614683,0
2727,262906,0,100,0.16746433333333333,0.013400954836979508,0
2728,263006,0,100,0.1671476666666667,0.014118791862856597,0
2729,263106,0,100,0.16683099999999995,0.014606160959228873,0
2730,263206,0,100,0.16651433333333332,0.013911394546739756,0
2731,263306,0,100,0.1661976666666667,0.014965996306855231,0
2732,263406,0,100,0.16588099999999995,0.01250287825590931,0
2733,263506,0,100,0.1655643333333333,0.015803346717730163,0
2734,263606,0,100,0.16524766666666668,0.01634633798734285,0
2735,263706,0,100,0.16493099999999994,0.013250056157121435,0
2736,263806,0,100,0.1646143333333333,0.014041940746828914,0
2737,263906,0,100,0.16429766666666668,0.012994312308728695,0
2738,264006,0,100,0.16398100000000004,0.012865217849612236,0
2739,264106,0,100,0.1636643333333333,0.015303183302748949,0
2740,264206,0,100,0.16334766666666667,0.011481772287515924,0
2741,264306,0,100,0.16303100000000004,0.013498201118782163,0
2742,264406,0,100,0.1627143333333333,0.012789316731505096,0
2743,264506,0,100,0.16239766666666666,0.021217711728531867,0
2744,264606,0,100,0.16208100000000003,0.01508196817128919,0
2745,264706,0,100,0.1617643333333333,0.015268115596845745,0
2746,264806,0,100,0.16144766666666666,0.015063304953509942,0
2747,264906,0,100,0.16113100000000002,0.011201205486431718,0
2748,265006,0,100,0.16081433333333328,0.014366524072829633,0
2749,265106,0,100,0.16049766666666665,0.015468729212880134,0
2750,265206,0,100,0.16018100000000002,0.015474115394754335,0
2751,265306,0,100,0.15986433333333328,0.012400535980705172,0
2752,265406,0,100,0.15954766666666664,0.012023202230921015,0
2753,265506,0,100,0.159231,0.010625494585838169,0
2754,265606,0,100,0.15891433333333338,0.013297185273841024,0
2755,265706,0,100,0.15859766666666664,0.015551403547869996,0
2756,265806,0,100,0.158281,0.01771366589469835,0
2757,265906,0,100,0.15796433333333337,0.0149788805260323,0
2758,266006,0,100,0.15764766666666663,0.011865128364879638,0
2759,266106,0,100,0.157331,0.014695436477195472,0
2760,266206,0,100,0.15701433333333337,0.014846283155493438,0
2761,266288,0.262,82,0.1567546666666667,0.01235592520863908,1
2762,266388,0,100,0.15643799999999997,0.015323937978828327,0
2763,266488,0,100,0.15612133333333333,0.012355100312270224,0
2764,266588,0,100,0.1558046666666667,0.016972789800493045,0
2765,266688,0,100,0.15548799999999996,0.017989445687271656,0
2766,266788,0,100,0.15517133333333333,0.01391703131957911,0
2767,266888,0,100,0.1548546666666667,0.016143827479099856,0
2768,266988,0,100,0.15453799999999995,0.015848112748935817,0
2769,267088,0,100,0.15422133333333332,0.010704759750515222,0
2770,267188,0,100,0.1539046666666667,0.017090318171540275,0
2771,267288,0,100,0.15358799999999995,0.016902098322752863,0
2772,267388,0,100,0.15327133333333331,0.016323709085118026,0
2773,267488,0,100,0.15295466666666668,0.020715139075182378,0
2774,267588,0,100,0.15263799999999994,0.015406375913880766,0
2775,267688,0,100,0.1523213333333333,0.00977329641347751,0
2776,267788,0,100,0.15200466666666668,0.012552546823862941,0
2777,267888,0,100,0.15168800000000005,0.015667085915338247,0
2778,267921,0.703,33,0.15158349999999998,0.015681523293482536,1
2779,268021,0,100,0.15126683333333335,0.014133482985198498,0
2780,268121,0,100,0.1509501666666666,0.0128029654675629,0
2781,268221,0,100,0.15063349999999998,0.013921817340888083,0
2782,268321,0,100,0.15031683333333334,0.015185911140870303,0
2783,268421,0,100,0.1500001666666667,0.012979962434619664,0
2784,268521,0,100,0.14968349999999997,0.012545317386975513,0
2785,268621,0,100,0.14936683333333334,0.019570835551712663,0
2786,268721,0,100,0.1490501666666667,0.013832392459735275,0
2787,268821,0,100,0.14873349999999996,0.012079764371737838,0
2788,268921,0,100,0.14841683333333333,0.014601568430662156,0
2789,269021,0,100,0.1481001666666667,0.015546345816692337,0
2790,269121,0,100,0.14778349999999996,0.015870528961531818,0
2791,269221,0,100,0.14746683333333332,0.012753384250681848,0
2792,269321,0,100,0.1471501666666667,0.01456988007761538,0
2793,269421,0,100,0.14683349999999995,0.014735707321669907,0
2794,269521,0,100,0.14651683333333332,0.013888408252969385,0
2795,269621,0,100,0.1462001666666667,0.01645016869995743,0
2796,269721,0,100,0.14588349999999994,0.01611382992239669,0
2797,269821,0,100,0.1455668333333333,0.013575447262264789,0
2798,269921,0,100,0.14525016666666668,0.015475811737123877,0
2799,270021,0,100,0.14493349999999994,0.014775116698583588,0
2800,270121,0,100,0.1446168333333333,0.011554279970005155,0
2801,270221,0,100,0.14430016666666667,0.01726393142482266,0
2802,270321,0,100,0.14398350000000004,0.011477472260594368,0
2803,270421,0,100,0.1436668333333333,0.010801593078067526,0
2804,270521,0,100,0.14335016666666667,0.013798113520024344,0
2805,270621,0,100,0.14303350000000004,0.015830591403646396,0
2806,270721,0,100,0.1427168333333333,0.01741440863115713,0
2807,270821,0,100,0.14240016666666666,0.011091509965481236,0
2808,270921,0,100,0.14208350000000003,0.013056400560308247,0
2809,271021,0,100,0.1417668333333333,0.015459292982704938,0
2810,271121,0,100,0.14145016666666665,0.013548067845404148,0
2811,271221,0,100,0.14113350000000002,0.014910256296861917,0
2812,271321,0,100,0.14081683333333328,0.019104545486625282,0
2813,271421,0,100,0.14050016666666665,0.011751146533060818,0
2814,271521,0,100,0.14018350000000002,0.015081352374982088,0
2815,271621,0,100,0.13986683333333327,0.01498586579458788,0
2816,271721,0,100,0.13955016666666664,0.011508864229544996,0
2817,271821,0,100,0.1392335,0.010306579708121717,0
2818,271921,0,100,0.13891683333333338,0.015142363738268614,0
2819,272021,0,100,0.13860016666666664,0.014591321786865593,0
2820,272121,0,100,0.1382835,0.01642513693543151,0
2821,272221,0,100,0.13796683333333337,0.01569342796690762,0
2822,272321,0,100,0.13765016666666663,0.011662113586207851,0
2823,272421,0,100,0.1373335,0.010298037158790976,0
2824,272521,0,100,0.13701683333333337,0.012336869348073378,0
2825,272621,0,100,0.13670016666666662,0.014683632993837818,0
2826,272721,0,100,0.1363835,0.01402921073604375,0
2827,272821,0,100,0.13606683333333336,0.012969141658395529,0
2828,272921,0,100,0.13575016666666662,0.01648225024691783,0
2829,273021,0,100,0.13543349999999998,0.014715826509054751,0
2830,273121,0,100,0.13511683333333335,0.013338641698937862,0
2831,273221,0,100,0.1348001666666666,0.015357776717282832,0
2832,273321,0,100,0.13448349999999998,0.012287246114574372,0
2833,273421,0,100,0.13416683333333335,0.014565187360858545,0
2834,273521,0,100,0.1338501666666666,0.01610032714670524,0
2835,273621,0,100,0.13353349999999997,0.014691252131015062,0
2836,273721,0,100,0.13321683333333334,0.010569620318710804,0
2837,273821,0,100,0.1329001666666667,0.01736963484203443,0
2838,273921,0,100,0.13258349999999997,0.01462832823046483,0
2839,274021,0,100,0.13226683333333333,0.013397807469591499,0
2840,274121,0,100,0.1319501666666667,0.0135581159661524,0
2841,274221,0,100,0.13163349999999996,0.01357034529093653,0
2842,274321,0,100,0.13131683333333333,0.016103812020737678,0
2843,274421,0,100,0.1310001666666667,0.01148901934735477,0
2844,274521,0,100,0.13068349999999995,0.014077723743394017,0
2845,274621,0,100,0.13036683333333332,0.011773404428968206,0
2846,274721,0,100,0.1300501666666667,0.017171906264266,0
2847,274821,0,100,0.12973349999999995,0.010773932619486004,0
2848,274921,0,100,0.12941683333333331,0.017587858141632752,0
2849,275021,0,100,0.12910016666666668,0.012384568938286974,0
2850,275121,0,100,0.12878349999999994,0.014018487257417292,0
2851,275221,0,100,0.1284668333333333,0.010900752199813724,0
2852,275321,0,100,0.12815016666666668,0.0111166953551583,0
2853,275421,0,100,0.12783350000000004,0.015277412927243859,0
2854,275521,0,100,0.1275168333333333,0.015591592345153914,0
2855,275621,0,100,0.12720016666666667,0.016008767781313507,0
2856,275721,0,100,0.12688350000000004,0.013469677581451834,0
2857,275821,0,100,0.1265668333333333,0.014165371026610956,0
2858,275921,0,100,0.12625016666666666,0.01235236497130245,0
2859,276021,0,100,0.12593350000000003,0.013513972365763039,0
2860,276121,0,100,0.1256168333333333,0.01246323090279475,0
2861,276221,0,100,0.12530016666666666,0.013243354293517768,0
2862,276321,0,100,0.12498350000000003,0.013313350656535477,0
2863,276421,0,100,0.12466683333333328,0.016739198623690756,0
2864,276521,0,100,0.12435016666666665,0.014846151254605502,0
2865,276621,0,100,0.12403350000000002,0.01386602038750425,0
2866,276721,0,100,0.12371683333333328,0.012374752106843516,0
2867,276821,0,100,0.12340016666666664,0.012271187552250921,0
2868,276921,0,100,0.12308350000000001,0.012502387873828411,0
2869,277021,0,100,0.12276683333333327,0.012898196405731142,0
2870,277121,0,100,0.12245016666666664,0.013890459764515981,0
2871,277221,0,100,0.1221335,0.016526076367590577,0
2872,277321,0,100,0.12181683333333337,0.012065860461443662,0
2873,277421,0,100,0.12150016666666663,0.013744852418312803,0
2874,277521,0,100,0.1211835,0.01308244860265404,0
2875,277621,0,100,0.12086683333333337,0.014035666543059051,0
2876,277721,0,100,0.12055016666666662,0.012653664274839684,0
2877,277821,0,100,0.1202335,0.014484874730696902,0
2878,277921,0,100,0.11991683333333336,0.013524967180565,0
2879,278021,0,100,0.11960016666666662,0.013377222714480013,0
2880,278121,0,100,0.11928349999999999,0.017860378900077193,0
2881,278221,0,100,0.11896683333333335,0.010810881906654685,0
2882,278321,0,100,0.11865016666666661,0.012667314507998526,0
2883,278421,0,100,0.11833349999999998,0.013861100455978886,0
2884,278521,0,100,0.11801683333333335,0.010245214164024219,0
2885,278621,0,100,0.1177001666666666,0.010146374144824222,0
2886,278626,0.955,5,0.11768433333333328,0.009787013242021202,1
2887,278726,0,100,0.11736766666666665,0.012098290454596282,0
2888,278826,0,100,0.11705100000000002,0.01411214207415469,0
2889,278926,0,100,0.11673433333333327,0.014013270260766148,0
2890,279026,0,100,0.11641766666666664,0.014503463259898127,0
2891,279126,0,100,0.11610100000000001,0.015200175791978836,0
2892,279226,0,100,0.11578433333333338,0.014074923325097188,0
2893,279326,0,100,0.11546766666666664,0.015992864819709213,0
2894,279426,0,100,0.115151,0.01175405414076522,0
2895,279526,0,100,0.11483433333333337,0.015286459166090935,0
2896,279626,0,100,0.11451766666666663,0.01229199072928168,0
2897,279726,0,100,0.114201,0.010328705090796576,0
2898,279826,0,100,0.11388433333333337,0.014379906797548756,0
2899,279926,0,100,0.11356766666666662,0.009137678050901741,0
2900,280026,0,100,0.11325099999999999,0.013315921314060689,0
2901,280126,0,100,0.11293433333333336,0.012771131393965334,0
2902,280226,0,100,0.11261766666666662,0.014295690602157265,0
2903,280326,0,100,0.11230099999999998,0.012802143373992294,0
2904,280426,0,100,0.11198433333333335,0.014975913735106587,0
2905,280526,0,100,0.11166766666666661,0.015517900562845171,0
2906,280626,0,100,0.11135099999999998,0.01052161268191412,0
2907,280726,0,100,0.11103433333333335,0.013016155760269613,0
2908,280826,0,100,0.1107176666666666,0.012591270949924365,0
2909,280926,0,100,0.11040099999999997,0.012608133414760232,0
2910,281026,0,100,0.11008433333333334,0.015421540075913072,0
2911,281126,0,100,0.10976766666666671,0.012337295779725537,0
2912,281226,0,100,0.10945099999999996,0.015947089085821063,0
2913,281326,0,100,0.10913433333333333,0.017001135314349086,0
2914,281426,0,100,0.1088176666666667,0.009133521234616637,0
2915,281526,0,100,0.10850099999999996,0.016275466717779637,0
2916,281626,0,100,0.10818433333333333,0.016349988779984413,0
2917,281726,0,100,0.1078676666666667,0.013668001454789191,0
2918,281826,0,100,0.10755099999999995,0.014636636049253866,0
2919,281926,0,100,0.10723433333333332,0.015467644622549414,0
2920,282026,0,100,0.10691766666666669,0.013171736972872168,0
2921,282126,0,100,0.10660099999999995,0.009512672857381404,0
2922,282226,0,100,0.10628433333333331,0.018053999335970728,0
2923,282326,0,100,0.10596766666666668,0.013601668437477201,0
2924,282426,0,100,0.10565099999999994,0.01577941542142071,0
2925,282526,0,100,0.10533433333333331,0.014182439015712589,0
2926,282626,0,100,0.10501766666666668,0.01368646446382627,0
2927,282726,0,100,0.10470100000000004,0.012802420539082959,0
2928,282826,0,100,0.1043843333333333,0.016324432264082134,0
2929,282926,0,100,0.10406766666666667,0.017120127896778286,0
2930,283026,0,100,0.10375100000000004,0.01553679424105212,0
2931,283126,0,100,0.1034343333333333,0.0163763339468278,0
2932,283226,0,100,0.10311766666666666,0.017098924540914596,0
2933,283326,0,100,0.10280100000000003,0.016299713496118785,0
2934,283426,0,100,0.10248433333333329,0.018097350678872318,0
2935,283526,0,100,0.10216766666666666,0.0197147837956436,0
2936,283626,0,100,0.10185100000000002,0.012668025363236666,0
2937,283726,0,100,0.10153433333333328,0.01399904561927542,0
2938,283826,0,100,0.10121766666666665,0.015318760152440518,0
2939,283926,0,100,0.10090100000000002,0.014152934713056311,0
2940,284026,0,100,0.10058433333333328,0.01530601379694417,0
2941,284126,0,100,0.10026766666666664,0.013288883650675416,0
2942,284226,0,100,0.09995100000000001,0.012422931564506143,0
2943,284326,0,100,0.09963433333333327,0.014926966631319373,0
2944,284426,0,100,0.09931766666666664,0.012798953648889437,0
2945,284526,0,100,0.099001,0.01648842973052524,0
2946,284626,0,100,0.09868433333333337,0.015732734103221447,0
2947,284726,0,100,0.09836766666666663,0.014312594826333225,0
2948,284826,0,100,0.098051,0.010914002486970276,0
2949,284926,0,100,0.09773433333333337,0.017288120158482342,0
2950,285026,0,100,0.09741766666666662,0.014956425873097033,0
2951,285126,0,100,0.09710099999999999,0.014189411024563014,0
2952,285226,0,100,0.09678433333333336,0.013645331140141935,0
2953,285326,0,100,0.09646766666666662,0.014335923589533195,0
2954,285426,0,100,0.09615099999999999,0.01192414496676065,0
2955,285526,0,100,0.09583433333333335,0.011789735553320498,0
2956,285626,0,100,0.09551766666666661,0.015196406925097107,0
2957,285726,0,100,0.09520099999999998,0.013214063609484582,0
2958,285826,0,100,0.09488433333333335,0.012983056423254312,0
2959,285926,0,100,0.0945676666666666,0.011014073018450289,0
2960,286026,0,100,0.09425099999999997,0.015020272554829716,0
2961,286126,0,100,0.09393433333333334,0.013752596226986498,0
2962,286226,0,100,0.09361766666666671,0.012644522234331816,0
2963,286326,0,100,0.09330099999999997,0.013655326929874718,0
2964,286426,0,100,0.09298433333333334,0.017108622523956,0
2965,286526,0,100,0.0926676666666667,0.015327802152605728,0
2966,286626,0,100,0.09235099999999996,0.013153095834422857,0
2967,286726,0,100,0.09203433333333333,0.010708258836530149,0
2968,286826,0,100,0.0917176666666667,0.015405491420533508,0
2969,286926,0,100,0.09140099999999995,0.012736129558179527,0
2970,287026,0,100,0.09108433333333332,0.011468175246845931,0
2971,287126,0,100,0.09076766666666669,0.014413237373810261,0
2972,287226,0,100,0.09045099999999995,0.012299090549349785,0
2973,287326,0,100,0.09013433333333332,0.013751303770113736,0
2974,287426,0,100,0.08981766666666668,0.01227202222100459,0
2975,287526,0,100,0.08950099999999994,0.011110229800688104,0
2976,287626,0,100,0.08918433333333331,0.015154548379359766,0
2977,287726,0,100,0.08886766666666668,0.013536018172744661,0
2978,287826,0,100,0.08855099999999994,0.012347787476610392,0
2979,287926,0,100,0.0882343333333333,0.013044967654859647,0
2980,288026,0,100,0.08791766666666667,0.01386306451400742,0
2981,288126,0,100,0.08760100000000004,0.013105749213136732,0
2982,288226,0,100,0.0872843333333333,0.011752107210922987,0
2983,288326,0,100,0.08696766666666667,0.01284547804389149,0
2984,288413,0.21699999999999997,87,0.08669216666666668,0.014279518501255018,1
2985,288513,0,100,0.08637549999999994,0.011537645363714545,0
2986,288613,0,100,0.0860588333333333,0.01585814934805967,0
2987,288713,0,100,0.08574216666666667,0.009812995218671858,0
2988,288813,0,100,0.08542550000000004,0.01193135381443426,0
2989,288913,0,100,0.0851088333333333,0.011243917600950226,0
2990,289013,0,100,0.08479216666666667,0.01696561952936463,0
2991,289113,0,100,0.08447550000000004,0.01721448641968891,0
2992,289213,0,100,0.0841588333333333,0.014050625392701476,0
2993,289313,0,100,0.08384216666666666,0.015613731190096587,0
2994,289413,0,100,0.08352550000000003,0.01924444528995082,0
2995,289513,0,100,0.08320883333333329,0.015530443135648966,0
2996,289613,0,100,0.08289216666666666,0.011219940930604935,0
2997,289713,0,100,0.08257550000000002,0.012863749787211418,0
2998,289813,0,100,0.08225883333333328,0.014196579169947654,0
2999,289913,0,100,0.08194216666666665,0.013116245844867081,0
3000,290013,0,100,0.08162550000000002,0.016078470512293278,0
3001,290113,0,100,0.08130883333333327,0.012286133519373833,0
3002,290213,0,100,0.08099216666666664,0.010123566484544426,0
3003,290313,0,100,0.08067550000000001,0.014157029427587986,0
3004,290413,0,100,0.08035883333333327,0.010834540473297238,0
3005,290513,0,100,0.08004216666666664,0.016310133109800517,0
3006,290613,0,100,0.0797255,0.01582339695072733,0
3007,290713,0,100,0.07940883333333337,0.010013906166423113,0
3008,290813,0,100,0.07909216666666663,0.015678679432021454,0
3009,290913,0,100,0.0787755,0.010850000878563151,0
3010,291013,0,100,0.07845883333333337,0.013928610139992088,0
3011,291113,0,100,0.07814216666666662,0.01296192852081731,0
3012,291213,0,100,0.07782549999999999,0.0136489279079251,0
3013,291313,0,100,0.07750883333333336,0.0095272776321508,0
3014,291413,0,100,0.07719216666666662,0.013285957360640168,0
3015,291513,0,100,0.07687549999999999,0.01599602705799043,0
3016,291613,0,100,0.07655883333333335,0.013853587800404056,0
3017,291713,0,100,0.07624216666666661,0.017500796917593108,0
3018,291813,0,100,0.07592549999999998,0.0160798657219857,0
3019,291913,0,100,0.07560883333333335,0.016446732245385648,0
3020,292013,0,100,0.0752921666666666,0.012166743002599106,0
3021,292113,0,100,0.07497549999999997,0.012930890442803503,0
3022,292213,0,100,0.07465883333333334,0.018222422050312163,0
3023,292313,0,100,0.07434216666666671,0.014995476608164608,0
3024,292413,0,100,0.07402549999999997,0.013705976605415345,0
3025,292513,0,100,0.07370883333333333,0.013135338748106733,0
3026,292613,0,100,0.0733921666666667,0.013920660347212106,0
3027,292713,0,100,0.07307549999999996,0.01804121001274325,0
3028,292813,0,100,0.07275883333333333,0.015914009364787488,0
3029,292913,0,100,0.0724421666666667,0.01146381703321822,0
3030,293013,0,100,0.07212549999999995,0.015408248563762755,0
3031,293113,0,100,0.07180883333333332,0.012220771759748459,0
3032,293213,0,100,0.07149216666666669,0.014819065147312358,0
3033,293313,0,100,0.07117549999999995,0.014927595928311348,0
3034,293413,0,100,0.07085883333333332,0.012051416100002826,0
3035,293513,0,100,0.07054216666666668,0.016355128099676222,0
3036,293605,0.17199999999999993,92,0.07025083333333337,0.020440811422936942,1
3037,293705,0,100,0.06993416666666663,0.014270261146593839,0
3038,293805,0,100,0.0696175,0.015845681845676154,0
3039,293905,0,100,0.06930083333333337,0.013895629304461182,0
3040,294005,0,100,0.06898416666666662,0.015540082621155306,0
3041,294105,0,100,0.06866749999999999,0.01414451555814594,0
3042,294205,0,100,0.06835083333333336,0.013861540842335672,0
3043,294305,0,100,0.06803416666666662,0.017941030289512126,0
3044,294405,0,100,0.06771749999999999,0.015414763516746461,0
3045,294505,0,100,0.06740083333333335,0.012184571435209363,0
3046,294605,0,100,0.06708416666666661,0.012840698830550536,0
3047,294705,0,100,0.06676749999999998,0.014079910472501069,0
3048,294805,0,100,0.06645083333333335,0.011776790720177814,0
3049,294905,0,100,0.0661341666666666,0.011802213790360838,0
3050,295005,0,100,0.06581749999999997,0.009694714542711154,0
3051,295105,0,100,0.06550083333333334,0.013696934117469937,0
3052,295205,0,100,0.06518416666666671,0.015217625824734569,0
3053,295305,0,100,0.06486749999999997,0.009464463709155097,0
3054,295405,0,100,0.06455083333333334,0.015787428544135763,0
3055,295505,0,100,0.0642341666666667,0.01518164725974202,0
3056,295605,0,100,0.06391749999999996,0.013322619075188414,0
3057,295705,0,100,0.06360083333333333,0.013668461760971695,0
3058,295805,0,100,0.0632841666666667,0.01488625602098182,0
3059,295905,0,100,0.06296749999999995,0.015629843630595133,0
3060,296005,0,100,0.06265083333333332,0.00988839128986001,0
3061,296105,0,100,0.06233416666666669,0.01781361593399197,0
3062,296205,0,100,0.06201749999999995,0.018183714046608658,0
3063,296305,0,100,0.061700833333333316,0.016419306660536676,0
3064,296405,0,100,0.061384166666666684,0.016462529476266353,0
3065,296505,0,100,0.06106749999999994,0.012682597526581957,0
3066,296605,0,100,0.06075083333333331,0.013619324639439583,0
3067,296705,0,100,0.06043416666666668,0.01235000193468295,0
3068,296805,0,100,0.060117499999999935,0.013133858982473611,0
3069,296905,0,100,0.0598008333333333,0.011592856862116606,0
3070,297005,0,100,0.05948416666666667,0.013277388584101572,0
3071,297105,0,100,0.05916750000000004,0.013741168358828873,0
3072,297205,0,100,0.0588508333333333,0.015180640921462327,0
3073,297305,0,100,0.058534166666666665,0.016431849664077163,0
3074,297405,0,100,0.05821750000000003,0.014302514186128974,0
3075,297505,0,100,0.05790083333333329,0.01912814629962668,0
3076,297605,0,100,0.05758416666666666,0.013934467148501425,0
3077,297705,0,100,0.05726750000000003,0.016352843770291656,0
3078,297805,0,100,0.056950833333333284,0.013118911723140628,0
3079,297905,0,100,0.05663416666666665,0.014930353646632285,0
3080,298005,0,100,0.05631750000000002,0.012615832285955548,0
3081,298105,0,100,0.05600083333333328,0.015970878045773133,0
3082,298205,0,100,0.055684166666666646,0.013245076835155488,0
3083,298305,0,100,0.055367500000000014,0.011766845763195305,0
3084,298405,0,100,0.05505083333333327,0.012229842825327068,0
3085,298505,0,100,0.05473416666666664,0.015289453333243727,0
3086,298605,0,100,0.05441750000000001,0.01615317854331806,0
3087,298705,0,100,0.054100833333333376,0.01291929673170671,0
3088,298805,0,100,0.05378416666666663,0.0138741589570418,0
3089,298905,0,100,0.0534675,0.013418907590676099,0
3090,299005,0,100,0.05315083333333337,0.014446053252322599,0
3091,299105,0,100,0.05283416666666663,0.016794313109712675,0
3092,299205,0,100,0.052517499999999995,0.016466914096381517,0
3093,299305,0,100,0.05220083333333336,0.01555712694535032,0
3094,299405,0,100,0.05188416666666662,0.017120819836854935,0
3095,299505,0,100,0.05156749999999999,0.012881159742828458,0
3096,299605,0,100,0.05125083333333336,0.013228204222396017,0
3097,299705,0,100,0.050934166666666614,0.014178520273417235,0
3098,299805,0,100,0.05061749999999998,0.012411945974454284,0
3099,299905,0,100,0.05030083333333335,0.013292225649347528,0
3100,300005,0,100,0.05000316666666671,0.01348004602943547,0
3101,300105,0,100,0.05000316666666671,0.01859273249981925,0
3102,300205,0,100,0.05000316666666671,0.018896341728977858,0
3103,300305,0,100,0.05000316666666671,0.013343156962655485,0
3104,300405,0,100,0.05000316666666671,0.013710172445280477,0
3105,300505,0,100,0.05000316666666671,0.011591680718120188,0
3106,300605,0,100,0.05000316666666671,0.01614179843571037,0
3107,300705,0,100,0.05000316666666671,0.013368249661289156,0
3108,300805,0,100,0.05000316666666671,0.013743436154909432,0
3109,300905,0,100,0.05000316666666671,0.015617183193098754,0
3110,301005,0,100,0.05000316666666671,0.01413210607599467,0
3111,301105,0,100,0.05000316666666671,0.014747966048307717,0
3112,301205,0,100,0.05000316666666671,0.015564933528658002,0
3113,301305,0,100,0.05000316666666671,0.013986821449361742,0
3114,301405,0,100,0.05000316666666671,0.011450139607768505,0
3115,301505,0,100,0.05000316666666671,0.01287140222848393,0
3116,301605,0,100,0.05000316666666671,0.01345199096482247,0
3117,301705,0,100,0.05000316666666671,0.010719962443690747,0
3118,301805,0,100,0.05000316666666671,0.010261897896416485,0
3119,301905,0,100,0.05000316666666671,0.017553820533212274,0
3120,302005,0,100,0.05000316666666671,0.0173313445947133,0
3121,302105,0,100,0.05000316666666671,0.01608603171305731,0
3122,302205,0,100,0.05000316666666671,0.017058544063474984,0
3123,302305,0,100,0.05000316666666671,0.015048519173869863,0
3124,302405,0,100,0.05000316666666671,0.013881646097870544,0
3125,302505,0,100,0.05000316666666671,0.01713744275039062,0
3126,302605,0,100,0.05000316666666671,0.015130789701361209,0
3127,302705,0,100,0.05000316666666671,0.019208785272203387,0
3128,302805,0,100,0.05000316666666671,0.013170779200736433,0
3129,302905,0,100,0.05000316666666671,0.01656189020490274,0
3130,303005,0,100,0.05000316666666671,0.014304829984903336,0
3131,303105,0,100,0.05000316666666671,0.018786958961281925,0
3132,303205,0,100,0.05000316666666671,0.013981444509699941,0
3133,303305,0,100,0.05000316666666671,0.014766997998813168,0
3134,303405,0,100,0.05000316666666671,0.014084281912073494,0
3135,303505,0,100,0.05000316666666671,0.01662504619685933,0
3136,303605,0,100,0.05000316666666671,0.019867542849387975,0
3137,303705,0,100,0.05000316666666671,0.013091297859791667,0
3138,303805,0,100,0.05000316666666671,0.017079365062527357,0
3139,303905,0,100,0.05000316666666671,0.0146165054384619,0
3140,304005,0,100,0.05000316666666671,0.013235905576730147,0
3141,304105,0,100,0.05000316666666671,0.019602701431140304,0
3142,304205,0,100,0.05000316666666671,0.01982326711062342,0
3143,304305,0,100,0.05000316666666671,0.019850286403670907,0
3144,304405,0,100,0.05000316666666671,0.01219800339313224,0
3145,304505,0,100,0.05000316666666671,0.011386942372191698,0
3146,304605,0,100,0.05000316666666671,0.012070322001818568,0
3147,304705,0,100,0.05000316666666671,0.01461044698022306,0
3148,304805,0,100,0.05000316666666671,0.01856771480292082,0
3149,304905,0,100,0.05000316666666671,0.01231238072970882,0
3150,305005,0,100,0.05000316666666671,0.016951940099243074,0
3151,305105,0,100,0.05000316666666671,0.014212921988219022,0
3152,305205,0,100,0.05000316666666671,0.01489948174217716,0
3153,305305,0,100,0.05000316666666671,0.012765053734183312,0
3154,305405,0,100,0.05000316666666671,0.015107368770986795,0
3155,305505,0,100,0.05000316666666671,0.017706701441202313,0
3156,305605,0,100,0.05000316666666671,0.01771538224304095,0
3157,305705,0,100,0.05000316666666671,0.012573666467797012,0
3158,305805,0,100,0.05000316666666671,0.01198422654531896,0
3159,305905,0,100,0.05000316666666671,0.013224053615704178,0
3160,306005,0,100,0.05000316666666671,0.016786797530949117,0
3161,306105,0,100,0.05000316666666671,0.019327686056494712,0
3162,306205,0,100,0.05000316666666671,0.013005164451897144,0
3163,306305,0,100,0.05000316666666671,0.013260094427969306,0
3164,306405,0,100,0.05000316666666671,0.01940848942613229,0
3165,306505,0,100,0.05000316666666671,0.01505525348125957,0
3166,306605,0,100,0.05000316666666671,0.01473676398047246,0
3167,306705,0,100,0.05000316666666671,0.016746007013134657,0
3168,306805,0,100,0.05000316666666671,0.012746501290239394,0
3169,306905,0,100,0.05000316666666671,0.018950245715677737,0
3170,307005,0,100,0.05000316666666671,0.016777690961025656,0
3171,307105,0,100,0.05000316666666671,0.01656223881058395,0
3172,307205,0,100,0.05000316666666671,0.018727224129252137,0
3173,307305,0,100,0.05000316666666671,0.015869042142294346,0
3174,307405,0,100,0.05000316666666671,0.01643880836898461,0
3175,307505,0,100,0.05000316666666671,0.015368859810987488,0
3176,307605,0,100,0.05000316666666671,0.015373825184069575,0
3177,307705,0,100,0.05000316666666671,0.01903067125938833,0
3178,307805,0,100,0.05000316666666671,0.014317233937326819,0
3179,307905,0,100,0.05000316666666671,0.020329913035966457,0
3180,308005,0,100,0.05000316666666671,0.016312686488963665,0
3181,308105,0,100,0.05000316666666671,0.01753918453818187,0
3182,308205,0,100,0.05000316666666671,0.01719380756607279,0
3183,308305,0,100,0.05000316666666671,0.017534793859813363,0
3184,308405,0,100,0.05000316666666671,0.013399126599542796,0
3185,308505,0,100,0.05000316666666671,0.013759552987758071,0
3186,308605,0,100,0.05000316666666671,0.015310375094413757,0
3187,308705,0,100,0.05000316666666671,0.013894509458914399,0
3188,308805,0,100,0.05000316666666671,0.01268049880163744,0
3189,308905,0,100,0.05000316666666671,0.015684617932420222,0
3190,308973,0.3879999999999999,68,0.05000316666666671,0.01562559832681847,1
3191,309073,0,100,0.05000316666666671,0.018483547798823566,0
3192,309173,0,100,0.05000316666666671,0.015588576950831339,0
3193,309273,0,100,0.05000316666666671,0.013455998336430639,0
3194,309373,0,100,0.05000316666666671,0.016686408219393344,0
3195,309473,0,100,0.05000316666666671,0.014975921383593232,0
3196,309573,0,100,0.05000316666666671,0.013343421060126275,0
3197,309673,0,100,0.05000316666666671,0.013890707262326031,0
3198,309773,0,100,0.05000316666666671,0.014732200857251883,0
3199,309873,0,100,0.05000316666666671,0.011241656390484422,0
3200,309973,0,100,0.05000316666666671,0.013950078943744303,0
3201,310073,0,100,0.05000316666666671,0.014734776034019887,0
3202,310173,0,100,0.05000316666666671,0.014015478189103306,0
3203,310273,0,100,0.05000316666666671,0.018459278820082546,0
3204,310373,0,100,0.05000316666666671,0.015606042200233787,0
3205,310473,0,100,0.05000316666666671,0.011854943359503522,0
3206,310573,0,100,0.05000316666666671,0.016666686851531266,0
3207,310673,0,100,0.05000316666666671,0.016414044088451193,0
3208,310773,0,100,0.05000316666666671,0.013873123594094068,0
3209,310873,0,100,0.05000316666666671,0.012443069759756327,0
3210,310973,0,100,0.05000316666666671,0.014489124616375193,0
3211,311073,0,100,0.05000316666666671,0.018830468577798454,0
3212,311173,0,100,0.05000316666666671,0.01686274745501578,0
3213,311273,0,100,0.05000316666666671,0.011791198400314897,0
3214,311373,0,100,0.05000316666666671,0.017560161780565978,0
3215,311473,0,100,0.05000316666666671,0.014226467742118984,0
3216,311573,0,100,0.05000316666666671,0.018751447638496756,0
3217,311673,0,100,0.05000316666666671,0.013717001491459086,0
3218,311773,0,100,0.05000316666666671,0.013942991467192769,0
3219,311873,0,100,0.05000316666666671,0.014678674585884437,0
3220,311973,0,100,0.05000316666666671,0.013977164565585554,0
3221,312073,0,100,0.05000316666666671,0.01617810397641733,0
3222,312173,0,100,0.05000316666666671,0.01320125711383298,0
3223,312273,0,100,0.05000316666666671,0.01134064419893548,0
3224,312373,0,100,0.05000316666666671,0.017148767905309795,0
3225,312473,0,100,0.05000316666666671,0.015816373236011715,0
3226,312573,0,100,0.05000316666666671,0.020099805002100766,0
3227,312673,0,100,0.05000316666666671,0.014961756693664938,0
3228,312773,0,100,0.05000316666666671,0.018712202056776733,0
3229,312836,0.43299999999999994,63,0.05000316666666671,0.019335833910320486,1
3230,312936,0,100,0.05000316666666671,0.012945023966021835,0
3231,313036,0,100,0.05000316666666671,0.014467128908727318,0
3232,313136,0,100,0.05000316666666671,0.013264548517763614,0
3233,313236,0,100,0.05000316666666671,0.01771459884941578,0
3234,313336,0,100,0.05000316666666671,0.012959879282861948,0
3235,313436,0,100,0.05000316666666671,0.010990402058232575,0
3236,313536,0,100,0.05000316666666671,0.013064847956411541,0
3237,313636,0,100,0.05000316666666671,0.014949990403838456,0
3238,313736,0,100,0.05000316666666671,0.01466325917164795,0
3239,313836,0,100,0.05000316666666671,0.011747549932915718,0
3240,313936,0,100,0.05000316666666671,0.015020052520558238,0
3241,314036,0,100,0.05000316666666671,0.012599232906941324,0
3242,314136,0,100,0.05000316666666671,0.016163728802930565,0
3243,314236,0,100,0.05000316666666671,0.014629585221409797,0
3244,314336,0,100,0.05000316666666671,0.01883862598100677,0
3245,314436,0,100,0.05000316666666671,0.01402641064254567,0
3246,314536,0,100,0.05000316666666671,0.016058156464714556,0
3247,314636,0,100,0.05000316666666671,0.018000385554041713,0
3248,314736,0,100,0.05000316666666671,0.016501226145774126,0
3249,314836,0,100,0.05000316666666671,0.015932006037328392,0
3250,314936,0,100,0.05000316666666671,0.015430469020502642,0
3251,315036,0,100,0.05000316666666671,0.011985600658226759,0
3252,315136,0,100,0.05000316666666671,0.018758204504847525,0
3253,315236,0,100,0.05000316666666671,0.01838177877245471,0
3254,315336,0,100,0.05000316666666671,0.020312616736628115,0
3255,315436,0,100,0.05000316666666671,0.01130179821047932,0
3256,315536,0,100,0.05000316666666671,0.016047926424071192,0
3257,315636,0,100,0.05000316666666671,0.014728998667560517,0
3258,315736,0,100,0.05000316666666671,0.01347951432922855,0
3259,315836,0,100,0.05000316666666671,0.014421008569188416,0
3260,315936,0,100,0.05000316666666671,0.018092524684034286,0
3261,316036,0,100,0.05000316666666671,0.0172521154768765,0
3262,316136,0,100,0.05000316666666671,0.013858407472725957,0
3263,316236,0,100,0.05000316666666671,0.016879268123302607,0
3264,316336,0,100,0.05000316666666671,0.01745391440577805,0
3265,316436,0,100,0.05000316666666671,0.014713418504688889,0
3266,316536,0,100,0.05000316666666671,0.016884757678490132,0
3267,316636,0,100,0.05000316666666671,0.014421242084354162,0
3268,316736,0,100,0.05000316666666671,0.011997533650137483,0
3269,316836,0,100,0.05000316666666671,0.012245108867064118,0
3270,316936,0,100,0.05000316666666671,0.013464390002191066,0
3271,317036,0,100,0.05000316666666671,0.014586988193914295,0
3272,317136,0,100,0.05000316666666671,0.015486476367805153,0
3273,317236,0,100,0.05000316666666671,0.01224241177784279,0
3274,317336,0,100,0.05000316666666671,0.012970506309065967,0
3275,317436,0,100,0.05000316666666671,0.014962758803740143,0
3276,317536,0,100,0.05000316666666671,0.021070707894396037,0
3277,317636,0,100,0.05000316666666671,0.015525989690795541,0
3278,317736,0,100,0.05000316666666671,0.012563190888613462,0
3279,317836,0,100,0.05000316666666671,0.012894999266136438,0
3280,317936,0,100,0.05000316666666671,0.012718893663259224,0
3281,318036,0,100,0.05000316666666671,0.0134662178857252,0
3282,318136,0,100,0.05000316666666671,0.01800491954665631,0
3283,318236,0,100,0.05000316666666671,0.013309192499145866,0
3284,318336,0,100,0.05000316666666671,0.017526977933011948,0
3285,318436,0,100,0.05000316666666671,0.012224335817154496,0
3286,318459,0.7929999999999999,23,0.05000316666666671,0.015859211926631953,1
3287,318559,0,100,0.05000316666666671,0.01746960839489475,0
3288,318659,0,100,0.05000316666666671,0.013846223107539118,0
3289,318759,0,100,0.05000316666666671,0.01480291536776349,0
3290,318859,0,100,0.05000316666666671,0.015885358557570724,0
3291,318959,0,100,0.05000316666666671,0.014043831543531268,0
3292,319059,0,100,0.05000316666666671,0.014752876930870115,0
3293,319159,0,100,0.05000316666666671,0.016979861960280687,0
3294,319259,0,100,0.05000316666666671,0.016167662804946303,0
3295,319359,0,100,0.05000316666666671,0.016991424893494696,0
3296,319459,0,100,0.05000316666666671,0.014885682130698115,0
3297,319559,0,100,0.05000316666666671,0.015129804818425328,0
3298,319659,0,100,0.05000316666666671,0.01476672284072265,0
3299,319759,0,100,0.05000316666666671,0.016897774362005295,0
3300,319859,0,100,0.05000316666666671,0.01585093279602006,0
3301,319959,0,100,0.05000316666666671,0.014817969840951264,0
3302,320059,0,100,0.05000316666666671,0.018751942552626133,0
3303,320159,0,100,0.05000316666666671,0.016905711197759955,0
3304,320259,0,100,0.05000316666666671,0.015545580389443784,0
3305,320359,0,100,0.05000316666666671,0.014459010028513148,0
3306,320459,0,100,0.05000316666666671,0.02032384753925726,0
3307,320559,0,100,0.05000316666666671,0.014094288740307093,0
3308,320659,0,100,0.05000316666666671,0.01674339791527018,0
3309,320759,0,100,0.05000316666666671,0.01620058833854273,0
3310,320859,0,100,0.05000316666666671,0.012936049464624375,0
3311,320959,0,100,0.05000316666666671,0.016104034362360835,0
3312,321033,0.33399999999999996,74,0.05000316666666671,0.018157927451554586,1
3313,321133,0,100,0.05000316666666671,0.017130001669283957,0
3314,321233,0,100,0.05000316666666671,0.017476814922410995,0
3315,321333,0,100,0.05000316666666671,0.017602488792035728,0
3316,321433,0,100,0.05000316666666671,0.016909711412154138,0
3317,321533,0,100,0.05000316666666671,0.017465541355777534,0
3318,321633,0,100,0.05000316666666671,0.015800429198425264,0
3319,321733,0,100,0.05000316666666671,0.014644264460075647,0
3320,321833,0,100,0.05000316666666671,0.011361705863382667,0
3321,321933,0,100,0.05000316666666671,0.014320078067248687,0
3322,322033,0,100,0.05000316666666671,0.013923851565923542,0
3323,322133,0,100,0.05000316666666671,0.012977810080628841,0
3324,322233,0,100,0.05000316666666671,0.01736580959055573,0
3325,322333,0,100,0.05000316666666671,0.01690588553668931,0
3326,322433,0,100,0.05000316666666671,0.01830684347078204,0
3327,322533,0,100,0.05000316666666671,0.018624467430636286,0
3328,322633,0,100,0.05000316666666671,0.012916095494292677,0
3329,322733,0,100,0.05000316666666671,0.016109339342219756,0
3330,322833,0,100,0.05000316666666671,0.012299657224211842,0
3331,322933,0,100,0.05000316666666671,0.013117052330635488,0
3332,323033,0,100,0.05000316666666671,0.017569514175411315,0
3333,323133,0,100,0.05000316666666671,0.01401187369832769,0
3334,323233,0,100,0.05000316666666671,0.018855909479316323,0
3335,323333,0,100,0.05000316666666671,0.013105871859006584,0
3336,323433,0,100,0.05000316666666671,0.01208978749345988,0
3337,323533,0,100,0.05000316666666671,0.018810861960519107,0
3338,323633,0,100,0.05000316666666671,0.017484070952050387,0
3339,323733,0,100,0.05000316666666671,0.017144829232711344,0
3340,323833,0,100,0.05000316666666671,0.016510913548991084,0
3341,323933,0,100,0.05000316666666671,0.019464515957515686,0
3342,324033,0,100,0.05000316666666671,0.01575628959108144,0
3343,324133,0,100,0.05000316666666671,0.016673820193391295,0
3344,324233,0,100,0.05000316666666671,0.016944085245486348,0
3345,324333,0,100,0.05000316666666671,0.021591674268711357,0
3346,324433,0,100,0.05000316666666671,0.013317322118673473,0
3347,324533,0,100,0.05000316666666671,0.018296746322885155,0
3348,324633,0,100,0.05000316666666671,0.01108736703172326,0
3349,324733,0,100,0.05000316666666671,0.009677393668098375,0
3350,324833,0,100,0.05000316666666671,0.01575473479228094,0
3351,324933,0,100,0.05000316666666671,0.012184729117434472,0
3352,325033,0,100,0.05000316666666671,0.016496488593984397,0
3353,325133,0,100,0.05000316666666671,0.017929510151734575,0
3354,325233,0,100,0.05000316666666671,0.01435287439264357,0
3355,325333,0,100,0.05000316666666671,0.013760056036990136,0
3356,325432,0.10899999999999999,99,0.05000316666666671,0.020157512042182264,1
3357,325532,0,100,0.05000316666666671,0.0107557752286084,0
3358,325632,0,100,0.05000316666666671,0.01782485834788531,0
3359,325732,0,100,0.05000316666666671,0.015490509484661743,0
3360,325832,0,100,0.05000316666666671,0.012557400671066716,0
3361,325932,0,100,0.05000316666666671,0.022380013433285058,0
3362,326032,0,100,0.05000316666666671,0.015365708500612528,0
3363,326132,0,100,0.05000316666666671,0.014898628684459254,0
3364,326232,0,100,0.05000316666666671,0.016456404165364803,0
3365,326332,0,100,0.05000316666666671,0.013784997048787773,0
3366,326432,0,100,0.05000316666666671,0.016727413092739882,0
3367,326532,0,100,0.05000316666666671,0.017937322318321094,0
3368,326632,0,100,0.05000316666666671,0.02167438772972673,0
3369,326732,0,100,0.05000316666666671,0.0158721150259953,0
3370,326832,0,100,0.05000316666666671,0.017677989539224656,0
3371,326932,0,100,0.05000316666666671,0.012987547814846038,0
3372,327032,0,100,0.05000316666666671,0.014614067862275988,0
3373,327132,0,100,0.05000316666666671,0.014536065442953258,0
3374,327232,0,100,0.05000316666666671,0.014050490581430495,0
3375,327332,0,100,0.05000316666666671,0.011749895575921982,0
3376,327432,0,100,0.05000316666666671,0.01966512042330578,0
3377,327532,0,100,0.05000316666666671,0.014257421831134707,0
3378,327632,0,100,0.05000316666666671,0.01639278684044257,0
3379,327732,0,100,0.05000316666666671,0.008728188964305446,0
3380,327832,0,100,0.05000316666666671,0.013376465461915359,0
3381,327932,0,100,0.05000316666666671,0.012946515816729516,0
3382,328032,0,100,0.05000316666666671,0.014800893149804324,0
3383,328132,0,100,0.05000316666666671,0.014520267804618925,0
3384,328232,0,100,0.05000316666666671,0.014937782676424831,0
3385,328332,0,100,0.05000316666666671,0.01674734225962311,0
3386,328432,0,100,0.05000316666666671,0.016395079975482077,0
3387,328532,0,100,0.05000316666666671,0.012380575176794082,0
3388,328632,0,100,0.05000316666666671,0.015917303601745515,0
3389,328732,0,100,0.05000316666666671,0.016363792615011336,0
3390,328832,0,100,0.05000316666666671,0.01259067802457139,0
3391,328932,0,100,0.05000316666666671,0.012672914587892593,0
3392,329032,0,100,0.05000316666666671,0.013290674166055396,0
3393,329132,0,100,0.05000316666666671,0.017595146030653267,0
3394,329232,0,100,0.05000316666666671,0.012806268422864378,0
3395,329332,0,100,0.05000316666666671,0.011562649242114276,0
3396,329432,0,100,0.05000316666666671,0.013402371542761103,0
3397,329532,0,100,0.05000316666666671,0.013691525312606246,0
3398,329632,0,100,0.05000316666666671,0.012351519395597279,0
3399,329732,0,100,0.05000316666666671,0.01481389932334423,0
3400,329832,0,100,0.05000316666666671,0.018273858109023423,0
3401,329932,0,100,0.05000316666666671,0.016650517070665956,0
3402,330032,0,100,0.05000316666666671,0.014532030541449786,0
3403,330132,0,100,0.05000316666666671,0.019196002075914292,0
3404,330232,0,100,0.05000316666666671,0.018953714922536165,0
3405,330332,0,100,0.05000316666666671,0.015813852299470455,0
3406,330432,0,100,0.05000316666666671,0.0152890160609968,0
3407,330532,0,100,0.05000316666666671,0.011872324086725712,0
3408,330632,0,100,0.05000316666666671,0.017862261687405408,0
3409,330732,0,100,0.05000316666666671,0.013891629371792079,0
3410,330832,0,100,0.05000316666666671,0.017490260002668945,0
3411,330932,0,100,0.05000316666666671,0.01762406313442625,0
3412,331032,0,100,0.05000316666666671,0.015767042550724,0
3413,331132,0,100,0.05000316666666671,0.01368278670590371,0
3414,331232,0,100,0.05000316666666671,0.015802719921339303,0
3415,331332,0,100,0.05000316666666671,0.016306179638486355,0
3416,331432,0,100,0.05000316666666671,0.015243341296445579,0
3417,331532,0,100,0.05000316666666671,0.014032750806072726,0
3418,331632,0,100,0.05000316666666671,0.012429989164229483,0
3419,331732,0,100,0.05000316666666671,0.014310400844551622,0
3420,331832,0,100,0.05000316666666671,0.017396633815951645,0
3421,331932,0,100,0.05000316666666671,0.01400260641006753,0
3422,332032,0,100,0.05000316666666671,0.013439699378795921,0
3423,332132,0,100,0.05000316666666671,0.013236841761972755,0
3424,332232,0,100,0.05000316666666671,0.01494148533558473,0
3425,332332,0,100,0.05000316666666671,0.01567057963460684,0
3426,332432,0,100,0.05000316666666671,0.016654336762148888,0
3427,332532,0,100,0.05000316666666671,0.01383265079697594,0
3428,332632,0,100,0.05000316666666671,0.016674269549548627,0
3429,332732,0,100,0.05000316666666671,0.01332295308355242,0
3430,332832,0,100,0.05000316666666671,0.017519856153521685,0
3431,332932,0,100,0.05000316666666671,0.013843445060774683,0
3432,333032,0,100,0.05000316666666671,0.015596084869466722,0
3433,333132,0,100,0.05000316666666671,0.017986280631739647,0
3434,333232,0,100,0.05000316666666671,0.016626667894888668,0
3435,333332,0,100,0.05000316666666671,0.013943240023218095,0
3436,333432,0,100,0.05000316666666671,0.011961270289029926,0
3437,333532,0,100,0.05000316666666671,0.01595831751357764,0
3438,333632,0,100,0.05000316666666671,0.013368975810008123,0
3439,333732,0,100,0.05000316666666671,0.01335496996762231,0
3440,333832,0,100,0.05000316666666671,0.01859561348799616,0
3441,333932,0,100,0.05000316666666671,0.014600911226589233,0
3442,334032,0,100,0.05000316666666671,0.013580233858665452,0
3443,334132,0,100,0.05000316666666671,0.013687886374536901,0
3444,334232,0,100,0.05000316666666671,0.013762716157361864,0
3445,334332,0,100,0.05000316666666671,0.017315875717904418,0
3446,334432,0,100,0.05000316666666671,0.01625848503317684,0
3447,334532,0,100,0.05000316666666671,0.01954124460928142,0
3448,334632,0,100,0.05000316666666671,0.014755704652052372,0
3449,334732,0,100,0.05000316666666671,0.01920619890559465,0
3450,334832,0,100,0.05000316666666671,0.01624249741435051,0
3451,334932,0,100,0.05000316666666671,0.015159618586767464,0
3452,335032,0,100,0.05000316666666671,0.014441202237503604,0
3453,335132,0,100,0.05000316666666671,0.013299154029227793,0
3454,335232,0,100,0.05000316666666671,0.01278205017093569,0
3455,335332,0,100,0.05000316666666671,0.014346078028902412,0
3456,335432,0,100,0.05000316666666671,0.01430576320970431,0
3457,335532,0,100,0.05000316666666671,0.016276558726094664,0
3458,335632,0,100,0.05000316666666671,0.018302412717603148,0
3459,335732,0,100,0.05000316666666671,0.015376721452921628,0
3460,335832,0,100,0.05000316666666671,0.015100125749595463,0
3461,335932,0,100,0.05000316666666671,0.014561980636790395,0
3462,336032,0,100,0.05000316666666671,0.018204512717202307,0
3463,336132,0,100,0.05000316666666671,0.015904070109827445,0
3464,336232,0,100,0.05000316666666671,0.015139278694987298,0
3465,336332,0,100,0.05000316666666671,0.0122089828341268,0
3466,336432,0,100,0.05000316666666671,0.013414290230721236,0
3467,336532,0,100,0.05000316666666671,0.013977695594076068,0
3468,336632,0,100,0.05000316666666671,0.017803298966027795,0
3469,336732,0,100,0.05000316666666671,0.01698983814800158,0
3470,336832,0,100,0.05000316666666671,0.013108234755927697,0
3471,336932,0,100,0.05000316666666671,0.01134741739486344,0
3472,337032,0,100,0.05000316666666671,0.018028040372300894,0
3473,337132,0,100,0.05000316666666671,0.015085485035087913,0
3474,337232,0,100,0.05000316666666671,0.013900569095276295,0
3475,337332,0,100,0.05000316666666671,0.016597516341134905,0
3476,337432,0,100,0.05000316666666671,0.014988512301351875,0
3477,337519,0.21699999999999997,87,0.05000316666666671,0.015402024603802068,1
3478,337619,0,100,0.05000316666666671,0.011502960282377898,0
3479,337719,0,100,0.05000316666666671,0.014331510569900275,0
3480,337819,0,100,0.05000316666666671,0.012893272789660841,0
3481,337919,0,100,0.05000316666666671,0.012342683870811015,0
3482,338019,0,100,0.05000316666666671,0.019171738631557675,0
3483,338072,0.5229999999999999,53,0.05000316666666671,0.011935116147692755,1
3484,338172,0,100,0.05000316666666671,0.016714791776612403,0
3485,338272,0,100,0.05000316666666671,0.012440859095659108,0
3486,338372,0,100,0.05000316666666671,0.013700588811188937,0
3487,338472,0,100,0.05000316666666671,0.012026820819592103,0
3488,338572,0,100,0.05000316666666671,0.0163058380340226,0
3489,338672,0,100,0.05000316666666671,0.012533836932852864,0
3490,338772,0,100,0.05000316666666671,0.011514762777369469,0
3491,338872,0,100,0.05000316666666671,0.009364058558130637,0
3492,338972,0,100,0.05000316666666671,0.014455692088231444,0
3493,339072,0,100,0.05000316666666671,0.014349081527907401,0
3494,339172,0,100,0.05000316666666671,0.013650099778315052,0
3495,339272,0,100,0.05000316666666671,0.014411154822446405,0
3496,339372,0,100,0.05000316666666671,0.016401037541218102,0
3497,339472,0,100,0.05000316666666671,0.014881117553450167,0
3498,339572,0,100,0.05000316666666671,0.01657209399389103,0
3499,339672,0,100,0.05000316666666671,0.01591708738123998,0
3500,339772,0,100,0.05000316666666671,0.016481056921184064,0
3501,339872,0,100,0.05000316666666671,0.016460244660265744,0
3502,339972,0,100,0.05000316666666671,0.014201413232367486,0
3503,340072,0,100,0.05000316666666671,0.01641900439513847,0
3504,340172,0,100,0.05000316666666671,0.013249248485080897,0
3505,340272,0,100,0.05000316666666671,0.013742628786712886,0
3506,340372,0,100,0.05000316666666671,0.01199701384990476,0
3507,340472,0,100,0.05000316666666671,0.014139971755212173,0
3508,340572,0,100,0.05000316666666671,0.010651554062496871,0
3509,340672,0,100,0.05000316666666671,0.01322675631614402,0
3510,340772,0,100,0.05000316666666671,0.014481318055186421,0
3511,340872,0,100,0.05000316666666671,0.016221010021399706,0
3512,340903,0.721,31,0.05000316666666671,0.01025747678302709,1
3513,341003,0,100,0.05000316666666671,0.01403315048199147,0
3514,341103,0,100,0.05000316666666671,0.015901293710339815,0
3515,341203,0,100,0.05000316666666671,0.017001239187084138,0
3516,341303,0,100,0.05000316666666671,0.016883311294950545,0
3517,341403,0,100,0.05000316666666671,0.013929743494372815,0
3518,341503,0,100,0.05000316666666671,0.00967261073878035,0
3519,341603,0,100,0.05000316666666671,0.01709134652162902,0
3520,341703,0,100,0.05000316666666671,0.012054802617058158,0
3521,341803,0,100,0.05000316666666671,0.014062867881730199,0
3522,341903,0,100,0.05000316666666671,0.013058760674903169,0
3523,342003,0,100,0.05000316666666671,0.014490933044580743,0
3524,342103,0,100,0.05000316666666671,0.010479291738010942,0
3525,342203,0,100,0.05000316666666671,0.014537296118214726,0
3526,342303,0,100,0.05000316666666671,0.01592825911939144,0
3527,342403,0,100,0.05000316666666671,0.01296658726176247,0
3528,342503,0,100,0.05000316666666671,0.014726656791754066,0
3529,342603,0,100,0.05000316666666671,0.017552545107901097,0
3530,342703,0,100,0.05000316666666671,0.014257598035037518,0
3531,342803,0,100,0.05000316666666671,0.014388350700028241,0
3532,342903,0,100,0.05000316666666671,0.014834798939991742,0
3533,343003,0,100,0.05000316666666671,0.019561589579097927,0
3534,343103,0,100,0.05000316666666671,0.016772201547864823,0
3535,343203,0,100,0.05000316666666671,0.01609059251844883,0
3536,343303,0,100,0.05000316666666671,0.015441095279529691,0
3537,343403,0,100,0.05000316666666671,0.016897390014491975,0
3538,343503,0,100,0.05000316666666671,0.015130511480383574,0
3539,343603,0,100,0.05000316666666671,0.012153043325524778,0
3540,343703,0,100,0.05000316666666671,0.014202498469967396,0
3541,343803,0,100,0.05000316666666671,0.014947513276711106,0
3542,343903,0,100,0.05000316666666671,0.014158296906389296,0
3543,344003,0,100,0.05000316666666671,0.01412450616247952,0
3544,344103,0,100,0.05000316666666671,0.019174250541254878,0
3545,344203,0,100,0.05000316666666671,0.01682778198039159,0
3546,344303,0,100,0.05000316666666671,0.015142034599557519,0
3547,344403,0,100,0.05000316666666671,0.011687475221697241,0
3548,344503,0,100,0.05000316666666671,0.0150054968171753,0
3549,344603,0,100,0.05000316666666671,0.015690826002974063,0
3550,344703,0,100,0.05000316666666671,0.012501603339333088,0
3551,344803,0,100,0.05000316666666671,0.017097255445551126,0
3552,344903,0,100,0.05000316666666671,0.0166945673385635,0
3553,345003,0,100,0.05000316666666671,0.013679290597792715,0
3554,345103,0,100,0.05000316666666671,0.015688060151878746,0
3555,345203,0,100,0.05000316666666671,0.017134368596598507,0
3556,345303,0,100,0.05000316666666671,0.014953954096417874,0
3557,345403,0,100,0.05000316666666671,0.01583381969248876,0
3558,345503,0,100,0.05000316666666671,0.01597358382306993,0
3559,345603,0,100,0.05000316666666671,0.013138393918052316,0
3560,345703,0,100,0.05000316666666671,0.015003204580862075,0
3561,345803,0,100,0.05000316666666671,0.015798158621182664,0
3562,345903,0,100,0.05000316666666671,0.018080818601883947,0
3563,346003,0,100,0.05000316666666671,0.015158156182151288,0
3564,346103,0,100,0.05000316666666671,0.018611406749114393,0
3565,346203,0,100,0.05000316666666671,0.021459930974524467,0
3566,346303,0,100,0.05000316666666671,0.01556631232611835,0
3567,346403,0,100,0.05000316666666671,0.013776664077304303,0
3568,346503,0,100,0.05000316666666671,0.017321445408742874,0
3569,346603,0,100,0.05000316666666671,0.015486026492435485,0
3570,346703,0,100,0.05000316666666671,0.014261000389233232,0
3571,346803,0,100,0.05000316666666671,0.017800566286314278,0
3572,346903,0,100,0.05000316666666671,0.018785817159805446,0
3573,347003,0,100,0.05000316666666671,0.013039184929803015,0
3574,347103,0,100,0.05000316666666671,0.017435872927308083,0
3575,347203,0,100,0.05000316666666671,0.017061702942010017,0
3576,347303,0,100,0.05000316666666671,0.014758826652541756,0
3577,347403,0,100,0.05000316666666671,0.016395335402339697,0
3578,347503,0,100,0.05000316666666671,0.013899727031821385,0
3579,347603,0,100,0.05000316666666671,0.0137139488698449,0
3580,347703,0,100,0.05000316666666671,0.020036581088788807,0
3581,347803,0,100,0.05000316666666671,0.01299860189203173,0
3582,347903,0,100,0.05000316666666671,0.01616975463461131,0
3583,348003,0,100,0.05000316666666671,0.012173339820001274,0
3584,348103,0,100,0.05000316666666671,0.01415138214826584,0
3585,348203,0,100,0.05000316666666671,0.020483367308042944,0
3586,348303,0,100,0.05000316666666671,0.016409752182662486,0
3587,348403,0,100,0.05000316666666671,0.013878132062964142,0
3588,348503,0,100,0.05000316666666671,0.016717912203166634,0
3589,348603,0,100,0.05000316666666671,0.014668511308263988,0
3590,348703,0,100,0.05000316666666671,0.011055668680928648,0
3591,348803,0,100,0.05000316666666671,0.020596903760451823,0
3592,348903,0,100,0.05000316666666671,0.014866645943839104,0
3593,349003,0,100,0.05000316666666671,0.012919176542200149,0
3594,349103,0,100,0.05000316666666671,0.016835946443025024,0
3595,349203,0,100,0.05000316666666671,0.014993217950686812,0
3596,349303,0,100,0.05000316666666671,0.012395305000245571,0
3597,349403,0,100,0.05000316666666671,0.013726737862452865,0
3598,349503,0,100,0.05000316666666671,0.016469011545414105,0
3599,349603,0,100,0.05000316666666671,0.01105259854812175,0
3600,349703,0,100,0.05000316666666671,0.013680162772070617,0
3601,349803,0,100,0.05000316666666671,0.011817511117551477,0
3602,349903,0,100,0.05000316666666671,0.014352738971356303,0
3603,350003,0,100,0.05000316666666671,0.013279738717246801,0
3604,350103,0,100,0.05000316666666671,0.01863044311758131,0
3605,350203,0,100,0.05000316666666671,0.014123964740429073,0
3606,350303,0,100,0.05000316666666671,0.01616138353245333,0
3607,350403,0,100,0.05000316666666671,0.014607291398569942,0
3608,350503,0,100,0.05000316666666671,0.017050778777338564,0
3609,350603,0,100,0.05000316666666671,0.017529297154396772,0
3610,350703,0,100,0.05000316666666671,0.019688537515467033,0
3611,350803,0,100,0.05000316666666671,0.014359543793834745,0
3612,350903,0,100,0.05000316666666671,0.011741134858457371,0
3613,351003,0,100,0.05000316666666671,0.014146713558584451,0
3614,351103,0,100,0.05000316666666671,0.01636826910311356,0
3615,351203,0,100,0.05000316666666671,0.018301168866455556,0
3616,351303,0,100,0.05000316666666671,0.015274519234662876,0
3617,351403,0,100,0.05000316666666671,0.014138275750447064,0
3618,351503,0,100,0.05000316666666671,0.014393414771184325,0
3619,351603,0,100,0.05000316666666671,0.012508939723484219,0
3620,351703,0,100,0.05000316666666671,0.01509206891991198,0
3621,351803,0,100,0.05000316666666671,0.010779479645425454,0
3622,351903,0,100,0.05000316666666671,0.015963696972467006,0
3623,352003,0,100,0.05000316666666671,0.018184657827951013,0
3624,352103,0,100,0.05000316666666671,0.014524632534012198,0
3625,352203,0,100,0.05000316666666671,0.018986010318621994,0
3626,352303,0,100,0.05000316666666671,0.016333540794439615,0
3627,352403,0,100,0.05000316666666671,0.012770665073767305,0
3628,352503,0,100,0.05000316666666671,0.017195409543346613,0
3629,352603,0,100,0.05000316666666671,0.017763663136865945,0
3630,352703,0,100,0.05000316666666671,0.01874896769179031,0
3631,352803,0,100,0.05000316666666671,0.012023061821237207,0
3632,352903,0,100,0.05000316666666671,0.01784736517816782,0
3633,353003,0,100,0.05000316666666671,0.017538037316408007,0
3634,353103,0,100,0.05000316666666671,0.01865185396047309,0
3635,353203,0,100,0.05000316666666671,0.014481100253760815,0
3636,353303,0,100,0.05000316666666671,0.013772325259633362,0
3637,353403,0,100,0.05000316666666671,0.01395565141690895,0
3638,353503,0,100,0.05000316666666671,0.0177291222801432,0
3639,353603,0,100,0.05000316666666671,0.01392608996713534,0
3640,353703,0,100,0.05000316666666671,0.014658557518851012,0
3641,353803,0,100,0.05000316666666671,0.01636612304020673,0
3642,353903,0,100,0.05000316666666671,0.018745439876802265,0
3643,354003,0,100,0.05000316666666671,0.01544860876398161,0
3644,354103,0,100,0.05000316666666671,0.016043213224038483,0
3645,354203,0,100,0.05000316666666671,0.01712665263796225,0
3646,354303,0,100,0.05000316666666671,0.015652249993290752,0
3647,354403,0,100,0.05000316666666671,0.017369587940629573,0
3648,354503,0,100,0.05000316666666671,0.018422918806318193,0
3649,354603,0,100,0.05000316666666671,0.013784251175820827,0
3650,354703,0,100,0.05000316666666671,0.016407147876452654,0
3651,354803,0,100,0.05000316666666671,0.016993024223484098,0
3652,354818,0.865,15,0.05000316666666671,0.017473169649019838,1
3653,354918,0,100,0.05000316666666671,0.016638864267151804,0
3654,355018,0,100,0.05000316666666671,0.019636655158828942,0
3655,355118,0,100,0.05000316666666671,0.01674584784777835,0
3656,355218,0,100,0.05000316666666671,0.013731628037057818,0
3657,355318,0,100,0.05000316666666671,0.01455630958545953,0
3658,355418,0,100,0.05000316666666671,0.017559439186006786,0
3659,355518,0,100,0.05000316666666671,0.013752417720388621,0
3660,355618,0,100,0.05000316666666671,0.017167303704191,0
3661,355718,0,100,0.05000316666666671,0.019294474839698525,0
3662,355818,0,100,0.05000316666666671,0.016009492131415753,0
3663,355918,0,100,0.05000316666666671,0.011875951017718761,0
3664,356018,0,100,0.05000316666666671,0.018957846795674412,0
3665,356030,0.892,12,0.05000316666666671,0.012216913300411155,1
3666,356130,0,100,0.05000316666666671,0.015149558181874453,0
3667,356230,0,100,0.05000316666666671,0.015161228508222848,0
3668,356330,0,100,0.05000316666666671,0.014666628909762948,0
3669,356430,0,100,0.05000316666666671,0.013937948150560259,0
3670,356530,0,100,0.05000316666666671,0.019743430085945875,0
3671,356630,0,100,0.05000316666666671,0.019559141332283616,0
3672,356730,0,100,0.05000316666666671,0.013755267907399685,0
3673,356830,0,100,0.05000316666666671,0.01694074663799256,0
3674,356930,0,100,0.05000316666666671,0.012933010784909129,0
3675,357030,0,100,0.05000316666666671,0.019268151854630558,0
3676,357130,0,100,0.05000316666666671,0.016432949588634074,0
3677,357230,0,100,0.05000316666666671,0.013822648820932955,0
3678,357330,0,100,0.05000316666666671,0.01875352323288098,0
3679,357430,0,100,0.05000316666666671,0.01987223593983799,0
3680,357530,0,100,0.05000316666666671,0.01505761799402535,0
3681,357630,0,100,0.05000316666666671,0.012710535398218781,0
3682,357730,0,100,0.05000316666666671,0.015796690175775438,0
3683,357830,0,100,0.05000316666666671,0.013753996433224528,0
3684,357930,0,100,0.05000316666666671,0.011482000492978841,0
3685,358030,0,100,0.05000316666666671,0.020668094453867525,0
3686,358130,0,100,0.05000316666666671,0.020060232388786972,0
3687,358230,0,100,0.05000316666666671,0.014808256172109395,0
3688,358330,0,100,0.05000316666666671,0.017354597290977835,0
3689,358430,0,100,0.05000316666666671,0.015065315002575517,0
3690,358530,0,100,0.05000316666666671,0.016156312094535677,0
3691,358630,0,100,0.05000316666666671,0.016036741863936187,0
3692,358730,0,100,0.05000316666666671,0.01815977316349745,0
3693,358830,0,100,0.05000316666666671,0.013003338603302836,0
3694,358930,0,100,0.05000316666666671,0.012529957944061608,0
3695,359030,0,100,0.05000316666666671,0.016197520510759206,0
3696,359130,0,100,0.05000316666666671,0.01902578623732552,0
3697,359230,0,100,0.05000316666666671,0.015620268404018135,0
3698,359330,0,100,0.05000316666666671,0.01728138863341883,0
3699,359430,0,100,0.05000316666666671,0.018808280962985008,0
3700,359530,0,100,0.05000316666666671,0.014733074638061226,0
3701,359630,0,100,0.05000316666666671,0.020640927406493575,0
3702,359730,0,100,0.05000316666666671,0.014853462249739095,0
3703,359830,0,100,0.05000316666666671,0.014945657005300745,0
3704,359930,0,100,0.05000316666666671,0.0177212899713777,0
3705,360030,0,100,0.05000316666666671,0.015516597002279014,0
3706,360130,0,100,0.05000316666666671,0.011586664773058147,0
3707,360230,0,100,0.05000316666666671,0.016666604408528657,0
3708,360330,0,100,0.05000316666666671,0.01859534243820235,0
3709,360430,0,100,0.05000316666666671,0.016579881249926983,0
3710,360530,0,100,0.05000316666666671,0.018083671522326768,0
3711,360630,0,100,0.05000316666666671,0.01251635433291085,0
3712,360730,0,100,0.05000316666666671,0.01416449991054833,0
3713,360830,0,100,0.05000316666666671,0.01577676700660959,0
3714,360930,0,100,0.05000316666666671,0.020183243355713785,0
3715,361030,0,100,0.05000316666666671,0.009792934705037623,0
3716,361130,0,100,0.05000316666666671,0.016703342299442737,0
3717,361230,0,100,0.05000316666666671,0.014967635602224617,0
3718,361330,0,100,0.05000316666666671,0.01482706521055661,0
3719,361430,0,100,0.05000316666666671,0.017159094801172614,0
3720,361530,0,100,0.05000316666666671,0.01253344296128489,0
3721,361630,0,100,0.05000316666666671,0.014897830495610833,0
3722,361730,0,100,0.05000316666666671,0.014691289307083934,0
3723,361830,0,100,0.05000316666666671,0.015904587192926554,0
3724,361930,0,100,0.05000316666666671,0.01636713194893673,0
3725,362030,0,100,0.05000316666666671,0.011316217198036611,0
3726,362130,0,100,0.05000316666666671,0.015529856949578971,0
3727,362230,0,100,0.05000316666666671,0.019255225916858763,0
3728,362330,0,100,0.05000316666666671,0.014099407359026372,0
3729,362430,0,100,0.05000316666666671,0.0215485000773333,0
3730,362530,0,100,0.05000316666666671,0.01566981997922994,0
3731,362630,0,100,0.05000316666666671,0.015767183675197884,0
3732,362730,0,100,0.05000316666666671,0.017508456718642266,0
3733,362830,0,100,0.05000316666666671,0.011272303169826046,0
3734,362930,0,100,0.05000316666666671,0.018191628602799027,0
3735,363030,0,100,0.05000316666666671,0.018062269233632834,0
3736,363130,0,100,0.05000316666666671,0.020631073783151807,0
3737,363230,0,100,0.05000316666666671,0.013738723110873253,0
3738,363330,0,100,0.05000316666666671,0.02081837424542755,0
3739,363430,0,100,0.05000316666666671,0.01874681160785258,0
3740,363530,0,100,0.05000316666666671,0.015259096852969379,0
3741,363630,0,100,0.05000316666666671,0.01614634225377813,0
3742,363730,0,100,0.05000316666666671,0.016112254874315113,0
3743,363830,0,100,0.05000316666666671,0.016058268959168346,0
3744,363930,0,100,0.05000316666666671,0.016541344868019222,0
3745,364030,0,100,0.05000316666666671,0.016440140816848726,0
3746,364130,0,100,0.05000316666666671,0.016436201331671327,0
3747,364230,0,100,0.05000316666666671,0.01895424440735951,0
3748,364330,0,100,0.05000316666666671,0.016738258046098055,0
3749,364430,0,100,0.05000316666666671,0.017647066765930502,0
3750,364530,0,100,0.05000316666666671,0.018249955631326885,0
3751,364630,0,100,0.05000316666666671,0.018069139916915448,0
3752,364730,0,100,0.05000316666666671,0.019075323829893024,0
3753,364830,0,100,0.05000316666666671,0.018491249075159432,0
3754,364930,0,100,0.05000316666666671,0.019211742728948593,0
3755,365030,0,100,0.05000316666666671,0.01558520927792415,0
3756,365130,0,100,0.05000316666666671,0.016660781353712083,0
3757,365230,0,100,0.05000316666666671,0.013251218111254275,0
3758,365330,0,100,0.05000316666666671,0.011382245405111463,0
3759,365430,0,100,0.05000316666666671,0.015710400005336852,0
3760,365530,0,100,0.05000316666666671,0.021740819914266466,0
3761,365630,0,100,0.05000316666666671,0.015362875922583043,0
3762,365730,0,100,0.05000316666666671,0.01332012164639309,0
3763,365830,0,100,0.05000316666666671,0.012903445416595787,0
3764,365930,0,100,0.05000316666666671,0.0141539809666574,0
3765,366030,0,100,0.05000316666666671,0.010405067934188992,0
3766,366130,0,100,0.05000316666666671,0.019932990157976747,0
3767,366230,0,100,0.05000316666666671,0.017390830940566957,0
3768,366330,0,100,0.05000316666666671,0.016982280913507567,0
3769,366430,0,100,0.05000316666666671,0.01379010705742985,0
3770,366530,0,100,0.05000316666666671,0.017622385818976908,0
3771,366630,0,100,0.05000316666666671,0.01292561599984765,0
3772,366730,0,100,0.05000316666666671,0.013280047706793995,0
3773,366830,0,100,0.05000316666666671,0.020223320976365356,0
3774,366930,0,100,0.05000316666666671,0.014399924908066169,0
3775,367030,0,100,0.05000316666666671,0.015627850715536625,0
3776,367130,0,100,0.05000316666666671,0.0159571328968741,0
3777,367230,0,100,0.05000316666666671,0.017231319812126458,0
3778,367330,0,100,0.05000316666666671,0.013811572827398777,0
3779,367430,0,100,0.05000316666666671,0.012954694251529873,0
3780,367530,0,100,0.05000316666666671,0.015213268507504835,0
3781,367630,0,100,0.05000316666666671,0.016579153104685246,0
3782,367730,0,100,0.05000316666666671,0.016656183508457614,0
3783,367830,0,100,0.05000316666666671,0.012358434547204524,0
3784,367930,0,100,0.05000316666666671,0.01269136899150908,0
3785,368030,0,100,0.05000316666666671,0.015543823272455484,0
3786,368130,0,100,0.05000316666666671,0.012881204234436155,0
3787,368230,0,100,0.05000316666666671,0.016669078562408686,0
3788,368330,0,100,0.05000316666666671,0.010660843376535922,0
3789,368430,0,100,0.05000316666666671,0.015043710214085878,0
3790,368530,0,100,0.05000316666666671,0.01475689933868125,0
3791,368630,0,100,0.05000316666666671,0.0197737879329361,0
3792,368730,0,100,0.05000316666666671,0.017607554469723254,0
3793,368830,0,100,0.05000316666666671,0.015582029488869012,0
3794,368930,0,100,0.05000316666666671,0.013186815006192773,0
3795,369030,0,100,0.05000316666666671,0.012166218918282538,0
3796,369130,0,100,0.05000316666666671,0.01727694386150688,0
3797,369223,0.16299999999999992,93,0.05000316666666671,0.016089570227890246,1
3798,369323,0,100,0.05000316666666671,0.013551657040370629,0
3799,369423,0,100,0.05000316666666671,0.018619353247340768,0
3800,369523,0,100,0.05000316666666671,0.013517813466023654,0
3801,369623,0,100,0.05000316666666671,0.017103275263216346,0
3802,369723,0,100,0.05000316666666671,0.013531154913362115,0
3803,369823,0,100,0.05000316666666671,0.015996933775022627,0
3804,369923,0,100,0.05000316666666671,0.014820548729039729,0
3805,370023,0,100,0.05000316666666671,0.015389543129131197,0
3806,370123,0,100,0.05000316666666671,0.016744192321784795,0
3807,370223,0,100,0.05000316666666671,0.015101723249536007,0
3808,370323,0,100,0.05000316666666671,0.019014181727543475,0
3809,370423,0,100,0.05000316666666671,0.016182484505698085,0
3810,370523,0,100,0.05000316666666671,0.019430957722943277,0
3811,370623,0,100,0.05000316666666671,0.016561588335316627,0
3812,370723,0,100,0.05000316666666671,0.016131980642676354,0
3813,370823,0,100,0.05000316666666671,0.01247446347028017,0
3814,370923,0,100,0.05000316666666671,0.01766889821505174,0
3815,371023,0,100,0.05000316666666671,0.01560097083915025,0
3816,371123,0,100,0.05000316666666671,0.016085563357919455,0
3817,371223,0,100,0.05000316666666671,0.014673703042790294,0
3818,371323,0,100,0.05000316666666671,0.014878942247014493,0
3819,371423,0,100,0.05000316666666671,0.020726762721315028,0
3820,371523,0,100,0.05000316666666671,0.014748276395257562,0
3821,371623,0,100,0.05000316666666671,0.014342024861834944,0
3822,371723,0,100,0.05000316666666671,0.018222050511976704,0
3823,371724,0.991,1,0.05000316666666671,0.0028969375416636467,1
3824,371824,0,100,0.05000316666666671,0.012886059735901654,0
3825,371924,0,100,0.05000316666666671,0.011871324852108955,0
3826,372024,0,100,0.05000316666666671,0.019522403317969294,0
3827,372124,0,100,0.05000316666666671,0.015266044866293668,0
3828,372224,0,100,0.05000316666666671,0.020022488597314803,0
3829,372324,0,100,0.05000316666666671,0.01581094696186483,0
3830,372424,0,100,0.05000316666666671,0.01604895019903779,0
3831,372524,0,100,0.05000316666666671,0.016217458008322864,0
3832,372624,0,100,0.05000316666666671,0.014017895676661283,0
3833,372724,0,100,0.05000316666666671,0.013074324082117528,0
3834,372824,0,100,0.05000316666666671,0.013031635539373383,0
3835,372924,0,100,0.05000316666666671,0.01591090887086466,0
3836,373024,0,100,0.05000316666666671,0.013785054583568126,0
3837,373124,0,100,0.05000316666666671,0.013115693910513072,0
3838,373224,0,100,0.05000316666666671,0.016968774783890694,0
3839,373324,0,100,0.05000316666666671,0.012070919470861554,0
3840,373424,0,100,0.05000316666666671,0.014264637761516496,0
3841,373524,0,100,0.05000316666666671,0.01328937399899587,0
3842,373624,0,100,0.05000316666666671,0.017221256592310965,0
3843,373724,0,100,0.05000316666666671,0.010901951126288622,0
3844,373824,0,100,0.05000316666666671,0.017717399627435952,0
3845,373924,0,100,0.05000316666666671,0.01793587031890638,0
3846,374024,0,100,0.05000316666666671,0.018775395979173482,0
3847,374124,0,100,0.05000316666666671,0.017924946141429244,0
3848,374224,0,100,0.05000316666666671,0.01709275586530566,0
3849,374324,0,100,0.05000316666666671,0.01621570744086057,0
3850,374424,0,100,0.05000316666666671,0.012935257700737566,0
3851,374524,0,100,0.05000316666666671,0.012492932612076402,0
3852,374624,0,100,0.05000316666666671,0.013539252111222595,0
3853,374724,0,100,0.05000316666666671,0.014412558628246188,0
3854,374824,0,100,0.05000316666666671,0.017553765863412993,0
3855,374924,0,100,0.05000316666666671,0.016112837381660937,0
3856,375024,0,100,0.05000316666666671,0.01609844212885946,0
3857,375124,0,100,0.05000316666666671,0.017153527645859867,0
3858,375224,0,100,0.05000316666666671,0.011640927414409816,0
3859,375324,0,100,0.05000316666666671,0.013964354565832764,0
3860,375424,0,100,0.05000316666666671,0.015505619978066534,0
3861,375524,0,100,0.05000316666666671,0.013403808367438614,0
3862,375624,0,100,0.05000316666666671,0.013173380980733783,0
3863,375724,0,100,0.05000316666666671,0.019025047942996025,0
3864,375824,0,100,0.05000316666666671,0.015206902308855207,0
3865,375924,0,100,0.05000316666666671,0.015870560682378708,0
3866,376024,0,100,0.05000316666666671,0.014637066624127329,0
3867,376124,0,100,0.05000316666666671,0.018323038488160817,0
3868,376224,0,100,0.05000316666666671,0.012074140305630863,0
3869,376324,0,100,0.05000316666666671,0.01762297881883569,0
3870,376424,0,100,0.05000316666666671,0.017868110253475608,0
3871,376524,0,100,0.05000316666666671,0.01669479665462859,0
3872,376624,0,100,0.05000316666666671,0.016908989523071797,0
3873,376724,0,100,0.05000316666666671,0.012353069153614343,0
3874,376824,0,100,0.05000316666666671,0.01309574970509857,0
3875,376924,0,100,0.05000316666666671,0.01472670461051166,0
3876,377024,0,100,0.05000316666666671,0.012612198626156897,0
3877,377124,0,100,0.05000316666666671,0.01811293401522562,0
3878,377224,0,100,0.05000316666666671,0.017806657331530005,0
3879,377324,0,100,0.05000316666666671,0.01775973441777751,0
3880,377424,0,100,0.05000316666666671,0.016669418816454708,0
3881,377524,0,100,0.05000316666666671,0.015575964364688843,0
3882,377624,0,100,0.05000316666666671,0.014707593943458051,0
3883,377724,0,100,0.05000316666666671,0.018157035782933234,0
3884,377824,0,100,0.05000316666666671,0.013091156907612457,0
3885,377924,0,100,0.05000316666666671,0.0145765144797042,0
3886,378024,0,100,0.05000316666666671,0.011263960561482236,0
3887,378124,0,100,0.05000316666666671,0.0158183742989786,0
3888,378224,0,100,0.05000316666666671,0.013806963181123138,0
3889,378324,0,100,0.05000316666666671,0.01478470183443278,0
3890,378330,0.946,6,0.05000316666666671,0.004892744162740807,1
3891,378430,0,100,0.05000316666666671,0.01468272196012549,0
3892,378530,0,100,0.05000316666666671,0.016524270297959446,0
3893,378630,0,100,0.05000316666666671,0.016240262109786272,0
3894,378730,0,100,0.05000316666666671,0.01908298897789791,0
3895,378830,0,100,0.05000316666666671,0.014422670722706244,0
3896,378930,0,100,0.05000316666666671,0.01420727169374004,0
3897,379030,0,100,0.05000316666666671,0.01762150642927736,0
3898,379130,0,100,0.05000316666666671,0.015914306216873227,0
3899,379230,0,100,0.05000316666666671,0.018775905920192598,0
3900,379330,0,100,0.05000316666666671,0.015325959504116327,0
3901,379430,0,100,0.05000316666666671,0.017494579274207354,0
3902,379530,0,100,0.05000316666666671,0.018346804454922677,0
3903,379630,0,100,0.05000316666666671,0.012598932611290366,0
3904,379730,0,100,0.05000316666666671,0.014321405184455216,0
3905,379830,0,100,0.05000316666666671,0.01840429806848988,0
3906,379930,0,100,0.05000316666666671,0.012588478840189054,0
3907,380030,0,100,0.05000316666666671,0.016228893545921892,0
3908,380130,0,100,0.05000316666666671,0.017042693537659942,0
3909,380230,0,100,0.05000316666666671,0.015401280457153917,0
3910,380330,0,100,0.05000316666666671,0.01465019142953679,0
3911,380430,0,100,0.05000316666666671,0.014508987161098047,0
3912,380530,0,100,0.05000316666666671,0.014690954381367192,0
3913,380630,0,100,0.05000316666666671,0.014838232884649187,0
3914,380730,0,100,0.05000316666666671,0.014049091490451247,0
3915,380830,0,100,0.05000316666666671,0.016497251043329015,0
3916,380930,0,100,0.05000316666666671,0.014264778420329093,0
3917,381024,0.15400000000000003,94,0.05000316666666671,0.014390150258476113,1
3918,381124,0,100,0.05000316666666671,0.01565663526998833,0
3919,381224,0,100,0.05000316666666671,0.014598892866633833,0
3920,381324,0,100,0.05000316666666671,0.011488521890714764,0
3921,381424,0,100,0.05000316666666671,0.014133646490518004,0
3922,381524,0,100,0.05000316666666671,0.0198155685281381,0
3923,381624,0,100,0.05000316666666671,0.016782734675798563,0
3924,381724,0,100,0.05000316666666671,0.01333623640006408,0
3925,381824,0,100,0.05000316666666671,0.015504686030326412,0
3926,381924,0,100,0.05000316666666671,0.016205727141350507,0
3927,382024,0,100,0.05000316666666671,0.014496653380338103,0
3928,382124,0,100,0.05000316666666671,0.016368391925934703,0
3929,382224,0,100,0.05000316666666671,0.01491902131587267,0
3930,382324,0,100,0.05000316666666671,0.01432540595997125,0
3931,382424,0,100,0.05000316666666671,0.01658713649492711,0
3932,382524,0,100,0.05000316666666671,0.013314249080140143,0
3933,382624,0,100,0.05000316666666671,0.015662971027195452,0
3934,382724,0,100,0.05000316666666671,0.017355249802349135,0
3935,382824,0,100,0.05000316666666671,0.012275908912997693,0
3936,382924,0,100,0.05000316666666671,0.014739562878385187,0
3937,383024,0,100,0.05000316666666671,0.01467473360709846,0
3938,383124,0,100,0.05000316666666671,0.014750522393733263,0
3939,383224,0,100,0.05000316666666671,0.013648439368698745,0
3940,383324,0,100,0.05000316666666671,0.013982449640752747,0
3941,383424,0,100,0.05000316666666671,0.016622183627914636,0
3942,383524,0,100,0.05000316666666671,0.018364499896997587,0
3943,383624,0,100,0.05000316666666671,0.01701304586371407,0
3944,383724,0,100,0.05000316666666671,0.014535838380688802,0
3945,383824,0,100,0.05000316666666671,0.015730619524838403,0
3946,383924,0,100,0.05000316666666671,0.013738023820333184,0
3947,384024,0,100,0.05000316666666671,0.015010563139803708,0
3948,384124,0,100,0.05000316666666671,0.016103999852202833,0
3949,384224,0,100,0.05000316666666671,0.012633548236917704,0
3950,384324,0,100,0.05000316666666671,0.015790674379095437,0
3951,384424,0,100,0.05000316666666671,0.017313487876672296,0
3952,384524,0,100,0.05000316666666671,0.01887266346719116,0
3953,384624,0,100,0.05000316666666671,0.014278097217902542,0
3954,384724,0,100,0.05000316666666671,0.015580071478616446,0
3955,384824,0,100,0.05000316666666671,0.018042650589486585,0
3956,384924,0,100,0.05000316666666671,0.016072364326100798,0
3957,385024,0,100,0.05000316666666671,0.017067017757799476,0
3958,385124,0,100,0.05000316666666671,0.018686780456919225,0
3959,385224,0,100,0.05000316666666671,0.014531275834888219,0
3960,385324,0,100,0.05000316666666671,0.014306502605322749,0
3961,385424,0,100,0.05000316666666671,0.014272759144660085,0
3962,385524,0,100,0.05000316666666671,0.01769324777647853,0
3963,385624,0,100,0.05000316666666671,0.014625798030756414,0
3964,385724,0,100,0.05000316666666671,0.016084518153220415,0
3965,385824,0,100,0.05000316666666671,0.014405659988988191,0
3966,385924,0,100,0.05000316666666671,0.01277535356581211,0
3967,386024,0,100,0.05000316666666671,0.014342220630496741,0
3968,386124,0,100,0.05000316666666671,0.014153974412474781,0
3969,386224,0,100,0.05000316666666671,0.017595243589021266,0
3970,386324,0,100,0.05000316666666671,0.018186457755509765,0
3971,386424,0,100,0.05000316666666671,0.012785240781959147,0
3972,386524,0,100,0.05000316666666671,0.012105699338717387,0
3973,386624,0,100,0.05000316666666671,0.01303509502671659,0
3974,386724,0,100,0.05000316666666671,0.010510657008271664,0
3975,386824,0,100,0.05000316666666671,0.015495854313485324,0
3976,386924,0,100,0.05000316666666671,0.013062053153989837,0
3977,387024,0,100,0.05000316666666671,0.017197232994949446,0
3978,387124,0,100,0.05000316666666671,0.012500013669487088,0
3979,387224,0,100,0.05000316666666671,0.014800064484588801,0
3980,387324,0,100,0.05000316666666671,0.014766558553092182,0
3981,387424,0,100,0.05000316666666671,0.01303904530359432,0
3982,387524,0,100,0.05000316666666671,0.017360787024954333,0
3983,387624,0,100,0.05000316666666671,0.014330147106666118,0
3984,387724,0,100,0.05000316666666671,0.015648423444945367,0
3985,387824,0,100,0.05000316666666671,0.014588256974238902,0
3986,387924,0,100,0.05000316666666671,0.012146178572438658,0
3987,388024,0,100,0.05000316666666671,0.017457144586369395,0
3988,388124,0,100,0.05000316666666671,0.01644907091977075,0
3989,388224,0,100,0.05000316666666671,0.009991626953706145,0
3990,388324,0,100,0.05000316666666671,0.01611649986007251,0
3991,388424,0,100,0.05000316666666671,0.012642887248657643,0
3992,388524,0,100,0.05000316666666671,0.018083586439024656,0
3993,388624,0,100,0.05000316666666671,0.021222653239965437,0
3994,388724,0,100,0.05000316666666671,0.018176805949769913,0
3995,388824,0,100,0.05000316666666671,0.016012818107847125,0
3996,388924,0,100,0.05000316666666671,0.018281844209413974,0
3997,389024,0,100,0.05000316666666671,0.016297688423655927,0
3998,389124,0,100,0.05000316666666671,0.014194156487938016,0
3999,389224,0,100,0.05000316666666671,0.014398458700161426,0
4000,389324,0,100,0.05000316666666671,0.021644666991196573,0
4001,389424,0,100,0.05000316666666671,0.01758462063735351,0
4002,389524,0,100,0.05000316666666671,0.014551154368091375,0
4003,389624,0,100,0.05000316666666671,0.018696279134601354,0
4004,389724,0,100,0.05000316666666671,0.018052253145724534,0
4005,389824,0,100,0.05000316666666671,0.016751908489968628,0
4006,389924,0,100,0.05000316666666671,0.017394807552918792,0
4007,390024,0,100,0.05000316666666671,0.015472407846245914,0
4008,390124,0,100,0.05000316666666671,0.016779828055296094,0
4009,390224,0,100,0.05000316666666671,0.014855440629180521,0
4010,390324,0,100,0.05000316666666671,0.01530201051849872,0
4011,390424,0,100,0.05000316666666671,0.015785051316488535,0
4012,390524,0,100,0.05000316666666671,0.015262410445138812,0
4013,390624,0,100,0.05000316666666671,0.017073812449816615,0
4014,390724,0,100,0.05000316666666671,0.01617389894090593,0
4015,390824,0,100,0.05000316666666671,0.01670849066460505,0
4016,390924,0,100,0.05000316666666671,0.01569104111753404,0
4017,391024,0,100,0.05000316666666671,0.014119722753530368,0
4018,391124,0,100,0.05000316666666671,0.01202139928471297,0
4019,391224,0,100,0.05000316666666671,0.015420923761557787,0
4020,391324,0,100,0.05000316666666671,0.014272446460090578,0
4021,391424,0,100,0.05000316666666671,0.012670091260224581,0
4022,391524,0,100,0.05000316666666671,0.01713678227737546,0
4023,391624,0,100,0.05000316666666671,0.015600099021103233,0
4024,391724,0,100,0.05000316666666671,0.014864802642259747,0
4025,391824,0,100,0.05000316666666671,0.017106332418043168,0
4026,391924,0,100,0.05000316666666671,0.01212064643856138,0
4027,392024,0,100,0.05000316666666671,0.013021886944770814,0
4028,392124,0,100,0.05000316666666671,0.011976124627981335,0
4029,392224,0,100,0.05000316666666671,0.014314525965601206,0
4030,392280,0.4959999999999999,56,0.05000316666666671,0.015466588998346456,1
4031,392380,0,100,0.05000316666666671,0.018863770740572362,0
4032,392480,0,100,0.05000316666666671,0.015066438419744373,0
4033,392580,0,100,0.05000316666666671,0.01039459721185267,0
4034,392680,0,100,0.05000316666666671,0.01604714703047648,0
4035,392780,0,100,0.05000316666666671,0.013853974984958767,0
4036,392880,0,100,0.05000316666666671,0.01621924851089716,0
4037,392980,0,100,0.05000316666666671,0.019411699150223286,0
4038,393080,0,100,0.05000316666666671,0.013127632157411426,0
4039,393180,0,100,0.05000316666666671,0.013476147365290672,0
4040,393280,0,100,0.05000316666666671,0.012714745751582086,0
4041,393380,0,100,0.05000316666666671,0.015335372788831592,0
4042,393480,0,100,0.05000316666666671,0.01626157209277153,0
4043,393580,0,100,0.05000316666666671,0.013449343387037516,0
4044,393680,0,100,0.05000316666666671,0.014928794469451532,0
4045,393780,0,100,0.05000316666666671,0.018406372946919873,0
4046,393880,0,100,0.05000316666666671,0.015912780682556332,0
4047,393980,0,100,0.05000316666666671,0.014484725801739842,0
4048,394080,0,100,0.05000316666666671,0.01889344273135066,0
4049,394180,0,100,0.05000316666666671,0.015757766272872686,0
4050,394280,0,100,0.05000316666666671,0.015122867515310645,0
4051,394380,0,100,0.05000316666666671,0.016837501600384712,0
4052,394480,0,100,0.05000316666666671,0.012184815481305122,0
4053,394580,0,100,0.05000316666666671,0.016520476313307882,0
4054,394680,0,100,0.05000316666666671,0.011455862610600888,0
4055,394780,0,100,0.05000316666666671,0.016930078389123082,0
4056,394880,0,100,0.05000316666666671,0.013129648142494262,0
4057,394980,0,100,0.05000316666666671,0.0143110905517824,0
4058,395080,0,100,0.05000316666666671,0.018258675835095346,0
4059,395180,0,100,0.05000316666666671,0.015898175749462097,0
4060,395280,0,100,0.05000316666666671,0.012830949324415997,0
4061,395380,0,100,0.05000316666666671,0.011950021213851868,0
4062,395399,0.829,19,0.05000316666666671,0.01577807837901147,1
4063,395499,0,100,0.05000316666666671,0.015627644879277796,0
4064,395599,0,100,0.05000316666666671,0.013330182489007712,0
4065,395699,0,100,0.05000316666666671,0.01297330053523183,0
4066,395799,0,100,0.05000316666666671,0.01695168236736208,0
4067,395899,0,100,0.05000316666666671,0.013188094354700298,0
4068,395999,0,100,0.05000316666666671,0.0126371780061163,0
4069,396099,0,100,0.05000316666666671,0.014161273261997849,0
4070,396199,0,100,0.05000316666666671,0.016121315816417337,0
4071,396299,0,100,0.05000316666666671,0.016673262582626195,0
4072,396362,0.43299999999999994,63,0.05000316666666671,0.013763441423338556,1
4073,396462,0,100,0.05000316666666671,0.013994882549159229,0
4074,396562,0,100,0.05000316666666671,0.01618859088048339,0
4075,396662,0,100,0.05000316666666671,0.01783665790921077,0
4076,396762,0,100,0.05000316666666671,0.016955601661466063,0
4077,396862,0,100,0.05000316666666671,0.017154215818736704,0
4078,396962,0,100,0.05000316666666671,0.015509028313681483,0
4079,397062,0,100,0.05000316666666671,0.015575360779184848,0
4080,397162,0,100,0.05000316666666671,0.012724543765652924,0
4081,397262,0,100,0.05000316666666671,0.016468532809522003,0
4082,397362,0,100,0.05000316666666671,0.015338432285934686,0
4083,397462,0,100,0.05000316666666671,0.014771542192902417,0
4084,397562,0,100,0.05000316666666671,0.012716591716744005,0
4085,397662,0,100,0.05000316666666671,0.012209798574913293,0
4086,397762,0,100,0.05000316666666671,0.013397883190773428,0
4087,397862,0,100,0.05000316666666671,0.015981787436176093,0
4088,397962,0,100,0.05000316666666671,0.01745089344214648,0
4089,398062,0,100,0.05000316666666671,0.016927547918166964,0
4090,398162,0,100,0.05000316666666671,0.0186315153632313,0
4091,398262,0,100,0.05000316666666671,0.014273479375988244,0
4092,398362,0,100,0.05000316666666671,0.012144108733627946,0
4093,398462,0,100,0.05000316666666671,0.014084267974831165,0
4094,398562,0,100,0.05000316666666671,0.014617388616316021,0
4095,398662,0,100,0.05000316666666671,0.015869991162326187,0
4096,398762,0,100,0.05000316666666671,0.013526086783967913,0
4097,398862,0,100,0.05000316666666671,0.013363825076958165,0
4098,398962,0,100,0.05000316666666671,0.011430395795032381,0
4099,399062,0,100,0.05000316666666671,0.01304800009354949,0
4100,399162,0,100,0.05000316666666671,0.014366103819338606,0
4101,399262,0,100,0.05000316666666671,0.01427171057322994,0
4102,399362,0,100,0.05000316666666671,0.01570297248661518,0
4103,399462,0,100,0.05000316666666671,0.015783923498820514,0
4104,399562,0,100,0.05000316666666671,0.013536295329686254,0
4105,399662,0,100,0.05000316666666671,0.014982354021631181,0
4106,399762,0,100,0.05000316666666671,0.009820426134392619,0
4107,399862,0,100,0.05000316666666671,0.012218256179476156,0
4108,399962,0,100,0.05000316666666671,0.012249091169796883,0
4109,400062,0,100,0.05000316666666671,0.012879253912251443,0
4110,400162,0,100,0.05000316666666671,0.014310616709990428,0
4111,400262,0,100,0.05000316666666671,0.01240206093294546,0
4112,400293,0.721,31,0.05000316666666671,0.013080532219441186,1
4113,400393,0,100,0.05000316666666671,0.01392163002747111,0
4114,400493,0,100,0.05000316666666671,0.013190505686216056,0
4115,400593,0,100,0.05000316666666671,0.011898751981789246,0
4116,400693,0,100,0.05000316666666671,0.014088235649978742,0
4117,400793,0,100,0.05000316666666671,0.015192386372946202,0
4118,400893,0,100,0.05000316666666671,0.014340697987936437,0
4119,400993,0,100,0.05000316666666671,0.01332358029903844,0
4120,401093,0,100,0.05000316666666671,0.014757856384385377,0
4121,401193,0,100,0.05000316666666671,0.014584469823166728,0
4122,401293,0,100,0.05000316666666671,0.014238345860503614,0
4123,401393,0,100,0.05000316666666671,0.017473428045632317,0
4124,401493,0,100,0.05000316666666671,0.013005639758193865,0
4125,401593,0,100,0.05000316666666671,0.013066861822735518,0
4126,401693,0,100,0.05000316666666671,0.015517991248052566,0
4127,401793,0,100,0.05000316666666671,0.01377147778403014,0
4128,401893,0,100,0.05000316666666671,0.014592053719097749,0
4129,401993,0,100,0.05000316666666671,0.014218004795257002,0
4130,402093,0,100,0.05000316666666671,0.012331067824270577,0
4131,402193,0,100,0.05000316666666671,0.01234909224207513,0
4132,402293,0,100,0.05000316666666671,0.012975803033914417,0
4133,402393,0,100,0.05000316666666671,0.01705660278676078,0
4134,402493,0,100,0.05000316666666671,0.011863890870008617,0
4135,402593,0,100,0.05000316666666671,0.016112641192739828,0
4136,402693,0,100,0.05000316666666671,0.0160042963642627,0
4137,402793,0,100,0.05000316666666671,0.014596307539613917,0
4138,402893,0,100,0.05000316666666671,0.012915454051690176,0
4139,402993,0,100,0.05000316666666671,0.01604801421519369,0
4140,403093,0,100,0.05000316666666671,0.016419007561635227,0
4141,403193,0,100,0.05000316666666671,0.017089563531335443,0
4142,403293,0,100,0.05000316666666671,0.016341229514218868,0
4143,403393,0,100,0.05000316666666671,0.016935960107948633,0
4144,403493,0,100,0.05000316666666671,0.01383784102392383,0
4145,403593,0,100,0.05000316666666671,0.010967505427543075,0
4146,403693,0,100,0.05000316666666671,0.014261717270128428,0
4147,403793,0,100,0.05000316666666671,0.016250566192902625,0
4148,403893,0,100,0.05000316666666671,0.017610730006126687,0
4149,403993,0,100,0.05000316666666671,0.01068983402219601,0
4150,404093,0,100,0.05000316666666671,0.015024432230275124,0
4151,404193,0,100,0.05000316666666671,0.014933704556897283,0
4152,404293,0,100,0.05000316666666671,0.014953916975064202,0
4153,404393,0,100,0.05000316666666671,0.01512587524484843,0
4154,404456,0.43299999999999994,63,0.05000316666666671,0.014757590741658258,1
4155,404556,0,100,0.05000316666666671,0.011890039972495287,0
4156,404656,0,100,0.05000316666666671,0.013356651121284813,0
4157,404756,0,100,0.05000316666666671,0.015971491998061537,0
4158,404856,0,100,0.05000316666666671,0.01707794806919992,0
4159,404956,0,100,0.05000316666666671,0.016009010630659758,0
4160,405056,0,100,0.05000316666666671,0.012871229592710733,0
4161,405156,0,100,0.05000316666666671,0.015292771870736032,0
4162,405256,0,100,0.05000316666666671,0.016582148096058517,0
4163,405356,0,100,0.05000316666666671,0.013539809500798583,0
4164,405456,0,100,0.05000316666666671,0.013319952522870153,0
4165,405556,0,100,0.05000316666666671,0.014278171826153993,0
4166,405656,0,100,0.05000316666666671,0.01468071601120755,0
4167,405756,0,100,0.05000316666666671,0.010663190039340407,0
4168,405856,0,100,0.05000316666666671,0.012083956198766828,0
4169,405887,0.721,31,0.05000316666666671,0.01247696300983549,1
4170,405987,0,100,0.05000316666666671,0.012923617684282362,0
4171,406087,0,100,0.05000316666666671,0.008940279856324196,0
4172,406187,0,100,0.05000316666666671,0.016959531866014003,0
4173,406287,0,100,0.05000316666666671,0.016429928906727582,0
4174,406387,0,100,0.05000316666666671,0.014421017850982026,0
4175,406487,0,100,0.05000316666666671,0.01353128402493894,0
4176,406587,0,100,0.05000316666666671,0.013205106402747333,0
4177,406687,0,100,0.05000316666666671,0.013367576957680285,0
4178,406787,0,100,0.05000316666666671,0.013083444500807673,0
4179,406887,0,100,0.05000316666666671,0.01892814146936871,0
4180,406987,0,100,0.05000316666666671,0.01022914082161151,0
4181,407087,0,100,0.05000316666666671,0.016503562823636457,0
4182,407187,0,100,0.05000316666666671,0.012961762751219795,0
4183,407287,0,100,0.05000316666666671,0.014841276691295207,0
4184,407387,0,100,0.05000316666666671,0.01165747347753495,0
4185,407487,0,100,0.05000316666666671,0.011199963812250644,0
4186,407587,0,100,0.05000316666666671,0.014460783804534003,0
4187,407687,0,100,0.05000316666666671,0.010707214074209333,0
4188,407787,0,100,0.05000316666666671,0.014250674755312503,0
4189,407887,0,100,0.05000316666666671,0.012391954155173152,0
4190,407987,0,100,0.05000316666666671,0.01916551588336006,0
4191,408087,0,100,0.05000316666666671,0.010117394835688173,0
4192,408187,0,100,0.05000316666666671,0.016356430083978923,0
4193,408287,0,100,0.05000316666666671,0.014716031819116324,0
4194,408387,0,100,0.05000316666666671,0.0154025161662139,0
4195,408487,0,100,0.05000316666666671,0.01064040416618809,0
4196,408587,0,100,0.05000316666666671,0.012218856853432953,0
4197,408687,0,100,0.05000316666666671,0.014075318624963983,0
4198,408787,0,100,0.05000316666666671,0.01738886206643656,0
4199,408887,0,100,0.05000316666666671,0.01811044066795148,0
4200,408987,0,100,0.05000316666666671,0.008910190833266824,0
4201,409087,0,100,0.05000316666666671,0.015007979798829183,0
4202,409187,0,100,0.05000316666666671,0.018077776778955012,0
4203,409287,0,100,0.05000316666666671,0.0191609595133923,0
4204,409387,0,100,0.05000316666666671,0.013112859940156341,0
4205,409487,0,100,0.05000316666666671,0.01786076799267903,0
4206,409587,0,100,0.05000316666666671,0.015456779297674075,0
4207,409687,0,100,0.05000316666666671,0.01455349023337476,0
4208,409787,0,100,0.05000316666666671,0.012400981087703258,0
4209,409887,0,100,0.05000316666666671,0.015263217947212979,0
4210,409987,0,100,0.05000316666666671,0.01577919869683683,0
4211,410087,0,100,0.05000316666666671,0.015471841646358371,0
4212,410187,0,100,0.05000316666666671,0.015179575977381319,0
4213,410287,0,100,0.05000316666666671,0.012396726922597736,0
4214,410387,0,100,0.05000316666666671,0.011812882005469873,0
4215,410487,0,100,0.05000316666666671,0.01827358568320051,0
4216,410587,0,100,0.05000316666666671,0.01497228667838499,0
4217,410687,0,100,0.05000316666666671,0.016862441123230383,0
4218,410787,0,100,0.05000316666666671,0.012937675239518285,0
4219,410887,0,100,0.05000316666666671,0.012520733133424073,0
4220,410987,0,100,0.05000316666666671,0.010010988117428496,0
4221,411087,0,100,0.05000316666666671,0.016242545107379557,0
4222,411187,0,100,0.05000316666666671,0.01608738295733929,0
4223,411287,0,100,0.05000316666666671,0.012020145177375525,0
4224,411387,0,100,0.05000316666666671,0.014209103813627735,0
4225,411487,0,100,0.05000316666666671,0.0148731542553287,0
4226,411587,0,100,0.05000316666666671,0.01288380874088034,0
4227,411687,0,100,0.05000316666666671,0.014337264669593423,0
4228,411787,0,100,0.05000316666666671,0.01712129956111312,0
4229,411887,0,100,0.05000316666666671,0.011394886977504938,0
4230,411987,0,100,0.05000316666666671,0.016300237495452164,0
4231,412087,0,100,0.05000316666666671,0.015219897734932602,0
4232,412187,0,100,0.05000316666666671,0.012863023329991848,0
4233,412287,0,100,0.05000316666666671,0.015604948790278286,0
4234,412387,0,100,0.05000316666666671,0.014357063588686287,0
4235,412487,0,100,0.05000316666666671,0.013165919443126768,0
4236,412587,0,100,0.05000316666666671,0.013782932884059846,0
4237,412687,0,100,0.05000316666666671,0.017025157234165818,0
4238,412787,0,100,0.05000316666666671,0.012169177285395563,0
4239,412887,0,100,0.05000316666666671,0.012285620500333607,0
4240,412987,0,100,0.05000316666666671,0.012943171873339453,0
4241,413087,0,100,0.05000316666666671,0.0154025890736375,0
4242,413187,0,100,0.05000316666666671,0.016820097791496666,0
4243,413287,0,100,0.05000316666666671,0.018521174900233747,0
4244,413387,0,100,0.05000316666666671,0.012956821348052473,0
4245,413487,0,100,0.05000316666666671,0.015298134742770343,0
4246,413587,0,100,0.05000316666666671,0.011766318804584444,0
4247,413687,0,100,0.05000316666666671,0.01285069652250968,0
4248,413787,0,100,0.05000316666666671,0.013540627552429215,0
4249,413887,0,100,0.05000316666666671,0.01698891932144761,0
4250,413987,0,100,0.05000316666666671,0.016646851035766304,0
4251,414087,0,100,0.05000316666666671,0.01423814265523106,0
4252,414187,0,100,0.05000316666666671,0.010542983185732737,0
4253,414287,0,100,0.05000316666666671,0.014409563918597997,0
4254,414387,0,100,0.05000316666666671,0.01589590608025901,0
4255,414487,0,100,0.05000316666666671,0.013421293969731778,0
4256,414587,0,100,0.05000316666666671,0.016666204486973583,0
4257,414687,0,100,0.05000316666666671,0.016054986570961775,0
4258,414787,0,100,0.05000316666666671,0.013752450477331877,0
4259,414887,0,100,0.05000316666666671,0.011758030478376895,0
4260,414987,0,100,0.05000316666666671,0.016512344777584075,0
4261,415087,0,100,0.05000316666666671,0.016245274173561485,0
4262,415187,0,100,0.05000316666666671,0.013800636711530388,0
4263,415287,0,100,0.05000316666666671,0.017281302665360272,0
4264,415387,0,100,0.05000316666666671,0.016794400671496987,0
4265,415487,0,100,0.05000316666666671,0.012249756075907498,0
4266,415587,0,100,0.05000316666666671,0.017545033635105938,0
4267,415687,0,100,0.05000316666666671,0.016250406126491725,0
4268,415787,0,100,0.05000316666666671,0.00956738049047999,0
4269,415887,0,100,0.05000316666666671,0.012104057196993381,0
4270,415987,0,100,0.05000316666666671,0.01545449175289832,0
4271,416087,0,100,0.05000316666666671,0.014493773311842232,0
4272,416187,0,100,0.05000316666666671,0.015906506394967438,0
4273,416287,0,100,0.05000316666666671,0.0153617576463148,0
4274,416387,0,100,0.05000316666666671,0.016123750326223672,0
4275,416487,0,100,0.05000316666666671,0.015318636030424387,0
4276,416587,0,100,0.05000316666666671,0.012237159488722681,0
4277,416687,0,100,0.05000316666666671,0.016403137316228823,0
4278,416787,0,100,0.05000316666666671,0.014310280695790425,0
4279,416887,0,100,0.05000316666666671,0.01860568733420223,0
4280,416987,0,100,0.05000316666666671,0.01113170777563937,0
4281,417087,0,100,0.05000316666666671,0.0150808513793163,0
4282,417187,0,100,0.05000316666666671,0.017723911555949597,0
4283,417287,0,100,0.05000316666666671,0.013154730941168964,0
4284,417387,0,100,0.05000316666666671,0.014208540294785053,0
4285,417487,0,100,0.05000316666666671,0.016775661159772425,0
4286,417587,0,100,0.05000316666666671,0.013403890235349537,0
4287,417687,0,100,0.05000316666666671,0.013816596930846572,0
4288,417787,0,100,0.05000316666666671,0.016480000326409935,0
4289,417887,0,100,0.05000316666666671,0.014196659361477942,0
4290,417987,0,100,0.05000316666666671,0.0117103273619432,0
4291,418087,0,100,0.05000316666666671,0.012505492488853633,0
4292,418187,0,100,0.05000316666666671,0.01064244874054566,0
4293,418287,0,100,0.05000316666666671,0.014428019034676253,0
4294,418387,0,100,0.05000316666666671,0.013145791370188818,0
4295,418487,0,100,0.05000316666666671,0.01972212377935648,0
4296,418587,0,100,0.05000316666666671,0.016871796594932674,0
4297,418687,0,100,0.05000316666666671,0.011603033924475313,0
4298,418787,0,100,0.05000316666666671,0.016173850272316485,0
4299,418887,0,100,0.05000316666666671,0.015574021529173478,0
4300,418987,0,100,0.05000316666666671,0.011634099687216803,0
4301,419087,0,100,0.05000316666666671,0.014606854615267366,0
4302,419187,0,100,0.05000316666666671,0.014141474780626596,0
4303,419287,0,100,0.05000316666666671,0.011740847564069554,0
4304,419387,0,100,0.05000316666666671,0.014624344888143242,0
4305,419487,0,100,0.05000316666666671,0.012195905135013164,0
4306,419587,0,100,0.05000316666666671,0.011337073436006904,0
4307,419687,0,100,0.05000316666666671,0.014501147523988038,0
4308,419787,0,100,0.05000316666666671,0.015505254175513983,0
4309,419887,0,100,0.05000316666666671,0.010592699111439287,0
4310,419987,0,100,0.05000316666666671,0.012629427233478055,0
4311,420006,0.829,19,0.05000316666666671,0.0153508358267381,1
4312,420106,0,100,0.05000316666666671,0.011234904199372977,0
4313,420206,0,100,0.05000316666666671,0.012170751702506095,0
4314,420306,0,100,0.05000316666666671,0.013500561406835913,0
4315,420406,0,100,0.05000316666666671,0.01562996440567076,0
4316,420506,0,100,0.05000316666666671,0.008795279675396159,0
4317,420606,0,100,0.05000316666666671,0.012643578306306153,0
4318,420706,0,100,0.05000316666666671,0.01513709704275243,0
4319,420806,0,100,0.05000316666666671,0.01586933632614091,0
4320,420906,0,100,0.05000316666666671,0.014674378263298421,0
4321,421006,0,100,0.05000316666666671,0.01752261267974973,0
4322,421106,0,100,0.05000316666666671,0.014461319013498723,0
4323,421206,0,100,0.05000316666666671,0.011803533171769232,0
4324,421306,0,100,0.05000316666666671,0.014680529478937387,0
4325,421406,0,100,0.05000316666666671,0.012863414641469718,0
4326,421506,0,100,0.05000316666666671,0.011342041990719736,0
4327,421606,0,100,0.05000316666666671,0.01361043625511229,0
4328,421706,0,100,0.05000316666666671,0.014461190281435847,0
4329,421806,0,100,0.05000316666666671,0.01728890186874196,0
4330,421906,0,100,0.05000316666666671,0.012848387151025235,0
4331,422006,0,100,0.05000316666666671,0.012972862956812605,0
4332,422106,0,100,0.05000316666666671,0.020507562095299362,0
4333,422206,0,100,0.05000316666666671,0.014432182422606275,0
4334,422306,0,100,0.05000316666666671,0.013429178823716938,0
4335,422406,0,100,0.05000316666666671,0.015184644400142134,0
4336,422506,0,100,0.05000316666666671,0.015322396357078105,0
4337,422606,0,100,0.05000316666666671,0.011143437940627337,0
4338,422706,0,100,0.05000316666666671,0.013274986713659018,0
4339,422806,0,100,0.05000316666666671,0.015692389102187006,0
4340,422906,0,100,0.05000316666666671,0.015455750182736665,0
4341,423006,0,100,0.05000316666666671,0.01281873780535534,0
4342,423106,0,100,0.05000316666666671,0.014788160233292729,0
4343,423206,0,100,0.05000316666666671,0.019158639991655946,0
4344,423306,0,100,0.05000316666666671,0.016110572826582938,0
4345,423406,0,100,0.05000316666666671,0.01513367454521358,0
4346,423506,0,100,0.05000316666666671,0.014168924395926296,0
4347,423606,0,100,0.05000316666666671,0.014777638153173029,0
4348,423706,0,100,0.05000316666666671,0.014797410441096871,0
4349,423806,0,100,0.05000316666666671,0.01148115623393096,0
4350,423906,0,100,0.05000316666666671,0.01685926125966944,0
4351,424006,0,100,0.05000316666666671,0.01347058393759653,0
4352,424106,0,100,0.05000316666666671,0.014809768984559924,0
4353,424206,0,100,0.05000316666666671,0.013379933694377542,0
4354,424306,0,100,0.05000316666666671,0.011422582685481757,0
4355,424406,0,100,0.05000316666666671,0.013070092690177261,0
4356,424506,0,100,0.05000316666666671,0.014368500909768045,0
4357,424606,0,100,0.05000316666666671,0.015277882933150976,0
4358,424706,0,100,0.05000316666666671,0.014741924859117716,0
4359,424806,0,100,0.05000316666666671,0.015096160981338471,0
4360,424906,0,100,0.05000316666666671,0.012257782159140333,0
4361,425006,0,100,0.05000316666666671,0.012714030494680627,0
4362,425106,0,100,0.05000316666666671,0.013347655227407813,0
4363,425206,0,100,0.05000316666666671,0.013872475053649396,0
4364,425306,0,100,0.05000316666666671,0.010787078328430653,0
4365,425406,0,100,0.05000316666666671,0.016465804134495558,0
4366,425506,0,100,0.05000316666666671,0.014786938845645636,0
4367,425606,0,100,0.05000316666666671,0.013533225236460566,0
4368,425706,0,100,0.05000316666666671,0.010805212503764778,0
4369,425806,0,100,0.05000316666666671,0.014644899441627786,0
4370,425906,0,100,0.05000316666666671,0.014337235622806475,0
4371,426006,0,100,0.05000316666666671,0.011931376603897662,0
4372,426106,0,100,0.05000316666666671,0.016488809972070157,0
4373,426206,0,100,0.05000316666666671,0.015470227389596403,0
4374,426306,0,100,0.05000316666666671,0.012945599793456495,0
4375,426406,0,100,0.05000316666666671,0.011135767188388854,0
4376,426506,0,100,0.05000316666666671,0.01787183593958616,0
4377,426606,0,100,0.05000316666666671,0.01164940234972164,0
4378,426706,0,100,0.05000316666666671,0.016220120531506836,0
4379,426806,0,100,0.05000316666666671,0.013117504997644573,0
4380,426906,0,100,0.05000316666666671,0.016128393621183932,0
4381,427006,0,100,0.05000316666666671,0.013890903054270893,0
4382,427106,0,100,0.05000316666666671,0.011019957297248766,0
4383,427206,0,100,0.05000316666666671,0.014855849905870855,0
4384,427306,0,100,0.05000316666666671,0.010512238156516106,0
4385,427406,0,100,0.05000316666666671,0.01352870233822614,0
4386,427506,0,100,0.05000316666666671,0.013455850929021835,0
4387,427606,0,100,0.05000316666666671,0.016496699487324806,0
4388,427706,0,100,0.05000316666666671,0.014095640026498586,0
4389,427806,0,100,0.05000316666666671,0.011499568325234577,0
4390,427906,0,100,0.05000316666666671,0.009484620096627623,0
4391,428006,0,100,0.05000316666666671,0.013622448805253953,0
4392,428106,0,100,0.05000316666666671,0.017498565355781467,0
4393,428206,0,100,0.05000316666666671,0.016500022276304663,0
4394,428306,0,100,0.05000316666666671,0.01244437225162983,0
4395,428406,0,100,0.05000316666666671,0.01761024132370949,0
4396,428506,0,100,0.05000316666666671,0.01816081949742511,0
4397,428606,0,100,0.05000316666666671,0.013918896612012758,0
4398,428706,0,100,0.05000316666666671,0.01705713205039501,0
4399,428806,0,100,0.05000316666666671,0.010306304472032934,0
4400,428906,0,100,0.05000316666666671,0.012655706827063113,0
4401,429006,0,100,0.05000316666666671,0.012273924546316267,0
4402,429106,0,100,0.05000316666666671,0.01654365150257945,0
4403,429206,0,100,0.05000316666666671,0.011360687465639785,0
4404,429306,0,100,0.05000316666666671,0.014416506770066917,0
4405,429406,0,100,0.05000316666666671,0.010613406392512842,0
4406,429506,0,100,0.05000316666666671,0.011427859548712149,0
4407,429606,0,100,0.05000316666666671,0.01762190239271149,0
4408,429706,0,100,0.05000316666666671,0.011149501904146746,0
4409,429806,0,100,0.05000316666666671,0.014318779499735684,0
4410,429906,0,100,0.05000316666666671,0.014077457771636546,0
4411,430006,0,100,0.05000316666666671,0.013292360336054116,0
4412,430106,0,100,0.05000316666666671,0.016971530104056002,0
4413,430206,0,100,0.05000316666666671,0.01424104301026091,0
4414,430306,0,100,0.05000316666666671,0.015087491469457745,0
4415,430406,0,100,0.05000316666666671,0.012101055382518098,0
4416,430506,0,100,0.05000316666666671,0.017727193443570287,0
4417,430606,0,100,0.05000316666666671,0.014748400661628693,0
4418,430706,0,100,0.05000316666666671,0.010589223226998002,0
4419,430806,0,100,0.05000316666666671,0.011293572252616286,0
4420,430906,0,100,0.05000316666666671,0.011035637701861561,0
4421,431006,0,100,0.05000316666666671,0.012217838320648298,0
4422,431106,0,100,0.05000316666666671,0.01586813176400028,0
4423,431206,0,100,0.05000316666666671,0.011961416900157928,0
4424,431306,0,100,0.05000316666666671,0.01401195659302175,0
4425,431406,0,100,0.05000316666666671,0.014962784900562838,0
4426,431506,0,100,0.05000316666666671,0.013516591263469309,0
4427,431606,0,100,0.05000316666666671,0.011528751228470356,0
4428,431706,0,100,0.05000316666666671,0.013818536442704499,0
4429,431806,0,100,0.05000316666666671,0.01093928426504135,0
4430,431906,0,100,0.05000316666666671,0.016747073880396784,0
4431,432006,0,100,0.05000316666666671,0.012970784686040134,0
4432,432106,0,100,0.05000316666666671,0.015399207454174757,0
4433,432206,0,100,0.05000316666666671,0.010431477052625268,0
4434,432306,0,100,0.05000316666666671,0.011749146096408368,0
4435,432406,0,100,0.05000316666666671,0.010261605411069468,0
4436,432506,0,100,0.05000316666666671,0.01252036061603576,0
4437,432606,0,100,0.05000316666666671,0.01567532331799157,0
4438,432706,0,100,0.05000316666666671,0.01466357269557193,0
4439,432806,0,100,0.05000316666666671,0.016514103573281317,0
4440,432906,0,100,0.05000316666666671,0.01318144693505019,0
4441,433006,0,100,0.05000316666666671,0.014386214441619813,0
4442,433106,0,100,0.05000316666666671,0.016440912219695746,0
4443,433206,0,100,0.05000316666666671,0.014619521149434149,0
4444,433306,0,100,0.05000316666666671,0.01189596762880683,0
4445,433406,0,100,0.05000316666666671,0.013664257663767785,0
4446,433506,0,100,0.05000316666666671,0.01524753772187978,0
4447,433606,0,100,0.05000316666666671,0.009408818267984316,0
4448,433706,0,100,0.05000316666666671,0.0149761724146083,0
4449,433806,0,100,0.05000316666666671,0.012579762982204557,0
4450,433906,0,100,0.05000316666666671,0.014940331880934537,0
4451,434006,0,100,0.05000316666666671,0.013953356052516028,0
4452,434106,0,100,0.05000316666666671,0.014325235068099573,0
4453,434206,0,100,0.05000316666666671,0.012138087762286887,0
4454,434306,0,100,0.05000316666666671,0.00935386866563931,0
4455,434406,0,100,0.05000316666666671,0.012739851269870997,0
4456,434506,0,100,0.05000316666666671,0.013962418660521508,0
4457,434606,0,100,0.05000316666666671,0.014653857777593657,0
4458,434706,0,100,0.05000316666666671,0.013733296860009432,0
4459,434806,0,100,0.05000316666666671,0.011134179062210023,0
4460,434906,0,100,0.05000316666666671,0.014517287113703788,0
4461,435006,0,100,0.05000316666666671,0.016354789183242246,0
4462,435106,0,100,0.05000316666666671,0.01429789419635199,0
4463,435206,0,100,0.05000316666666671,0.012214383648242802,0
4464,435306,0,100,0.05000316666666671,0.010358633396681399,0
4465,435406,0,100,0.05000316666666671,0.013054687402909621,0
4466,435506,0,100,0.05000316666666671,0.015008273207349702,0
4467,435606,0,100,0.05000316666666671,0.011262095677666365,0
4468,435706,0,100,0.05000316666666671,0.01311562948860228,0
4469,435806,0,100,0.05000316666666671,0.011748792817816139,0
4470,435906,0,100,0.05000316666666671,0.013795162794413045,0
4471,436006,0,100,0.05000316666666671,0.013170561394654215,0
4472,436106,0,100,0.05000316666666671,0.011547467017080634,0
4473,436206,0,100,0.05000316666666671,0.013389832593966276,0
4474,436306,0,100,0.05000316666666671,0.010506294284714385,0
4475,436406,0,100,0.05000316666666671,0.012806721276137977,0
4476,436506,0,100,0.05000316666666671,0.011980497380718588,0
4477,436606,0,100,0.05000316666666671,0.013158172118710353,0
4478,436706,0,100,0.05000316666666671,0.013213429900351912,0
4479,436806,0,100,0.05000316666666671,0.011223203792469575,0
4480,436906,0,100,0.05000316666666671,0.01616222004406154,0
4481,437006,0,100,0.05000316666666671,0.01699218911584467,0
4482,437106,0,100,0.05000316666666671,0.015129946323577314,0
4483,437206,0,100,0.05000316666666671,0.011548909379635007,0
4484,437306,0,100,0.05000316666666671,0.013621394210495054,0
4485,437406,0,100,0.05000316666666671,0.01686559332534671,0
4486,437506,0,100,0.05000316666666671,0.015447298099752515,0
4487,437606,0,100,0.05000316666666671,0.015042021831031888,0
4488,437706,0,100,0.05000316666666671,0.01772367887897417,0
4489,437806,0,100,0.05000316666666671,0.01187594432150945,0
4490,437906,0,100,0.05000316666666671,0.012509328527376056,0
4491,438006,0,100,0.05000316666666671,0.015529595982516185,0
4492,438106,0,100,0.05000316666666671,0.015207231715321541,0
4493,438206,0,100,0.05000316666666671,0.01394290363881737,0
4494,438306,0,100,0.05000316666666671,0.011561972966883332,0
4495,438406,0,100,0.05000316666666671,0.013956602883990855,0
4496,438506,0,100,0.05000316666666671,0.01713105529313907,0
4497,438606,0,100,0.05000316666666671,0.012148357874248178,0
4498,438706,0,100,0.05000316666666671,0.013919984460808337,0
4499,438806,0,100,0.05000316666666671,0.01517066257307306,0
4500,438906,0,100,0.05000316666666671,0.011438248895574361,0
4501,439006,0,100,0.05000316666666671,0.014412954441504554,0
4502,439106,0,100,0.05000316666666671,0.012931244950741529,0
4503,439206,0,100,0.05000316666666671,0.013466142895631493,0
4504,439306,0,100,0.05000316666666671,0.014781107379822061,0
4505,439406,0,100,0.05000316666666671,0.013001129038166255,0
4506,439506,0,100,0.05000316666666671,0.014260371810523793,0
4507,439606,0,100,0.05000316666666671,0.013238298560027032,0
4508,439706,0,100,0.05000316666666671,0.010236409720964729,0
4509,439806,0,100,0.05000316666666671,0.012875294429250062,0
4510,439906,0,100,0.05000316666666671,0.014577677929773927,0
4511,440006,0,100,0.05000316666666671,0.014899114503059536,0
4512,440106,0,100,0.05000316666666671,0.014733209959231316,0
4513,440206,0,100,0.05000316666666671,0.01297689990606159,0
4514,440306,0,100,0.05000316666666671,0.015150173376314342,0
4515,440406,0,100,0.05000316666666671,0.011588904068339616,0
4516,440506,0,100,0.05000316666666671,0.012550063714152203,0
4517,440606,0,100,0.05000316666666671,0.015476624220609666,0
4518,440706,0,100,0.05000316666666671,0.015586103294044733,0
4519,440806,0,100,0.05000316666666671,0.0157111288968008,0
4520,440906,0,100,0.05000316666666671,0.011360827990574762,0
4521,441006,0,100,0.05000316666666671,0.012711781337857246,0
4522,441106,0,100,0.05000316666666671,0.012749954729806633,0
4523,441206,0,100,0.05000316666666671,0.01320443010656163,0
4524,441306,0,100,0.05000316666666671,0.016063711928436534,0
4525,441406,0,100,0.05000316666666671,0.012517163773300127,0
4526,441506,0,100,0.05000316666666671,0.013811065248446538,0
4527,441606,0,100,0.05000316666666671,0.011333952927961945,0
4528,441706,0,100,0.05000316666666671,0.01153977487469092,0
4529,441806,0,100,0.05000316666666671,0.014787780885817482,0
4530,441906,0,100,0.05000316666666671,0.012835204263683408,0
4531,442006,0,100,0.05000316666666671,0.012175387295428663,0
4532,442106,0,100,0.05000316666666671,0.012431745112407952,0
4533,442206,0,100,0.05000316666666671,0.01254070833325386,0
4534,442306,0,100,0.05000316666666671,0.0091130135639105,0
4535,442406,0,100,0.05000316666666671,0.010977081846212967,0
4536,442506,0,100,0.05000316666666671,0.014008849014062434,0
4537,442606,0,100,0.05000316666666671,0.011262263937387615,0
4538,442706,0,100,0.05000316666666671,0.011564886167179792,0
4539,442806,0,100,0.05000316666666671,0.013550757496850564,0
4540,442906,0,100,0.05000316666666671,0.014400328025221825,0
4541,443006,0,100,0.05000316666666671,0.010691682104952633,0
4542,443106,0,100,0.05000316666666671,0.01287217907840386,0
4543,443206,0,100,0.05000316666666671,0.013004850528668612,0
4544,443306,0,100,0.05000316666666671,0.014060549561399967,0
4545,443406,0,100,0.05000316666666671,0.01569812551839277,0
4546,443506,0,100,0.05000316666666671,0.01127483181655407,0
4547,443606,0,100,0.05000316666666671,0.014349537992384285,0
4548,443706,0,100,0.05000316666666671,0.014639524009544403,0
4549,443806,0,100,0.05000316666666671,0.01747064441209659,0
4550,443906,0,100,0.05000316666666671,0.012571104742819443,0
4551,444006,0,100,0.05000316666666671,0.015073580199386925,0
4552,444106,0,100,0.05000316666666671,0.011765010952949524,0
4553,444206,0,100,0.05000316666666671,0.015804875234607607,0
4554,444306,0,100,0.05000316666666671,0.017527804381679744,0
4555,444406,0,100,0.05000316666666671,0.01357304950710386,0
4556,444506,0,100,0.05000316666666671,0.011188602063339204,0
4557,444606,0,100,0.05000316666666671,0.013670780443353578,0
4558,444706,0,100,0.05000316666666671,0.013917405890533701,0
4559,444806,0,100,0.05000316666666671,0.014923273473978043,0
4560,444906,0,100,0.05000316666666671,0.01466116807423532,0
4561,445006,0,100,0.05000316666666671,0.013345719049684703,0
4562,445106,0,100,0.05000316666666671,0.016011220801156013,0
4563,445206,0,100,0.05000316666666671,0.008279962977394462,0
4564,445267,0.45099999999999996,61,0.05000316666666671,0.020407082776340547,1
4565,445367,0,100,0.05000316666666671,0.016820942440535874,0
4566,445467,0,100,0.05000316666666671,0.010033187582157552,0
4567,445567,0,100,0.05000316666666671,0.017165253390558063,0
4568,445667,0,100,0.05000316666666671,0.01007758648134768,0
4569,445767,0,100,0.05000316666666671,0.011844781381078064,0
4570,445867,0,100,0.05000316666666671,0.013681883367244154,0
4571,445967,0,100,0.05000316666666671,0.013775261763948948,0
4572,446067,0,100,0.05000316666666671,0.0146873240894638,0
4573,446167,0,100,0.05000316666666671,0.01247699371422641,0
4574,446267,0,100,0.05000316666666671,0.015369351753033698,0
4575,446367,0,100,0.05000316666666671,0.01305745136225596,0
4576,446467,0,100,0.05000316666666671,0.010818067516665905,0
4577,446567,0,100,0.05000316666666671,0.011277228347025811,0
4578,446667,0,100,0.05000316666666671,0.01601432031951845,0
4579,446767,0,100,0.05000316666666671,0.012940867729485035,0
4580,446867,0,100,0.05000316666666671,0.011607359810732305,0
4581,446967,0,100,0.05000316666666671,0.010760650568408891,0
4582,447067,0,100,0.05000316666666671,0.01689175914507359,0
4583,447167,0,100,0.05000316666666671,0.012418432547710835,0
4584,447267,0,100,0.05000316666666671,0.01226070057367906,0
4585,447367,0,100,0.05000316666666671,0.015467951449099928,0
4586,447467,0,100,0.05000316666666671,0.01514123109751381,0
4587,447567,0,100,0.05000316666666671,0.01283654999686405,0
4588,447667,0,100,0.05000316666666671,0.0163981495576445,0
4589,447767,0,100,0.05000316666666671,0.016676527929957954,0
4590,447867,0,100,0.05000316666666671,0.014236746252281591,0
4591,447967,0,100,0.05000316666666671,0.014311911463737488,0
4592,448067,0,100,0.05000316666666671,0.014490826951805503,0
4593,448167,0,100,0.05000316666666671,0.011398722501471639,0
4594,448267,0,100,0.05000316666666671,0.014963822084246204,0
4595,448367,0,100,0.05000316666666671,0.011927153805736453,0
4596,448467,0,100,0.05000316666666671,0.01492695503635332,0
4597,448567,0,100,0.05000316666666671,0.01480434142285958,0
4598,448667,0,100,0.05000316666666671,0.014403427914949134,0
4599,448767,0,100,0.05000316666666671,0.015717512824339794,0
4600,448867,0,100,0.05000316666666671,0.011663168002851308,0
4601,448967,0,100,0.05000316666666671,0.01624490780523047,0
4602,449067,0,100,0.05000316666666671,0.017057202972937377,0
4603,449167,0,100,0.05000316666666671,0.014943803645437584,0
4604,449267,0,100,0.05000316666666671,0.013158386362483725,0
4605,449367,0,100,0.05000316666666671,0.013848156009335071,0
4606,449467,0,100,0.05000316666666671,0.01407228149473667,0
4607,449567,0,100,0.05000316666666671,0.01311186423059553,0
4608,449667,0,100,0.05000316666666671,0.012625586172798648,0
4609,449767,0,100,0.05000316666666671,0.013390068605076522,0
4610,449867,0,100,0.05000316666666671,0.01241778893629089,0
4611,449967,0,100,0.05000316666666671,0.014829434133134782,0
4612,450067,0,100,0.05000316666666671,0.014254674625117331,0
4613,450167,0,100,0.05000316666666671,0.013016518983058632,0
4614,450267,0,100,0.05000316666666671,0.011986626647412776,0
4615,450367,0,100,0.05000316666666671,0.013867813718970865,0
4616,450467,0,100,0.05000316666666671,0.010132018252043053,0
4617,450567,0,100,0.05000316666666671,0.01253869378939271,0
4618,450667,0,100,0.05000316666666671,0.017621944658458233,0
4619,450767,0,100,0.05000316666666671,0.014040762723889202,0
4620,450867,0,100,0.05000316666666671,0.01505260870559141,0
4621,450967,0,100,0.05000316666666671,0.012432803737465293,0
4622,451067,0,100,0.05000316666666671,0.017798547522397713,0
4623,451167,0,100,0.05000316666666671,0.012923923961352557,0
4624,451267,0,100,0.05000316666666671,0.019445625410880893,0
4625,451367,0,100,0.05000316666666671,0.01442025812342763,0
4626,451467,0,100,0.05000316666666671,0.015082800225354732,0
4627,451567,0,100,0.05000316666666671,0.012789895232999697,0
4628,451667,0,100,0.05000316666666671,0.015508088752394542,0
4629,451767,0,100,0.05000316666666671,0.01679500746075064,0
4630,451867,0,100,0.05000316666666671,0.013823453352088108,0
4631,451967,0,100,0.05000316666666671,0.013794273057719693,0
4632,452067,0,100,0.05000316666666671,0.013201734165195376,0
4633,452167,0,100,0.05000316666666671,0.01770001431694254,0
4634,452267,0,100,0.05000316666666671,0.014707535698544234,0
4635,452367,0,100,0.05000316666666671,0.01727057317038998,0
4636,452467,0,100,0.05000316666666671,0.012854106512386353,0
4637,452567,0,100,0.05000316666666671,0.011060403495794163,0
4638,452667,0,100,0.05000316666666671,0.013065314558334649,0
4639,452767,0,100,0.05000316666666671,0.015483341023791581,0
4640,452867,0,100,0.05000316666666671,0.01250078339711763,0
4641,452967,0,100,0.05000316666666671,0.013269758212845772,0
4642,453067,0,100,0.05000316666666671,0.01585398490773514,0
4643,453167,0,100,0.05000316666666671,0.015449798358604312,0
4644,453267,0,100,0.05000316666666671,0.016292192256078124,0
4645,453367,0,100,0.05000316666666671,0.012355743239168078,0
4646,453467,0,100,0.05000316666666671,0.011704027351224795,0
4647,453567,0,100,0.05000316666666671,0.01620208129286766,0
4648,453667,0,100,0.05000316666666671,0.01789678221102804,0
4649,453767,0,100,0.05000316666666671,0.011055045529501513,0
4650,453867,0,100,0.05000316666666671,0.016783324766438453,0
4651,453967,0,100,0.05000316666666671,0.013750776469241827,0
4652,454067,0,100,0.05000316666666671,0.01624869973398745,0
4653,454167,0,100,0.05000316666666671,0.0151989108719863,0
4654,454267,0,100,0.05000316666666671,0.015300751107279211,0
4655,454367,0,100,0.05000316666666671,0.01714433722314425,0
4656,454467,0,100,0.05000316666666671,0.01777453047223389,0
4657,454567,0,100,0.05000316666666671,0.012844209517352283,0
4658,454667,0,100,0.05000316666666671,0.01602874130010605,0
4659,454767,0,100,0.05000316666666671,0.011677659265697003,0
4660,454867,0,100,0.05000316666666671,0.01052184622734785,0
4661,454967,0,100,0.05000316666666671,0.012991357874125243,0
4662,455067,0,100,0.05000316666666671,0.01502763205440715,0
4663,455167,0,100,0.05000316666666671,0.014705535653047264,0
4664,455267,0,100,0.05000316666666671,0.01542741440469399,0
4665,455367,0,100,0.05000316666666671,0.012613549241796135,0
4666,455467,0,100,0.05000316666666671,0.021670910553075372,0
4667,455567,0,100,0.05000316666666671,0.01332937164697796,0
4668,455667,0,100,0.05000316666666671,0.012439263246487826,0
4669,455767,0,100,0.05000316666666671,0.013351417165249586,0
4670,455867,0,100,0.05000316666666671,0.020834321937290953,0
4671,455967,0,100,0.05000316666666671,0.014053300507366657,0
4672,456067,0,100,0.05000316666666671,0.013313923859968782,0
4673,456167,0,100,0.05000316666666671,0.012421194349881261,0
4674,456267,0,100,0.05000316666666671,0.011532528367824852,0
4675,456367,0,100,0.05000316666666671,0.01426751000341028,0
4676,456467,0,100,0.05000316666666671,0.014187791326548904,0
4677,456567,0,100,0.05000316666666671,0.010867707314901054,0
4678,456667,0,100,0.05000316666666671,0.012241682900348678,0
4679,456767,0,100,0.05000316666666671,0.011523619601503015,0
4680,456867,0,100,0.05000316666666671,0.011224678384605795,0
4681,456967,0,100,0.05000316666666671,0.015452851168811321,0
4682,457067,0,100,0.05000316666666671,0.019540614837314934,0
4683,457167,0,100,0.05000316666666671,0.015279582010116428,0
4684,457267,0,100,0.05000316666666671,0.012751564116915687,0
4685,457367,0,100,0.05000316666666671,0.012565384643385186,0
4686,457467,0,100,0.05000316666666671,0.013895801437320188,0
4687,457567,0,100,0.05000316666666671,0.016369632901623844,0
4688,457667,0,100,0.05000316666666671,0.012312639455776661,0
4689,457767,0,100,0.05000316666666671,0.01553423136472702,0
4690,457867,0,100,0.05000316666666671,0.01612626382848248,0
4691,457967,0,100,0.05000316666666671,0.008970583360642194,0
4692,458067,0,100,0.05000316666666671,0.01268908264581114,0
4693,458167,0,100,0.05000316666666671,0.014407737287692726,0
4694,458267,0,100,0.05000316666666671,0.014103568021673708,0
4695,458367,0,100,0.05000316666666671,0.013038378169294446,0
4696,458467,0,100,0.05000316666666671,0.013064758328255266,0
4697,458567,0,100,0.05000316666666671,0.014711225169012323,0
4698,458636,0.379,69,0.05000316666666671,0.016072532661475132,1
4699,458736,0,100,0.05000316666666671,0.013117682833690197,0
4700,458836,0,100,0.05000316666666671,0.015427408372052014,0
4701,458936,0,100,0.05000316666666671,0.01293210505042225,0
4702,459036,0,100,0.05000316666666671,0.01671232077293098,0
4703,459136,0,100,0.05000316666666671,0.01618699267040938,0
4704,459236,0,100,0.05000316666666671,0.017957028821110724,0
4705,459336,0,100,0.05000316666666671,0.014907141770236195,0
4706,459436,0,100,0.05000316666666671,0.018498549812939018,0
4707,459536,0,100,0.05000316666666671,0.016188667085953058,0
4708,459636,0,100,0.05000316666666671,0.01683421614696272,0
4709,459736,0,100,0.05000316666666671,0.01686550390906632,0
4710,459836,0,100,0.05000316666666671,0.015040206739213318,0
4711,459936,0,100,0.05000316666666671,0.013948643817566336,0
4712,460036,0,100,0.05000316666666671,0.015567855502013117,0
4713,460136,0,100,0.05000316666666671,0.01508246827404946,0
4714,460236,0,100,0.05000316666666671,0.013579681299161166,0
4715,460336,0,100,0.05000316666666671,0.015485585543792695,0
4716,460436,0,100,0.05000316666666671,0.0133166317618452,0
4717,460536,0,100,0.05000316666666671,0.016522440916160123,0
4718,460636,0,100,0.05000316666666671,0.01774924232624471,0
4719,460736,0,100,0.05000316666666671,0.013307302570901812,0
4720,460836,0,100,0.05000316666666671,0.012539538389537483,0
4721,460936,0,100,0.05000316666666671,0.01491283138282597,0
4722,461036,0,100,0.05000316666666671,0.017148740788688884,0
4723,461136,0,100,0.05000316666666671,0.014063149959547445,0
4724,461236,0,100,0.05000316666666671,0.00997177170123905,0
4725,461336,0,100,0.05000316666666671,0.013823507081251591,0
4726,461436,0,100,0.05000316666666671,0.017842481210827828,0
4727,461536,0,100,0.05000316666666671,0.01641786323627457,0
4728,461636,0,100,0.05000316666666671,0.01809922794578597,0
4729,461736,0,100,0.05000316666666671,0.015529573902022094,0
4730,461836,0,100,0.05000316666666671,0.014386552481446414,0
4731,461936,0,100,0.05000316666666671,0.011652030660770833,0
4732,462036,0,100,0.05000316666666671,0.016329050064086914,0
4733,462136,0,100,0.05000316666666671,0.014711470410693437,0
4734,462236,0,100,0.05000316666666671,0.015878723948262632,0
4735,462336,0,100,0.05000316666666671,0.0146415673638694,0
4736,462436,0,100,0.05000316666666671,0.015324031891068443,0
4737,462536,0,100,0.05000316666666671,0.013918707349803298,0
4738,462636,0,100,0.05000316666666671,0.011096250854898244,0
4739,462736,0,100,0.05000316666666671,0.012293330621905624,0
4740,462836,0,100,0.05000316666666671,0.016376882995245978,0
4741,462936,0,100,0.05000316666666671,0.01107175652985461,0
4742,463036,0,100,0.05000316666666671,0.015178966410458088,0
4743,463136,0,100,0.05000316666666671,0.017110487218014895,0
4744,463236,0,100,0.05000316666666671,0.014320804681628942,0
4745,463336,0,100,0.05000316666666671,0.016459766875486823,0
4746,463436,0,100,0.05000316666666671,0.015126921869814396,0
4747,463536,0,100,0.05000316666666671,0.014350438584806398,0
4748,463636,0,100,0.05000316666666671,0.009272606140002608,0
4749,463736,0,100,0.05000316666666671,0.010572579797590152,0
4750,463836,0,100,0.05000316666666671,0.014779775571078062,0
4751,463936,0,100,0.05000316666666671,0.014316648866515607,0
4752,464036,0,100,0.05000316666666671,0.015383890382945537,0
4753,464136,0,100,0.05000316666666671,0.014920270415022968,0
4754,464236,0,100,0.05000316666666671,0.013059068829752505,0
4755,464336,0,100,0.05000316666666671,0.014854362558107823,0
4756,464436,0,100,0.05000316666666671,0.016600337526760996,0
4757,464536,0,100,0.05000316666666671,0.012237284664297476,0
4758,464636,0,100,0.05000316666666671,0.015192830027081073,0
4759,464736,0,100,0.05000316666666671,0.014979730045888573,0
4760,464836,0,100,0.05000316666666671,0.012711905792821198,0
4761,464936,0,100,0.05000316666666671,0.015453922396991402,0
4762,465036,0,100,0.05000316666666671,0.01646926794666797,0
4763,465114,0.29799999999999993,78,0.05000316666666671,0.01407483498004671,1
4764,465127,0.883,13,0.05000316666666671,0.01437061346279314,1
4765,465227,0,100,0.05000316666666671,0.015011804436799139,0
4766,465327,0,100,0.05000316666666671,0.016254732215311377,0
4767,465427,0,100,0.05000316666666671,0.01395118810934946,0
4768,465527,0,100,0.05000316666666671,0.01280180549598299,0
4769,465627,0,100,0.05000316666666671,0.011368047250434755,0
4770,465727,0,100,0.05000316666666671,0.014066266429144889,0
4771,465827,0,100,0.05000316666666671,0.011844741681125015,0
4772,465927,0,100,0.05000316666666671,0.020876019691349938,0
4773,466027,0,100,0.05000316666666671,0.015680469947401434,0
4774,466127,0,100,0.05000316666666671,0.013146659487392753,0
4775,466227,0,100,0.05000316666666671,0.01667889144970104,0
4776,466327,0,100,0.05000316666666671,0.01525096843834035,0
4777,466427,0,100,0.05000316666666671,0.018290853712242098,0
4778,466527,0,100,0.05000316666666671,0.016251160743413495,0
4779,466627,0,100,0.05000316666666671,0.013719260266516358,0
4780,466727,0,100,0.05000316666666671,0.017597735014278443,0
4781,466827,0,100,0.05000316666666671,0.015070846036542207,0
4782,466927,0,100,0.05000316666666671,0.01599274098640308,0
4783,467027,0,100,0.05000316666666671,0.012145225538406522,0
4784,467127,0,100,0.05000316666666671,0.01530134434113279,0
4785,467227,0,100,0.05000316666666671,0.011534669664688408,0
4786,467327,0,100,0.05000316666666671,0.015594288250431418,0
4787,467427,0,100,0.05000316666666671,0.017603039669338613,0
4788,467527,0,100,0.05000316666666671,0.012126462331507356,0
4789,467627,0,100,0.05000316666666671,0.012503528255037963,0
4790,467727,0,100,0.05000316666666671,0.01342754548881203,0
4791,467827,0,100,0.05000316666666671,0.014056598558090628,0
4792,467927,0,100,0.05000316666666671,0.015155958118848503,0
4793,468027,0,100,0.05000316666666671,0.013665508101694286,0
4794,468127,0,100,0.05000316666666671,0.013584676999598741,0
4795,468227,0,100,0.05000316666666671,0.01358476204215549,0
4796,468327,0,100,0.05000316666666671,0.016174832785036414,0
4797,468427,0,100,0.05000316666666671,0.012697929722489789,0
4798,468527,0,100,0.05000316666666671,0.012856917835306377,0
4799,468627,0,100,0.05000316666666671,0.01304398155771196,0
4800,468727,0,100,0.05000316666666671,0.012773445295169949,0
4801,468827,0,100,0.05000316666666671,0.01330090600764379,0
4802,468927,0,100,0.05000316666666671,0.018095184739213437,0
4803,469027,0,100,0.05000316666666671,0.01398064720327966,0
4804,469127,0,100,0.05000316666666671,0.013848142770584673,0
4805,469227,0,100,0.05000316666666671,0.015276113569270819,0
4806,469327,0,100,0.05000316666666671,0.013264927600976079,0
4807,469427,0,100,0.05000316666666671,0.01465204388834536,0
4808,469527,0,100,0.05000316666666671,0.012998908888548613,0
4809,469627,0,100,0.05000316666666671,0.014007282650563866,0
4810,469727,0,100,0.05000316666666671,0.018683412719983607,0
4811,469827,0,100,0.05000316666666671,0.014034559659194201,0
4812,469927,0,100,0.05000316666666671,0.011831717906752602,0
4813,470027,0,100,0.05000316666666671,0.012671478022821248,0
4814,470127,0,100,0.05000316666666671,0.014631435140036047,0
4815,470227,0,100,0.05000316666666671,0.014053161307238042,0
4816,470327,0,100,0.05000316666666671,0.012561195162124932,0
4817,470427,0,100,0.05000316666666671,0.016432123966515066,0
4818,470527,0,100,0.05000316666666671,0.013957304677460343,0
4819,470627,0,100,0.05000316666666671,0.01642947770189494,0
4820,470727,0,100,0.05000316666666671,0.014858380937948824,0
4821,470827,0,100,0.05000316666666671,0.01281431267852895,0
4822,470927,0,100,0.05000316666666671,0.013462647891137748,0
4823,471027,0,100,0.05000316666666671,0.013943900788435713,0
4824,471127,0,100,0.05000316666666671,0.015884131849743424,0
4825,471227,0,100,0.05000316666666671,0.016774126309901476,0
4826,471327,0,100,0.05000316666666671,0.01765601776307449,0
4827,471427,0,100,0.05000316666666671,0.017265108496649192,0
4828,471527,0,100,0.05000316666666671,0.015871792291291056,0
4829,471627,0,100,0.05000316666666671,0.017548026118893178,0
4830,471727,0,100,0.05000316666666671,0.015984043965581805,0
4831,471827,0,100,0.05000316666666671,0.0164289967645891,0
4832,471927,0,100,0.05000316666666671,0.016536983207333832,0
4833,472027,0,100,0.05000316666666671,0.013077020265627652,0
4834,472127,0,100,0.05000316666666671,0.020934769103769214,0
4835,472227,0,100,0.05000316666666671,0.01229834726313129,0
4836,472327,0,100,0.05000316666666671,0.012204837404424325,0
4837,472427,0,100,0.05000316666666671,0.014080265276134015,0
4838,472527,0,100,0.05000316666666671,0.01611942197661847,0
4839,472627,0,100,0.05000316666666671,0.012735791420564056,0
4840,472727,0,100,0.05000316666666671,0.013163842142093927,0
4841,472827,0,100,0.05000316666666671,0.016140702405245975,0
4842,472927,0,100,0.05000316666666671,0.015389351877383889,0
4843,473027,0,100,0.05000316666666671,0.012542246989905834,0
4844,473127,0,100,0.05000316666666671,0.01725802357541397,0
4845,473227,0,100,0.05000316666666671,0.015202719913795591,0
4846,473327,0,100,0.05000316666666671,0.014752237792126834,0
4847,473341,0.874,14,0.05000316666666671,0.0037473825006080525,1
4848,473441,0,100,0.05000316666666671,0.014177676867693662,0
4849,473541,0,100,0.05000316666666671,0.011364672761410476,0
4850,473641,0,100,0.05000316666666671,0.012212899315636605,0
4851,473741,0,100,0.05000316666666671,0.011550705444533379,0
4852,473841,0,100,0.05000316666666671,0.012487462657736615,0
4853,473941,0,100,0.05000316666666671,0.014096486424095929,0
4854,474041,0,100,0.05000316666666671,0.01950148373725824,0
4855,474141,0,100,0.05000316666666671,0.01708298908662982,0
4856,474241,0,100,0.05000316666666671,0.01226078586652875,0
4857,474341,0,100,0.05000316666666671,0.016164449308998883,0
4858,474441,0,100,0.05000316666666671,0.014577691024169327,0
4859,474541,0,100,0.05000316666666671,0.010905399154871702,0
4860,474641,0,100,0.05000316666666671,0.013970697473268956,0
4861,474741,0,100,0.05000316666666671,0.009183240274433046,0
4862,474841,0,100,0.05000316666666671,0.013252524535637349,0
4863,474941,0,100,0.05000316666666671,0.019503249970730396,0
4864,475041,0,100,0.05000316666666671,0.0146962935407646,0
4865,475141,0,100,0.05000316666666671,0.014863885170780123,0
4866,475241,0,100,0.05000316666666671,0.014707356656435877,0
4867,475341,0,100,0.05000316666666671,0.01257383223157376,0
4868,475441,0,100,0.05000316666666671,0.01909224604489282,0
4869,475541,0,100,0.05000316666666671,0.019312773941783233,0
4870,475641,0,100,0.05000316666666671,0.012353839579736814,0
4871,475741,0,100,0.05000316666666671,0.01658039032481611,0
4872,475841,0,100,0.05000316666666671,0.017622123318724335,0
4873,475941,0,100,0.05000316666666671,0.012469327193684876,0
4874,476041,0,100,0.05000316666666671,0.01564132277853787,0
4875,476141,0,100,0.05000316666666671,0.01551835577469319,0
4876,476241,0,100,0.05000316666666671,0.015044278549030423,0
4877,476341,0,100,0.05000316666666671,0.012996486418414862,0
4878,476441,0,100,0.05000316666666671,0.012461188765009866,0
4879,476541,0,100,0.05000316666666671,0.015538430709857493,0
4880,476641,0,100,0.05000316666666671,0.012748405444435775,0
4881,476659,0.838,18,0.05000316666666671,0.014222976893910931,1
4882,476759,0,100,0.05000316666666671,0.015143798647914082,0
4883,476859,0,100,0.05000316666666671,0.017212963341735305,0
4884,476959,0,100,0.05000316666666671,0.013261758356820792,0
4885,477059,0,100,0.05000316666666671,0.012172069215448573,0
4886,477159,0,100,0.05000316666666671,0.01598993011051789,0
4887,477259,0,100,0.05000316666666671,0.013100018387194722,0
4888,477359,0,100,0.05000316666666671,0.015756943051237614,0
4889,477459,0,100,0.05000316666666671,0.01531518016476184,0
4890,477559,0,100,0.05000316666666671,0.011911827423609793,0
4891,477659,0,100,0.05000316666666671,0.015914037902839483,0
4892,477759,0,100,0.05000316666666671,0.01599921891465783,0
4893,477859,0,100,0.05000316666666671,0.01234076667111367,0
4894,477928,0.379,69,0.05000316666666671,0.014726330829865259,1
4895,478028,0,100,0.05000316666666671,0.011499331132508814,0
4896,478128,0,100,0.05000316666666671,0.013926584573928267,0
4897,478228,0,100,0.05000316666666671,0.01199310401454568,0
4898,478328,0,100,0.05000316666666671,0.015944650447927415,0
4899,478428,0,100,0.05000316666666671,0.01004024964524433,0
4900,478528,0,100,0.05000316666666671,0.019103135790210217,0
4901,478628,0,100,0.05000316666666671,0.016324746063910423,0
4902,478728,0,100,0.05000316666666671,0.015198024568380788,0
4903,478828,0,100,0.05000316666666671,0.014282678943127394,0
4904,478928,0,100,0.05000316666666671,0.01288288999348879,0
4905,479028,0,100,0.05000316666666671,0.01271795337786898,0
4906,479128,0,100,0.05000316666666671,0.01681516025448218,0
4907,479228,0,100,0.05000316666666671,0.014870449971640482,0
4908,479328,0,100,0.05000316666666671,0.01323077518492937,0
4909,479428,0,100,0.05000316666666671,0.01380844383034855,0
4910,479528,0,100,0.05000316666666671,0.013761131996288896,0
4911,479628,0,100,0.05000316666666671,0.012991634574718773,0
4912,479728,0,100,0.05000316666666671,0.016531408360460773,0
4913,479828,0,100,0.05000316666666671,0.01519180937903002,0
4914,479928,0,100,0.05000316666666671,0.014486813994590193,0
4915,480028,0,100,0.05000316666666671,0.013869882493745536,0
4916,480128,0,100,0.05000316666666671,0.014314642114331946,0
4917,480228,0,100,0.05000316666666671,0.012184781921096146,0
4918,480328,0,100,0.05000316666666671,0.0177761660492979,0
4919,480428,0,100,0.05000316666666671,0.014277914790436625,0
4920,480528,0,100,0.05000316666666671,0.010878353659063578,0
4921,480628,0,100,0.05000316666666671,0.01388638304779306,0
4922,480728,0,100,0.05000316666666671,0.013460922152735293,0
4923,480828,0,100,0.05000316666666671,0.015075262149330228,0
4924,480928,0,100,0.05000316666666671,0.013712614172836765,0
4925,481028,0,100,0.05000316666666671,0.018075311067514123,0
4926,481128,0,100,0.05000316666666671,0.01769834739388898,0
4927,481228,0,100,0.05000316666666671,0.012823852796573191,0
4928,481328,0,100,0.05000316666666671,0.01216072492999956,0
4929,481428,0,100,0.05000316666666671,0.01189105473458767,0
4930,481528,0,100,0.05000316666666671,0.013210174007108435,0
4931,481628,0,100,0.05000316666666671,0.015552184989210217,0
4932,481728,0,100,0.05000316666666671,0.011799503089860082,0
4933,481828,0,100,0.05000316666666671,0.014724749251035974,0
4934,481928,0,100,0.05000316666666671,0.01305373496375978,0
4935,482028,0,100,0.05000316666666671,0.017986067302990703,0
4936,482128,0,100,0.05000316666666671,0.014603789215907454,0
4937,482228,0,100,0.05000316666666671,0.014119604571023956,0
4938,482328,0,100,0.05000316666666671,0.01245367300696671,0
4939,482428,0,100,0.05000316666666671,0.010589123582467436,0
4940,482528,0,100,0.05000316666666671,0.011265686491969972,0
4941,482628,0,100,0.05000316666666671,0.017730887235375123,0
4942,482728,0,100,0.05000316666666671,0.017613878366537394,0
4943,482828,0,100,0.05000316666666671,0.0148280020034872,0
4944,482928,0,100,0.05000316666666671,0.017655220951419325,0
4945,483028,0,100,0.05000316666666671,0.01173922783927992,0
4946,483128,0,100,0.05000316666666671,0.011832109848037363,0
4947,483228,0,100,0.05000316666666671,0.017780288921203466,0
4948,483328,0,100,0.05000316666666671,0.01426844771602191,0
4949,483428,0,100,0.05000316666666671,0.012929434177931399,0
4950,483528,0,100,0.05000316666666671,0.016590478995349257,0
4951,483628,0,100,0.05000316666666671,0.015408053137362003,0
4952,483728,0,100,0.05000316666666671,0.017019815102685243,0
4953,483828,0,100,0.05000316666666671,0.0163691587629728,0
4954,483928,0,100,0.05000316666666671,0.015735853356309237,0
4955,484028,0,100,0.05000316666666671,0.015865060840733348,0
4956,484128,0,100,0.05000316666666671,0.017656076244311408,0
4957,484228,0,100,0.05000316666666671,0.011679049041122198,0
4958,484328,0,100,0.05000316666666671,0.012221580622717738,0
4959,484428,0,100,0.05000316666666671,0.014458733657374979,0
4960,484528,0,100,0.05000316666666671,0.014832918664906174,0
4961,484628,0,100,0.05000316666666671,0.013884924415033311,0
4962,484728,0,100,0.05000316666666671,0.012333918591029941,0
4963,484828,0,100,0.05000316666666671,0.010912742507643998,0
4964,484928,0,100,0.05000316666666671,0.012770947113167494,0
4965,485028,0,100,0.05000316666666671,0.014520973223261536,0
4966,485128,0,100,0.05000316666666671,0.01591979976161383,0
4967,485228,0,100,0.05000316666666671,0.015496054568793625,0
4968,485328,0,100,0.05000316666666671,0.011992912876885385,0
4969,485428,0,100,0.05000316666666671,0.014931475268676877,0
4970,485528,0,100,0.05000316666666671,0.014599330555647612,0
4971,485628,0,100,0.05000316666666671,0.013954329083207994,0
4972,485728,0,100,0.05000316666666671,0.012793936738744379,0
4973,485828,0,100,0.05000316666666671,0.01592241194099188,0
4974,485928,0,100,0.05000316666666671,0.015050922776572407,0
4975,486028,0,100,0.05000316666666671,0.0119458135147579,0
4976,486128,0,100,0.05000316666666671,0.011148265982046723,0
4977,486228,0,100,0.05000316666666671,0.013149777102516963,0
4978,486328,0,100,0.05000316666666671,0.015697612897492944,0
4979,486428,0,100,0.05000316666666671,0.011124760899692774,0
4980,486528,0,100,0.05000316666666671,0.014703640076331794,0
4981,486628,0,100,0.05000316666666671,0.014502755815628916,0
4982,486728,0,100,0.05000316666666671,0.016090330076403914,0
4983,486828,0,100,0.05000316666666671,0.01229127317899838,0
4984,486928,0,100,0.05000316666666671,0.013156578345224261,0
4985,487028,0,100,0.05000316666666671,0.01289480698062107,0
4986,487128,0,100,0.05000316666666671,0.011180434382986278,0
4987,487228,0,100,0.05000316666666671,0.01542292624944821,0
4988,487328,0,100,0.05000316666666671,0.016014599772170186,0
4989,487428,0,100,0.05000316666666671,0.013872487964108586,0
4990,487528,0,100,0.05000316666666671,0.010250156091060489,0
4991,487628,0,100,0.05000316666666671,0.013921289835125208,0
4992,487728,0,100,0.05000316666666671,0.012239862605929375,0
4993,487828,0,100,0.05000316666666671,0.011348491070093588,0
4994,487928,0,100,0.05000316666666671,0.011784326578490436,0
4995,488028,0,100,0.05000316666666671,0.014485879130661487,0
4996,488128,0,100,0.05000316666666671,0.011985583518398926,0
4997,488228,0,100,0.05000316666666671,0.013455254196887836,0
4998,488328,0,100,0.05000316666666671,0.01640127521241084,0
4999,488428,0,100,0.05000316666666671,0.01619367183651775,0
5000,488528,0,100,0.05000316666666671,0.011607538871467114,0
5001,488628,0,100,0.05000316666666671,0.013496496642474085,0
5002,488728,0,100,0.05000316666666671,0.01418161648674868,0
5003,488828,0,100,0.05000316666666671,0.012360516575863584,0
5004,488928,0,100,0.05000316666666671,0.016588901302311568,0
5005,489028,0,100,0.05000316666666671,0.01322252221754752,0
5006,489128,0,100,0.05000316666666671,0.016188816050998867,0
5007,489228,0,100,0.05000316666666671,0.013498706286773085,0
5008,489328,0,100,0.05000316666666671,0.01150414506206289,0
5009,489428,0,100,0.05000316666666671,0.012109820543555543,0
5010,489528,0,100,0.05000316666666671,0.014057730329222978,0
5011,489628,0,100,0.05000316666666671,0.014752412718953565,0
5012,489728,0,100,0.05000316666666671,0.014530814867466688,0
5013,489828,0,100,0.05000316666666671,0.013714765511685982,0
5014,489928,0,100,0.05000316666666671,0.015278841021936386,0
5015,490028,0,100,0.05000316666666671,0.014670555304037406,0
5016,490128,0,100,0.05000316666666671,0.01263680674484931,0
5017,490228,0,100,0.05000316666666671,0.014077051754575222,0
5018,490328,0,100,0.05000316666666671,0.01394680181168951,0
5019,490428,0,100,0.05000316666666671,0.010663417923497035,0
5020,490528,0,100,0.05000316666666671,0.01416472427546978,0
5021,490628,0,100,0.05000316666666671,0.011483737740200013,0
5022,490728,0,100,0.05000316666666671,0.011569307505851611,0
5023,490828,0,100,0.05000316666666671,0.011320234104059636,0
5024,490928,0,100,0.05000316666666671,0.013070347922621295,0
5025,491028,0,100,0.05000316666666671,0.015193157899193465,0
5026,491128,0,100,0.05000316666666671,0.013412741830106824,0
5027,491228,0,100,0.05000316666666671,0.014624266639584676,0
5028,491328,0,100,0.05000316666666671,0.013680685609579087,0
5029,491428,0,100,0.05000316666666671,0.012454971664119512,0
5030,491528,0,100,0.05000316666666671,0.01084004248958081,0
5031,491628,0,100,0.05000316666666671,0.012295742579735815,0
5032,491728,0,100,0.05000316666666671,0.01352970245294273,0
5033,491828,0,100,0.05000316666666671,0.011048239305382594,0
5034,491928,0,100,0.05000316666666671,0.01457486895378679,0
5035,492028,0,100,0.05000316666666671,0.012305275409016759,0
5036,492128,0,100,0.05000316666666671,0.01175047947326675,0
5037,492228,0,100,0.05000316666666671,0.014372791193891317,0
5038,492328,0,100,0.05000316666666671,0.012378465349320323,0
5039,492428,0,100,0.05000316666666671,0.015350708734476939,0
5040,492528,0,100,0.05000316666666671,0.012971439962275327,0
5041,492628,0,100,0.05000316666666671,0.011972967595793306,0
5042,492728,0,100,0.05000316666666671,0.0153462082054466,0
5043,492828,0,100,0.05000316666666671,0.011299439559224992,0
5044,492928,0,100,0.05000316666666671,0.013600489723030478,0
5045,493028,0,100,0.05000316666666671,0.011490187456365675,0
5046,493128,0,100,0.05000316666666671,0.013436128303874284,0
5047,493228,0,100,0.05000316666666671,0.00906336000887677,0
5048,493328,0,100,0.05000316666666671,0.0152547447825782,0
5049,493428,0,100,0.05000316666666671,0.01436193658504635,0
5050,493528,0,100,0.05000316666666671,0.01602465082076378,0
5051,493628,0,100,0.05000316666666671,0.013093510379549115,0
5052,493728,0,100,0.05000316666666671,0.012545512347714975,0
5053,493828,0,100,0.05000316666666671,0.012769145017955452,0
5054,493928,0,100,0.05000316666666671,0.01414173754514195,0
5055,494028,0,100,0.05000316666666671,0.01225427575642243,0
5056,494128,0,100,0.05000316666666671,0.009718822513241321,0
5057,494228,0,100,0.05000316666666671,0.01708349762135185,0
5058,494328,0,100,0.05000316666666671,0.018469601722899825,0
5059,494428,0,100,0.05000316666666671,0.019799783192574978,0
5060,494528,0,100,0.05000316666666671,0.014269178707618266,0
5061,494628,0,100,0.05000316666666671,0.01850897638592869,0
5062,494728,0,100,0.05000316666666671,0.014068951813969761,0
5063,494828,0,100,0.05000316666666671,0.012452879555057734,0
5064,494928,0,100,0.05000316666666671,0.012857720421161503,0
5065,495028,0,100,0.05000316666666671,0.013389606394339353,0
5066,495128,0,100,0.05000316666666671,0.011057205703109503,0
5067,495228,0,100,0.05000316666666671,0.011084764137631282,0
5068,495328,0,100,0.05000316666666671,0.012873938702978194,0
5069,495428,0,100,0.05000316666666671,0.012480485779233276,0
5070,495528,0,100,0.05000316666666671,0.010536624382948502,0
5071,495628,0,100,0.05000316666666671,0.014459539892850443,0
5072,495728,0,100,0.05000316666666671,0.010998888197354973,0
5073,495828,0,100,0.05000316666666671,0.012269814813043923,0
5074,495928,0,100,0.05000316666666671,0.014118073133286089,0
5075,496028,0,100,0.05000316666666671,0.012575521778780968,0
5076,496128,0,100,0.05000316666666671,0.012477657148847356,0
5077,496228,0,100,0.05000316666666671,0.014038897298742086,0
5078,496328,0,100,0.05000316666666671,0.015094093175139277,0
5079,496428,0,100,0.05000316666666671,0.015011429872829466,0
5080,496528,0,100,0.05000316666666671,0.013621041340520605,0
5081,496628,0,100,0.05000316666666671,0.01346072018146515,0
5082,496728,0,100,0.05000316666666671,0.014179066424258053,0
5083,496828,0,100,0.05000316666666671,0.01653989786049351,0
5084,496928,0,100,0.05000316666666671,0.014777151779271662,0
5085,497028,0,100,0.05000316666666671,0.01776258950587362,0
5086,497128,0,100,0.05000316666666671,0.014010288238059729,0
5087,497228,0,100,0.05000316666666671,0.01458823618479073,0
5088,497328,0,100,0.05000316666666671,0.014171092493925244,0
5089,497428,0,100,0.05000316666666671,0.013852506247349083,0
5090,497528,0,100,0.05000316666666671,0.01480503273429349,0
5091,497628,0,100,0.05000316666666671,0.01291549576097168,0
5092,497728,0,100,0.05000316666666671,0.009244078875053675,0
5093,497828,0,100,0.05000316666666671,0.014773782499833032,0
5094,497928,0,100,0.05000316666666671,0.014381354884244501,0
5095,498028,0,100,0.05000316666666671,0.01638669099425897,0
5096,498128,0,100,0.05000316666666671,0.01212054374627769,0
5097,498228,0,100,0.05000316666666671,0.010093366074142978,0
5098,498328,0,100,0.05000316666666671,0.01068442989489995,0
5099,498428,0,100,0.05000316666666671,0.014392803099472076,0
5100,498528,0,100,0.05000316666666671,0.010476344270864501,0
5101,498628,0,100,0.05000316666666671,0.009655863560037687,0
5102,498728,0,100,0.05000316666666671,0.011016623153118417,0
5103,498828,0,100,0.05000316666666671,0.01059992095688358,0
5104,498928,0,100,0.05000316666666671,0.012497274205088615,0
5105,499028,0,100,0.05000316666666671,0.011298842035466805,0
5106,499128,0,100,0.05000316666666671,0.014888424209784716,0
5107,499228,0,100,0.05000316666666671,0.013691629825625568,0
5108,499328,0,100,0.05000316666666671,0.009746696833753959,0
5109,499428,0,100,0.05000316666666671,0.013723868618253619,0
5110,499528,0,100,0.05000316666666671,0.012372314925305545,0
5111,499628,0,100,0.05000316666666671,0.012069305796176195,0
5112,499728,0,100,0.05000316666666671,0.01126281495555304,0
5113,499828,0,100,0.05000316666666671,0.011489483875920995,0
5114,499928,0,100,0.05000316666666671,0.012676546787843109,0
5115,500000,0,72,0.05000316666666671,0.011578488257429045,0
