episode,frames,episode_reward,episode_len,epsilon,loss,success
1,100,0,100,0.9994722222222222,0.00018797178632087088,0
2,114,0.874,14,0.9993983333333334,0.0017815980679318142,1
3,214,0,100,0.9988705555555556,0.001523625386880667,0
4,314,0,100,0.9983427777777778,7.4327422062197e-05,0
5,414,0,100,0.997815,3.775246627810702e-05,0
6,514,0,100,0.9972872222222222,2.0655403241107705e-05,0
7,614,0,100,0.9967594444444444,1.6710373624846398e-05,0
8,714,0,100,0.9962316666666666,2.2999296145371773e-05,0
9,814,0,100,0.9957038888888889,1.340753458407562e-05,0
10,914,0,100,0.9951761111111112,1.2968644471129665e-05,0
11,1014,0,100,0.9946483333333334,8.862253315783164e-05,0
12,1114,0,100,0.9941205555555556,0.000351603011113184,0
13,1214,0,100,0.9935927777777778,8.001440711268515e-05,0
14,1314,0,100,0.993065,3.690319414090482e-05,0
15,1414,0,100,0.9925372222222222,1.8687369220060646e-05,0
16,1514,0,100,0.9920094444444445,2.3090325862540338e-05,0
17,1614,0,100,0.9914816666666667,1.1311763223602611e-05,0
18,1714,0,100,0.9909538888888889,1.0733989197433403e-05,0
19,1814,0,100,0.9904261111111111,1.316814135407185e-05,0
20,1914,0,100,0.9898983333333333,8.16810037349569e-06,0
21,1958,0.604,44,0.9896661111111111,3.2518583623186714e-05,1
22,2058,0,100,0.9891383333333333,0.0003733354150062951,0
23,2158,0,100,0.9886105555555555,0.00011437427245255094,0
24,2258,0,100,0.9880827777777778,9.0786877726714e-05,0
25,2358,0,100,0.987555,3.3365727840646284e-05,0
26,2458,0,100,0.9870272222222223,2.9513714343920584e-05,0
27,2558,0,100,0.9864994444444445,1.8062991211991176e-05,0
28,2586,0.748,28,0.9863516666666666,1.8949153026629313e-05,1
29,2686,0,100,0.9858238888888889,0.00023234100017361926,0
30,2786,0,100,0.9852961111111112,6.393428251612932e-05,0
31,2886,0,100,0.9847683333333334,2.2655554976154234e-05,0
32,2986,0,100,0.9842405555555556,1.9036385492654517e-05,0
33,3086,0,100,0.9837127777777778,0.00038149181999870053,0
34,3186,0,100,0.983185,0.00017425160767743365,0
35,3286,0,100,0.9826572222222222,7.26590447811759e-05,0
36,3386,0,100,0.9821294444444444,4.605134554367396e-05,0
37,3486,0,100,0.9816016666666667,0.0001393966069281305,0
38,3586,0,100,0.9810738888888889,3.875792865983385e-05,0
39,3686,0,100,0.9805461111111111,2.2940675044083037e-05,0
40,3786,0,100,0.9800183333333333,1.988109945614269e-05,0
41,3886,0,100,0.9794905555555555,2.6050699029838143e-05,0
42,3971,0.235,85,0.9790419444444445,2.3814928504982484e-05,1
43,4071,0,100,0.9785141666666667,0.000261680995399729,0
44,4171,0,100,0.9779863888888889,0.0001725270690076286,0
45,4271,0,100,0.9774586111111111,0.00012230579526658402,0
46,4293,0.802,22,0.9773425,8.791871178717966e-05,1
47,4393,0,100,0.9768147222222222,0.0002488930712934234,0
48,4493,0,100,0.9762869444444444,0.00011532987671671436,0
49,4593,0,100,0.9757591666666666,0.0001280359284100996,0
50,4693,0,100,0.9752313888888889,4.389145087770885e-05,0
51,4793,0,100,0.9747036111111111,5.454334471323818e-05,0
52,4814,0.8109999999999999,21,0.9745927777777778,3.639628110769471e-05,1
53,4914,0,100,0.974065,0.00015640447460100405,0
54,5014,0,100,0.9735372222222223,0.0001569467024455662,0
55,5114,0,100,0.9730094444444445,0.00046468932792777197,0
56,5214,0,100,0.9724816666666667,0.00025126725318841636,0
57,5314,0,100,0.9719538888888889,0.000145631851410144,0
58,5414,0,100,0.9714261111111111,0.00013126570054737387,0
59,5514,0,100,0.9708983333333333,0.00010718828953031334,0
60,5614,0,100,0.9703705555555555,0.00014591396367904963,0
61,5714,0,100,0.9698427777777778,7.828149140550523e-05,0
62,5814,0,100,0.969315,6.990231746385689e-05,0
63,5914,0,100,0.9687872222222222,6.269037743550143e-05,0
64,6014,0,100,0.9682594444444445,0.00016819987983581085,0
65,6114,0,100,0.9677316666666667,0.0004263924165570643,0
66,6214,0,100,0.9672038888888889,0.0002893369802040979,0
67,6314,0,100,0.9666761111111111,0.00040883090849092697,0
68,6414,0,100,0.9661483333333334,0.00015645796924218302,0
69,6514,0,100,0.9656205555555556,0.00017030574548698496,0
70,6614,0,100,0.9650927777777778,0.00011120036826469004,0
71,6714,0,100,0.964565,8.632901306555141e-05,0
72,6814,0,100,0.9640372222222222,9.015441672090674e-05,0
73,6914,0,100,0.9635094444444444,6.81086627264449e-05,0
74,7014,0,100,0.9629816666666666,0.00017391875389876076,0
75,7114,0,100,0.9624538888888889,0.000408133714881842,0
76,7214,0,100,0.9619261111111111,0.0002919022876449162,0
77,7314,0,100,0.9613983333333334,0.00024116879947541747,0
78,7414,0,100,0.9608705555555556,0.00039336974139587256,0
79,7469,0.5049999999999999,55,0.9605802777777778,0.00019390087009841492,1
80,7569,0,100,0.9600525,0.000191666202590568,0
81,7669,0,100,0.9595247222222222,0.0001296395364261116,0
82,7769,0,100,0.9589969444444445,0.00013130173141689738,0
83,7869,0,100,0.9584691666666667,0.00010866483624340617,0
84,7969,0,100,0.9579413888888889,9.70524015792762e-05,0
85,8069,0,100,0.9574136111111111,0.00045350999895163116,0
86,8169,0,100,0.9568858333333333,0.0003331747018819442,0
87,8269,0,100,0.9563580555555555,0.0002467774279648438,0
88,8369,0,100,0.9558302777777777,0.00019454457877145613,0
89,8469,0,100,0.9553024999999999,0.00019261543740867638,0
90,8569,0,100,0.9547747222222223,0.00022273141992627644,0
91,8669,0,100,0.9542469444444445,0.00016079253695352235,0
92,8680,0.901,11,0.9541888888888889,0.00011603577943539925,1
93,8780,0,100,0.9536611111111111,0.0001757029874715954,0
94,8809,0.739,29,0.9535080555555555,0.00012010061756631455,1
95,8909,0,100,0.9529802777777778,0.00011983496671746251,0
96,9009,0,100,0.9524525,0.00017564480420332985,0
97,9109,0,100,0.9519247222222222,0.0007348729002114851,0
98,9209,0,100,0.9513969444444444,0.00037015287052781786,0
99,9309,0,100,0.9508691666666667,0.0002776602961967001,0
100,9409,0,100,0.9503413888888889,0.0002624003914388595,0
101,9484,0.32499999999999996,75,0.9499455555555556,0.0001835449225230453,1
102,9584,0,100,0.9494177777777778,0.0001687331867287867,0
103,9684,0,100,0.94889,0.00013333034963579848,0
104,9784,0,100,0.9483622222222222,0.0001313190004657372,0
105,9884,0,100,0.9478344444444444,0.00011195157279871638,0
106,9984,0,100,0.9473066666666666,0.000112633429307607,0
107,10084,0,100,0.9467788888888888,0.00048238187890092376,0
108,10184,0,100,0.9462511111111112,0.00031014304593554695,0
109,10284,0,100,0.9457233333333334,0.00027467699452245144,0
110,10384,0,100,0.9451955555555556,0.0002438470465131104,0
111,10387,0.973,3,0.9451797222222222,0.00027837936067953706,1
112,10487,0,100,0.9446519444444444,0.00030465996911516413,0
113,10587,0,100,0.9441241666666667,0.00018537105272116604,0
114,10687,0,100,0.9435963888888889,0.00018154436129407258,0
115,10787,0,100,0.9430686111111111,0.00014475969721388537,0
116,10887,0,100,0.9425408333333334,0.0001704668164893519,0
117,10987,0,100,0.9420130555555556,0.00015132114604057278,0
118,11087,0,100,0.9414852777777778,0.0005293793782038847,0
119,11187,0,100,0.9409575,0.0003560107424709713,0
120,11287,0,100,0.9404297222222222,0.0004434611223405227,0
121,11387,0,100,0.9399019444444444,0.000256459032643761,0
122,11487,0,100,0.9393741666666666,0.00021799998303322353,0
123,11587,0,100,0.9388463888888889,0.0001863251808390487,0
124,11687,0,100,0.9383186111111111,0.00020107229031054885,0
125,11787,0,100,0.9377908333333334,0.00018066274267766858,0
126,11866,0.2889999999999999,79,0.937373888888889,0.00017022888250376359,1
127,11966,0,100,0.9368461111111112,0.0002224802023920347,0
128,12066,0,100,0.9363183333333334,0.0005341643422434573,0
129,12166,0,100,0.9357905555555556,0.0004566395642905263,0
130,12201,0.685,35,0.9356058333333334,0.0004346488555061764,1
131,12301,0,100,0.9350780555555556,0.0003535136665595928,0
132,12401,0,100,0.9345502777777778,0.00028200396271131466,0
133,12501,0,100,0.9340225,0.00026043874171591594,0
134,12601,0,100,0.9334947222222222,0.00023476260401366744,0
135,12701,0,100,0.9329669444444444,0.00023917122634884436,0
136,12801,0,100,0.9324391666666667,0.00017871613112220076,0
137,12842,0.631,41,0.9322227777777777,0.0002272303442246417,1
138,12942,0,100,0.9316949999999999,0.0002088739350801916,0
139,13042,0,100,0.9311672222222223,0.0005025939725965145,0
140,13142,0,100,0.9306394444444445,0.0004881258953537326,0
141,13150,0.9279999999999999,8,0.9305972222222222,0.0003343813878018409,1
142,13250,0,100,0.9300694444444444,0.00034097491625288966,0
143,13350,0,100,0.9295416666666667,0.0003111370480473852,0
144,13450,0,100,0.9290138888888889,0.00029327007694519126,0
145,13550,0,100,0.9284861111111111,0.00023724509010207838,0
146,13650,0,100,0.9279583333333333,0.00024197881499276263,0
147,13750,0,100,0.9274305555555555,0.0002328219927585451,0
148,13850,0,100,0.9269027777777777,0.0002000249736738624,0
149,13950,0,100,0.926375,0.00018644990919710835,0
150,14050,0,100,0.9258472222222223,0.00040994728260557167,0
151,14150,0,100,0.9253194444444445,0.00046062990979407916,0
152,14250,0,100,0.9247916666666667,0.0003763513260491891,0
153,14350,0,100,0.9242638888888889,0.00034005230831098745,0
154,14450,0,100,0.9237361111111111,0.00033257572846196126,0
155,14550,0,100,0.9232083333333333,0.0002944640312489355,0
156,14650,0,100,0.9226805555555555,0.0003237909701419994,0
157,14750,0,100,0.9221527777777778,0.0002456358758354327,0
158,14850,0,100,0.921625,0.00024104496464133262,0
159,14950,0,100,0.9210972222222222,0.00022836579904833343,0
160,14988,0.6579999999999999,38,0.9208966666666667,0.0002223198054324664,1
161,15088,0,100,0.9203688888888889,0.000572422501645633,0
162,15188,0,100,0.9198411111111111,0.0004288599092978984,0
163,15266,0.29799999999999993,78,0.9194294444444444,0.0003929542696987016,1
164,15366,0,100,0.9189016666666667,0.0003390928673616145,0
165,15466,0,100,0.9183738888888889,0.00033290654107986483,0
166,15560,0.15400000000000003,94,0.9178777777777778,0.00033571712009824236,1
167,15660,0,100,0.91735,0.0002644431412772974,0
168,15760,0,100,0.9168222222222222,0.00025481363954895644,0
169,15860,0,100,0.9162944444444444,0.00025290250570833453,0
170,15960,0,100,0.9157666666666666,0.0002333887855274952,0
171,16060,0,100,0.9152388888888889,0.0005177040046692127,0
172,16160,0,100,0.9147111111111111,0.0005330081631836947,0
173,16260,0,100,0.9141833333333333,0.0004659109858766897,0
174,16360,0,100,0.9136555555555556,0.00040728198015131054,0
175,16460,0,100,0.9131277777777778,0.0003695047468499979,0
176,16560,0,100,0.9126,0.00033267706807237117,0
177,16660,0,100,0.9120722222222222,0.0002808157216350082,0
178,16760,0,100,0.9115444444444445,0.00029254265304189174,0
179,16789,0.739,29,0.9113913888888889,0.00031122547142299953,1
180,16889,0,100,0.9108636111111111,0.0003355652502796147,0
181,16989,0,100,0.9103358333333333,0.000305223599425517,0
182,17089,0,100,0.9098080555555556,0.0006736619722505565,0
183,17189,0,100,0.9092802777777778,0.0005679694733407814,0
184,17289,0,100,0.9087525,0.00043681221824954264,0
185,17389,0,100,0.9082247222222222,0.00038220007496420294,0
186,17489,0,100,0.9076969444444445,0.00039332396183453964,0
187,17589,0,100,0.9071691666666667,0.0003505016207782319,0
188,17689,0,100,0.9066413888888889,0.00038534711173269896,0
189,17789,0,100,0.9061136111111111,0.0003459450432274025,0
190,17889,0,100,0.9055858333333333,0.0002954916749149561,0
191,17989,0,100,0.9050580555555555,0.00031775115901837124,0
192,18089,0,100,0.9045302777777777,0.000533167930552736,0
193,18189,0,100,0.9040025,0.0004750426873215474,0
194,18289,0,100,0.9034747222222222,0.00046587111966800876,0
195,18329,0.6399999999999999,40,0.9032636111111111,0.0004682796839915682,1
196,18429,0,100,0.9027358333333333,0.00037904118980804926,0
197,18529,0,100,0.9022080555555556,0.0003857299314404372,0
198,18629,0,100,0.9016802777777778,0.00037647318713425194,0
199,18729,0,100,0.9011525,0.00035863162029272646,0
200,18829,0,100,0.9006247222222222,0.0003369022926926846,0
201,18929,0,100,0.9000969444444444,0.000336058707034681,0
202,19029,0,100,0.8995691666666666,0.00045449972625647203,0
203,19129,0,100,0.8990413888888888,0.0005007403170748148,0
204,19229,0,100,0.8985136111111112,0.0004338918889698107,0
205,19329,0,100,0.8979858333333334,0.00045077899703755976,0
206,19429,0,100,0.8974580555555556,0.0003486710945435334,0
207,19529,0,100,0.8969302777777778,0.00040074936376186085,0
208,19597,0.3879999999999999,68,0.8965713888888889,0.00042794437639018083,1
209,19697,0,100,0.8960436111111111,0.00039255079995200506,0
210,19797,0,100,0.8955158333333333,0.0003532120321324328,0
211,19897,0,100,0.8949880555555556,0.0003666641080417321,0
212,19997,0,100,0.8944602777777778,0.0002903194227110362,0
213,20097,0,100,0.8939325,0.0005068595818738686,0
214,20197,0,100,0.8934047222222222,0.0004403046096194885,0
215,20297,0,100,0.8928769444444444,0.000410717623817618,0
216,20397,0,100,0.8923491666666666,0.00036357176872115816,0
217,20497,0,100,0.8918213888888888,0.0003889269680803409,0
218,20597,0,100,0.8912936111111112,0.00038825539813842626,0
219,20697,0,100,0.8907658333333334,0.0003904174020135542,0
220,20797,0,100,0.8902380555555556,0.0003520203891093843,0
221,20897,0,100,0.8897102777777778,0.00033015389504726045,0
222,20997,0,100,0.8891825,0.00030891297144989947,0
223,21004,0.9369999999999999,7,0.8891455555555555,0.000424482674653908,1
224,21035,0.721,31,0.8889819444444444,0.0005558480981797461,1
225,21135,0,100,0.8884541666666667,0.00047235753321729136,0
226,21235,0,100,0.8879263888888889,0.000455549181351671,0
227,21335,0,100,0.8873986111111112,0.0004874879446288105,0
228,21435,0,100,0.8868708333333334,0.00045915072980278637,0
229,21535,0,100,0.8863430555555556,0.0003884708518307889,0
230,21635,0,100,0.8858152777777778,0.0003815537491755094,0
231,21735,0,100,0.8852875,0.0003095967763510998,0
232,21835,0,100,0.8847597222222222,0.0003843681800935883,0
233,21837,0.982,2,0.8847491666666667,0.0003309634266770445,1
234,21937,0,100,0.8842213888888889,0.0003523373515054118,0
235,22037,0,100,0.8836936111111111,0.0004398483841214329,0
236,22137,0,100,0.8831658333333333,0.0004516196120675886,0
237,22237,0,100,0.8826380555555555,0.00045608036154590084,0
238,22337,0,100,0.8821102777777778,0.0004254538837267319,0
239,22437,0,100,0.8815825,0.00035075021769443994,0
240,22537,0,100,0.8810547222222223,0.000451974437746685,0
241,22637,0,100,0.8805269444444445,0.0005216695747003541,0
242,22737,0,100,0.8799991666666667,0.0003829951858642744,0
243,22837,0,100,0.8794713888888889,0.0003942081671993947,0
244,22925,0.20799999999999996,88,0.8790069444444444,0.0004283963035876778,1
245,23025,0,100,0.8784791666666667,0.00042364117565739433,0
246,23125,0,100,0.8779513888888889,0.00043790242547402157,0
247,23225,0,100,0.8774236111111111,0.0005067080775916111,0
248,23325,0,100,0.8768958333333333,0.0005297649488784373,0
249,23425,0,100,0.8763680555555555,0.0003751009812549455,0
250,23525,0,100,0.8758402777777778,0.0003964066819753498,0
251,23620,0.14500000000000002,95,0.8753388888888889,0.00043882830313553934,1
252,23720,0,100,0.8748111111111111,0.00046707494111615234,0
253,23820,0,100,0.8742833333333333,0.0003750112749548862,0
254,23920,0,100,0.8737555555555556,0.000433721000154037,0
255,24020,0,100,0.8732277777777777,0.00036051687871804463,0
256,24120,0,100,0.8727,0.0004871797584928572,0
257,24220,0,100,0.8721722222222222,0.00043724866744014433,0
258,24320,0,100,0.8716444444444444,0.0005616006347554503,0
259,24420,0,100,0.8711166666666667,0.0006438685710600112,0
260,24520,0,100,0.8705888888888889,0.0005280989823222626,0
261,24620,0,100,0.8700611111111112,0.000501136362508987,0
262,24720,0,100,0.8695333333333333,0.0004032318120880518,0
263,24820,0,100,0.8690055555555556,0.00036739986804604994,0
264,24920,0,100,0.8684777777777778,0.00044367171612975654,0
265,25020,0,100,0.86795,0.0004634089134196984,0
266,25120,0,100,0.8674222222222222,0.0005361954122054158,0
267,25220,0,100,0.8668944444444444,0.0004653781805973267,0
268,25320,0,100,0.8663666666666667,0.00037950366029690483,0
269,25420,0,100,0.8658388888888889,0.00045187472038378475,0
270,25520,0,100,0.8653111111111111,0.00041831075002846774,0
271,25620,0,100,0.8647833333333333,0.0004224597827123944,0
272,25720,0,100,0.8642555555555556,0.0004655853604344884,0
273,25820,0,100,0.8637277777777778,0.0004613702854112489,0
274,25920,0,100,0.8632,0.00042952874573529696,0
275,26020,0,100,0.8626722222222223,0.0004570124193560332,0
276,26120,0,100,0.8621444444444445,0.0005109752028511138,0
277,26220,0,100,0.8616166666666667,0.0005268922517279862,0
278,26320,0,100,0.8610888888888889,0.00047704783035442235,0
279,26420,0,100,0.8605611111111111,0.0006081633314897771,0
280,26520,0,100,0.8600333333333333,0.00048340020795876624,0
281,26620,0,100,0.8595055555555555,0.0004306230747897644,0
282,26720,0,100,0.8589777777777778,0.0005147400520218071,0
283,26820,0,100,0.85845,0.0004667005631927168,0
284,26920,0,100,0.8579222222222223,0.0004561861312686233,0
285,27020,0,100,0.8573944444444445,0.0004627820572204655,0
286,27120,0,100,0.8568666666666667,0.0005813087966816965,0
287,27220,0,100,0.8563388888888889,0.0006206614141410682,0
288,27320,0,100,0.8558111111111111,0.0005705148690321949,0
289,27420,0,100,0.8552833333333334,0.000457655889185844,0
290,27520,0,100,0.8547555555555556,0.0003886986243742285,0
291,27620,0,100,0.8542277777777778,0.0005935847597720568,0
292,27720,0,100,0.8537,0.0004732891333696898,0
293,27820,0,100,0.8531722222222222,0.0004219500387989683,0
294,27920,0,100,0.8526444444444444,0.0005245061124878703,0
295,28020,0,100,0.8521166666666666,0.0004612561438261764,0
296,28120,0,100,0.851588888888889,0.0006192459465819411,0
297,28220,0,100,0.8510611111111112,0.0006202116912754718,0
298,28239,0.829,19,0.8509608333333334,0.00027961624590189835,1
299,28339,0,100,0.8504330555555556,0.0005149245321808848,0
300,28439,0,100,0.8499052777777778,0.0004473575404699659,0
301,28539,0,100,0.8493775,0.0004915816913126037,0
302,28550,0.901,11,0.8493194444444444,0.00041439692325763065,1
303,28650,0,100,0.8487916666666666,0.0005338145390851423,0
304,28750,0,100,0.8482638888888889,0.0004945838327694218,0
305,28850,0,100,0.8477361111111111,0.0004588594632150489,0
306,28950,0,100,0.8472083333333333,0.000469187983617303,0
307,29050,0,100,0.8466805555555555,0.0005675626012816793,0
308,29150,0,100,0.8461527777777778,0.0006331515195051907,0
309,29250,0,100,0.8456250000000001,0.0006012141378596425,0
310,29350,0,100,0.8450972222222222,0.0006176555403362726,0
311,29450,0,100,0.8445694444444445,0.0007570851210039109,0
312,29550,0,100,0.8440416666666667,0.0005314845422253711,0
313,29650,0,100,0.8435138888888889,0.0006102195179119008,0
314,29750,0,100,0.8429861111111111,0.0004946826061495812,0
315,29850,0,100,0.8424583333333333,0.0005472463290061569,0
316,29950,0,100,0.8419305555555556,0.0006708267609792528,0
317,30050,0,100,0.8414027777777777,0.0005698907386977225,0
318,30150,0,100,0.840875,0.0005307975433242973,0
319,30226,0.31599999999999995,76,0.840473888888889,0.0007537424165715684,1
320,30326,0,100,0.8399461111111111,0.0006610341668420005,0
321,30426,0,100,0.8394183333333334,0.0005988799878105056,0
322,30526,0,100,0.8388905555555556,0.0005081389939005021,0
323,30626,0,100,0.8383627777777778,0.0005204570206115022,0
324,30726,0,100,0.837835,0.000640979184754542,0
325,30826,0,100,0.8373072222222222,0.0006133342035172973,0
326,30926,0,100,0.8367794444444445,0.0006258933211938711,0
327,31026,0,100,0.8362516666666666,0.0006949045789224329,0
328,31126,0,100,0.8357238888888889,0.0008695048224035418,0
329,31226,0,100,0.8351961111111111,0.0006501962768379599,0
330,31308,0.262,82,0.8347633333333333,0.0006468990565137086,1
331,31408,0,100,0.8342355555555556,0.0005559106791770318,0
332,31508,0,100,0.8337077777777777,0.0006073006611404708,0
333,31608,0,100,0.83318,0.0006647598655399634,0
334,31708,0,100,0.8326522222222222,0.0005385089202900417,0
335,31808,0,100,0.8321244444444444,0.0006767239004693693,0
336,31908,0,100,0.8315966666666667,0.0006286957339034416,0
337,32008,0,100,0.8310688888888889,0.0006500072795461165,0
338,32108,0,100,0.8305411111111112,0.0007768854688765714,0
339,32208,0,100,0.8300133333333334,0.0007140168051773799,0
340,32308,0,100,0.8294855555555556,0.0007315058133826824,0
341,32408,0,100,0.8289577777777778,0.0008322131598833949,0
342,32508,0,100,0.82843,0.0009099714880721877,0
343,32608,0,100,0.8279022222222222,0.000765922243881505,0
344,32708,0,100,0.8273744444444444,0.0007076275160943624,0
345,32808,0,100,0.8268466666666667,0.0007919095259421737,0
346,32908,0,100,0.8263188888888889,0.0005613530298433034,0
347,33008,0,100,0.8257911111111111,0.0006876868849940366,0
348,33108,0,100,0.8252633333333333,0.0007432215707376599,0
349,33208,0,100,0.8247355555555556,0.0006875365682935808,0
350,33308,0,100,0.8242077777777778,0.0007570409039908554,0
351,33408,0,100,0.82368,0.0005810750892851501,0
352,33508,0,100,0.8231522222222223,0.0006696850417938549,0
353,33608,0,100,0.8226244444444445,0.00065019575667975,0
354,33708,0,100,0.8220966666666667,0.0006905998794536572,0
355,33808,0,100,0.8215688888888889,0.0007368686408153735,0
356,33908,0,100,0.8210411111111111,0.000860575138067361,0
357,33973,0.4149999999999999,65,0.8206980555555555,0.0006128541625982437,1
358,34073,0,100,0.8201702777777777,0.0008245200260716956,0
359,34173,0,100,0.8196425,0.0007892309588351054,0
360,34273,0,100,0.8191147222222223,0.0006826070047100075,0
361,34373,0,100,0.8185869444444445,0.0007747463328996673,0
362,34473,0,100,0.8180591666666667,0.0007604554649878991,0
363,34573,0,100,0.8175313888888889,0.0006251287315535592,0
364,34673,0,100,0.8170036111111111,0.0008322671718633501,0
365,34773,0,100,0.8164758333333333,0.0008123968696600059,0
366,34873,0,100,0.8159480555555556,0.0007207469033528468,0
367,34973,0,100,0.8154202777777778,0.0006453607731236843,0
368,35073,0,100,0.8148925,0.0008221708121709526,0
369,35173,0,100,0.8143647222222222,0.0007657018758618505,0
370,35273,0,100,0.8138369444444444,0.0007524923485470935,0
371,35373,0,100,0.8133091666666666,0.0007709972102747997,0
372,35473,0,100,0.8127813888888888,0.0005907005902554374,0
373,35573,0,100,0.8122536111111112,0.000712090688830358,0
374,35673,0,100,0.8117258333333334,0.0006854170453880215,0
375,35773,0,100,0.8111980555555556,0.0009002404203056357,0
376,35873,0,100,0.8106702777777778,0.0007166255320771597,0
377,35973,0,100,0.8101425,0.0009996247588424012,0
378,35979,0.946,6,0.8101108333333333,0.000483646794843177,1
379,36079,0,100,0.8095830555555555,0.0010734332562424244,0
380,36179,0,100,0.8090552777777777,0.0009760044659196864,0
381,36279,0,100,0.8085275000000001,0.0008503654642117908,0
382,36379,0,100,0.8079997222222222,0.0008191230899683433,0
383,36479,0,100,0.8074719444444445,0.000711902911280049,0
384,36579,0,100,0.8069441666666667,0.0008657216157735093,0
385,36679,0,100,0.8064163888888889,0.0009541709217592143,0
386,36779,0,100,0.8058886111111111,0.0007532531320612179,0
387,36879,0,100,0.8053608333333333,0.0007806047297344776,0
388,36979,0,100,0.8048330555555556,0.0009375344940053765,0
389,37017,0.6579999999999999,38,0.8046325,0.0008287063040035335,1
390,37117,0,100,0.8041047222222222,0.000828123979154043,0
391,37217,0,100,0.8035769444444445,0.0010862242120492738,0
392,37317,0,100,0.8030491666666667,0.0008149608236999484,0
393,37417,0,100,0.8025213888888889,0.000965226775733754,0
394,37517,0,100,0.8019936111111111,0.0008595399204932619,0
395,37617,0,100,0.8014658333333333,0.0009115797736740205,0
396,37717,0,100,0.8009380555555555,0.000899728909280384,0
397,37817,0,100,0.8004102777777777,0.0008537525623978581,0
398,37917,0,100,0.7998825,0.000899996392254252,0
399,38017,0,100,0.7993547222222223,0.0007332149201829452,0
400,38117,0,100,0.7988269444444445,0.0007710955380753148,0
401,38217,0,100,0.7982991666666667,0.0009733744564437074,0
402,38317,0,100,0.7977713888888889,0.0009213021651521558,0
403,38417,0,100,0.7972436111111112,0.0008832078754494432,0
404,38517,0,100,0.7967158333333333,0.0008645061359857209,0
405,38617,0,100,0.7961880555555556,0.0009298629658587743,0
406,38717,0,100,0.7956602777777778,0.0008908892337785801,0
407,38817,0,100,0.7951325,0.0008026478230021894,0
408,38917,0,100,0.7946047222222222,0.0008849866078526247,0
409,39017,0,100,0.7940769444444444,0.0009443288626789581,0
410,39117,0,100,0.7935491666666667,0.001053488453180762,0
411,39173,0.4959999999999999,56,0.7932536111111111,0.0009768450289422098,1
412,39273,0,100,0.7927258333333334,0.0008204552333336324,0
413,39373,0,100,0.7921980555555556,0.0008610661565035116,0
414,39473,0,100,0.7916702777777778,0.0008614266243966995,0
415,39573,0,100,0.7911425000000001,0.0008485824279341614,0
416,39673,0,100,0.7906147222222222,0.0009806502134597395,0
417,39773,0,100,0.7900869444444445,0.0007243119284976274,0
418,39873,0,100,0.7895591666666667,0.0009047912954702042,0
419,39973,0,100,0.7890313888888889,0.0009395222918101353,0
420,40073,0,100,0.7885036111111111,0.0009314587689004839,0
421,40173,0,100,0.7879758333333333,0.0009618906468676869,0
422,40273,0,100,0.7874480555555556,0.0010748633506591431,0
423,40373,0,100,0.7869202777777777,0.000986233760631876,0
424,40473,0,100,0.7863925,0.0008019576658989536,0
425,40573,0,100,0.7858647222222223,0.0007934394203766715,0
426,40673,0,100,0.7853369444444445,0.0007313303519913461,0
427,40773,0,100,0.7848091666666667,0.000964599932776764,0
428,40873,0,100,0.7842813888888889,0.0007539812950562918,0
429,40973,0,100,0.7837536111111111,0.0009008612969773821,0
430,41073,0,100,0.7832258333333333,0.0011370442135375924,0
431,41173,0,100,0.7826980555555556,0.0009234901222225744,0
432,41273,0,100,0.7821702777777778,0.0009781809417472686,0
433,41373,0,100,0.7816425,0.0008543549024761887,0
434,41473,0,100,0.7811147222222222,0.0008923514511116081,0
435,41573,0,100,0.7805869444444444,0.0008069799253644306,0
436,41673,0,100,0.7800591666666666,0.0009385228619794361,0
437,41773,0,100,0.7795313888888888,0.0009720827527053188,0
438,41873,0,100,0.7790036111111112,0.0008996823380584829,0
439,41973,0,100,0.7784758333333334,0.0009575196229707217,0
440,42073,0,100,0.7779480555555556,0.0009402539000438992,0
441,42173,0,100,0.7774202777777778,0.0009457528552593431,0
442,42273,0,100,0.7768925,0.0009967766793852206,0
443,42373,0,100,0.7763647222222222,0.0009119400804047473,0
444,42473,0,100,0.7758369444444444,0.0008856982571887784,0
445,42573,0,100,0.7753091666666667,0.0010813716010306962,0
446,42577,0.964,4,0.7752880555555556,0.0009581410413375124,1
447,42677,0,100,0.7747602777777778,0.0007794966327492148,0
448,42777,0,100,0.7742325,0.0008555546999559737,0
449,42877,0,100,0.7737047222222222,0.0009666100445610937,0
450,42977,0,100,0.7731769444444445,0.000945177504181629,0
451,43077,0,100,0.7726491666666666,0.0009299149263824802,0
452,43177,0,100,0.7721213888888889,0.0008421174203976988,0
453,43277,0,100,0.7715936111111111,0.001053719328774605,0
454,43377,0,100,0.7710658333333333,0.0009232846296799835,0
455,43477,0,100,0.7705380555555555,0.000836020101851318,0
456,43577,0,100,0.7700102777777778,0.0008349010693200398,0
457,43677,0,100,0.7694825000000001,0.0009286522233742289,0
458,43777,0,100,0.7689547222222222,0.0008189297922945116,0
459,43877,0,100,0.7684269444444445,0.0010507555824005976,0
460,43977,0,100,0.7678991666666667,0.0010579285599669674,0
461,44077,0,100,0.7673713888888889,0.001234244197839871,0
462,44171,0.15400000000000003,94,0.7668752777777778,0.0009768695755988023,1
463,44205,0.694,34,0.7666958333333334,0.0014775560583289275,1
464,44305,0,100,0.7661680555555556,0.0009868255023320672,0
465,44405,0,100,0.7656402777777778,0.0009613335900940001,0
466,44442,0.667,37,0.765445,0.001175716386815357,1
467,44542,0,100,0.7649172222222222,0.0008891887891513761,0
468,44642,0,100,0.7643894444444445,0.00083331038695178,0
469,44742,0,100,0.7638616666666667,0.0010510989783506376,0
470,44842,0,100,0.7633338888888889,0.000897924609889742,0
471,44942,0,100,0.7628061111111111,0.0008170330250868574,0
472,45042,0,100,0.7622783333333334,0.0009662816105992533,0
473,45142,0,100,0.7617505555555556,0.0009978306505945512,0
474,45242,0,100,0.7612227777777778,0.001068460755777778,0
475,45342,0,100,0.760695,0.0010709249356295914,0
476,45391,0.5589999999999999,49,0.7604363888888889,0.001382345201837241,1
477,45491,0,100,0.7599086111111111,0.0010596107107267016,0
478,45591,0,100,0.7593808333333333,0.0011709914292441681,0
479,45691,0,100,0.7588530555555556,0.0010606758594803977,0
480,45791,0,100,0.7583252777777778,0.0008818157920904924,0
481,45891,0,100,0.7577975,0.0008286294140270911,0
482,45991,0,100,0.7572697222222222,0.0009408524187892908,0
483,46091,0,100,0.7567419444444444,0.0010431695111037698,0
484,46191,0,100,0.7562141666666666,0.0010031209408771246,0
485,46291,0,100,0.7556863888888888,0.001088343810697552,0
486,46391,0,100,0.7551586111111112,0.000943259235136793,0
487,46491,0,100,0.7546308333333334,0.0010191390329418936,0
488,46591,0,100,0.7541030555555556,0.0010488926825928501,0
489,46691,0,100,0.7535752777777778,0.0009218115198746091,0
490,46791,0,100,0.7530475,0.0012158979305968388,0
491,46891,0,100,0.7525197222222222,0.0010794579426874407,0
492,46991,0,100,0.7519919444444445,0.0010603455440286779,0
493,47091,0,100,0.7514641666666667,0.0012039203495078255,0
494,47191,0,100,0.7509363888888889,0.0009971210306684952,0
495,47291,0,100,0.7504086111111111,0.0009648251331236679,0
496,47391,0,100,0.7498808333333333,0.0011158967507071793,0
497,47491,0,100,0.7493530555555555,0.0010664784583786968,0
498,47554,0.43299999999999994,63,0.7490205555555556,0.0009296587580585823,1
499,47654,0,100,0.7484927777777778,0.0012162858858937398,0
500,47693,0.649,39,0.7482869444444444,0.0009870967739679588,1
501,47793,0,100,0.7477591666666666,0.0011568184944917449,0
502,47839,0.586,46,0.7475163888888889,0.0010770186663253496,1
503,47939,0,100,0.7469886111111111,0.0010117923421785234,0
504,48039,0,100,0.7464608333333334,0.0011978462035767733,0
505,48139,0,100,0.7459330555555556,0.0010531928605632857,0
506,48239,0,100,0.7454052777777778,0.0011367997628985904,0
507,48339,0,100,0.7448775000000001,0.0009566905000247062,0
508,48439,0,100,0.7443497222222222,0.0011265521741006524,0
509,48539,0,100,0.7438219444444445,0.0009815146030086907,0
510,48639,0,100,0.7432941666666667,0.0010649450567143503,0
511,48739,0,100,0.7427663888888889,0.0010545821975392756,0
512,48839,0,100,0.7422386111111111,0.0009695399545307737,0
513,48939,0,100,0.7417108333333333,0.0011348434029787313,0
514,49039,0,100,0.7411830555555556,0.000962275200872682,0
515,49139,0,100,0.7406552777777777,0.0013975619761913548,0
516,49239,0,100,0.7401275,0.0012294619518797845,0
517,49339,0,100,0.7395997222222223,0.0011242017560289242,0
518,49367,0.748,28,0.7394519444444445,0.001282979686948238,1
519,49467,0,100,0.7389241666666667,0.0010054603790922555,0
520,49567,0,100,0.7383963888888889,0.000997193495859392,0
521,49667,0,100,0.7378686111111111,0.0009728013146377635,0
522,49767,0,100,0.7373408333333333,0.001180536293250043,0
523,49867,0,100,0.7368130555555555,0.0010760264906275552,0
524,49967,0,100,0.7362852777777777,0.00119166541742743,0
525,50067,0,100,0.7357575000000001,0.001147823283536127,0
526,50167,0,100,0.7352297222222223,0.001102341586665716,0
527,50267,0,100,0.7347019444444445,0.0012396268984593917,0
528,50367,0,100,0.7341741666666667,0.0011603534672758541,0
529,50467,0,100,0.7336463888888889,0.00103261455471511,0
530,50567,0,100,0.7331186111111112,0.0011466560770350043,0
531,50667,0,100,0.7325908333333333,0.0011839549684373196,0
532,50719,0.532,52,0.732316388888889,0.0010154243766289884,1
533,50819,0,100,0.7317886111111112,0.001182395523719606,0
534,50919,0,100,0.7312608333333334,0.0011780589097179473,0
535,51019,0,100,0.7307330555555556,0.001078094452386722,0
536,51119,0,100,0.7302052777777778,0.0014442073041573166,0
537,51219,0,100,0.7296775,0.0011085432154504815,0
538,51319,0,100,0.7291497222222223,0.0010947632529132534,0
539,51419,0,100,0.7286219444444445,0.0011308668240963015,0
540,51519,0,100,0.7280941666666667,0.0012057969827583292,0
541,51619,0,100,0.7275663888888889,0.0011818517633219016,0
542,51719,0,100,0.7270386111111111,0.0015135847228521016,0
543,51819,0,100,0.7265108333333333,0.0010657966596772895,0
544,51919,0,100,0.7259830555555555,0.0010156894814281258,0
545,52019,0,100,0.7254552777777779,0.0011205636614613468,0
546,52119,0,100,0.7249275000000001,0.001455130873800954,0
547,52219,0,100,0.7243997222222223,0.0013825768543756568,0
548,52319,0,100,0.7238719444444445,0.0013512558076763527,0
549,52419,0,100,0.7233441666666667,0.0011995293635118287,0
550,52519,0,100,0.722816388888889,0.0013116950921539684,0
551,52577,0.478,58,0.7225102777777779,0.0011468086109932207,1
552,52677,0,100,0.7219825,0.0011116012137790676,0
553,52777,0,100,0.7214547222222223,0.0015146466978330864,0
554,52877,0,100,0.7209269444444445,0.0010324045970628503,0
555,52977,0,100,0.7203991666666667,0.0013728427301975899,0
556,53077,0,100,0.7198713888888889,0.0012262316109263338,0
557,53177,0,100,0.7193436111111111,0.0014255727242561988,0
558,53277,0,100,0.7188158333333334,0.0010962818264670204,0
559,53377,0,100,0.7182880555555555,0.0011921397165133385,0
560,53477,0,100,0.7177602777777778,0.0011091486748773605,0
561,53577,0,100,0.7172324999999999,0.0016631228824553546,0
562,53677,0,100,0.7167047222222223,0.0012831747325253674,0
563,53777,0,100,0.7161769444444445,0.001575172387820203,0
564,53877,0,100,0.7156491666666667,0.0013000938152254093,0
565,53977,0,100,0.715121388888889,0.0011468743185105267,0
566,54077,0,100,0.7145936111111111,0.0011288600601255894,0
567,54177,0,100,0.7140658333333334,0.0014048226166050882,0
568,54277,0,100,0.7135380555555555,0.0015452559407276567,0
569,54377,0,100,0.7130102777777778,0.0013664902186428663,0
570,54477,0,100,0.7124825,0.0014240161857742351,0
571,54577,0,100,0.7119547222222222,0.001471518156467937,0
572,54677,0,100,0.7114269444444445,0.0014314683282282204,0
573,54777,0,100,0.7108991666666666,0.001328436344047077,0
574,54877,0,100,0.710371388888889,0.001216591246193275,0
575,54977,0,100,0.709843611111111,0.0012719012293382547,0
576,55077,0,100,0.7093158333333334,0.001504917282727547,0
577,55177,0,100,0.7087880555555555,0.0013145080105459784,0
578,55277,0,100,0.7082602777777778,0.0013779903402610216,0
579,55377,0,100,0.7077325000000001,0.0013729008481459459,0
580,55477,0,100,0.7072047222222222,0.0012775924841116647,0
581,55577,0,100,0.7066769444444445,0.0014202965098957065,0
582,55677,0,100,0.7061491666666666,0.001333680224197451,0
583,55694,0.847,17,0.7060594444444444,0.0012185647244811716,1
584,55794,0,100,0.7055316666666667,0.00113388535908598,0
585,55894,0,100,0.705003888888889,0.0014592978585278615,0
586,55942,0.5680000000000001,48,0.7047505555555555,0.001470309039480829,1
587,56042,0,100,0.7042227777777779,0.0013251999687054195,0
588,56142,0,100,0.703695,0.0014478545307792957,0
589,56242,0,100,0.7031672222222223,0.0016452936219866388,0
590,56342,0,100,0.7026394444444444,0.001446892009989824,0
591,56428,0.22599999999999998,86,0.7021855555555556,0.0013744169340244234,1
592,56528,0,100,0.7016577777777777,0.0012287467400892637,0
593,56628,0,100,0.70113,0.001470407152082771,0
594,56728,0,100,0.7006022222222222,0.0014292855057283305,0
595,56828,0,100,0.7000744444444444,0.0015217499500431587,0
596,56928,0,100,0.6995466666666668,0.0014177284097240772,0
597,56934,0.946,6,0.699515,0.0018878256232710555,1
598,57034,0,100,0.6989872222222222,0.0013757053506560624,0
599,57134,0,100,0.6984594444444445,0.0015723015365074389,0
600,57234,0,100,0.6979316666666666,0.0015361621981719508,0
601,57334,0,100,0.6974038888888889,0.0012565523930243216,0
602,57434,0,100,0.696876111111111,0.0015048888466844801,0
603,57534,0,100,0.6963483333333333,0.0012699618012993596,0
604,57634,0,100,0.6958205555555556,0.0014916017604991794,0
605,57734,0,100,0.6952927777777778,0.001619208761549089,0
606,57834,0,100,0.6947650000000001,0.0014843841711990535,0
607,57934,0,100,0.6942372222222222,0.0013368582907423842,0
608,58034,0,100,0.6937094444444445,0.0014090001728618517,0
609,58134,0,100,0.6931816666666667,0.0014752603917440865,0
610,58234,0,100,0.6926538888888889,0.0012738676897424738,0
611,58334,0,100,0.6921261111111111,0.001490448382246541,0
612,58350,0.856,16,0.6920416666666667,0.0011788933952630032,1
613,58450,0,100,0.6915138888888889,0.001369968330473057,0
614,58550,0,100,0.6909861111111111,0.0013987093701143748,0
615,58650,0,100,0.6904583333333334,0.0011929389957367675,0
616,58750,0,100,0.6899305555555555,0.0013426496724423488,0
617,58850,0,100,0.6894027777777778,0.0012646790531289297,0
618,58950,0,100,0.688875,0.0014674926610314287,0
619,59050,0,100,0.6883472222222222,0.0017241675801051314,0
620,59150,0,100,0.6878194444444444,0.0015398551330144982,0
621,59250,0,100,0.6872916666666666,0.0017449596582446247,0
622,59350,0,100,0.686763888888889,0.001356565705500543,0
623,59450,0,100,0.686236111111111,0.0015908055920590414,0
624,59550,0,100,0.6857083333333334,0.0016070029589172919,0
625,59650,0,100,0.6851805555555556,0.001345330995536642,0
626,59750,0,100,0.6846527777777778,0.0014543922778102569,0
627,59850,0,100,0.684125,0.001619357318850234,0
628,59950,0,100,0.6835972222222222,0.001611014994996367,0
629,60050,0,100,0.6830694444444445,0.001501828585023759,0
630,60150,0,100,0.6825416666666666,0.0017288881700369529,0
631,60250,0,100,0.6820138888888889,0.0014052934139908756,0
632,60350,0,100,0.6814861111111111,0.0014314051436667796,0
633,60450,0,100,0.6809583333333333,0.001396830400917679,0
634,60550,0,100,0.6804305555555555,0.0016348417291010265,0
635,60650,0,100,0.6799027777777777,0.0017893662772257813,0
636,60750,0,100,0.6793750000000001,0.001559100154263433,0
637,60850,0,100,0.6788472222222222,0.0016543452790938318,0
638,60950,0,100,0.6783194444444445,0.0016483922337647528,0
639,61050,0,100,0.6777916666666667,0.0018315355147933588,0
640,61150,0,100,0.6772638888888889,0.0018346486755763181,0
641,61250,0,100,0.6767361111111111,0.0015213845060497988,0
642,61350,0,100,0.6762083333333333,0.0017435099944123067,0
643,61450,0,100,0.6756805555555556,0.0015938988796551712,0
644,61550,0,100,0.6751527777777778,0.0017396154066955205,0
645,61650,0,100,0.674625,0.0016603743887390011,0
646,61750,0,100,0.6740972222222222,0.0016923048229364212,0
647,61850,0,100,0.6735694444444444,0.001508292078942759,0
648,61950,0,100,0.6730416666666666,0.0016401037693140096,0
649,62050,0,100,0.6725138888888889,0.0014778712182305753,0
650,62150,0,100,0.6719861111111112,0.0020202829370100516,0
651,62250,0,100,0.6714583333333334,0.0016202356230496661,0
652,62294,0.604,44,0.6712261111111111,0.0018902155530998823,1
653,62394,0,100,0.6706983333333334,0.00137581448405399,0
654,62494,0,100,0.6701705555555556,0.0019310279727505985,0
655,62594,0,100,0.6696427777777778,0.001621805223840056,0
656,62690,0.136,96,0.6691361111111112,0.0015786277184209514,1
657,62790,0,100,0.6686083333333334,0.0015933189240604406,0
658,62890,0,100,0.6680805555555556,0.0017988706557662227,0
659,62990,0,100,0.6675527777777778,0.0017385545482102316,0
660,63090,0,100,0.667025,0.0016481935935735237,0
661,63170,0.2799999999999999,80,0.6666027777777778,0.001878269794906373,1
662,63270,0,100,0.666075,0.0016359901195392012,0
663,63370,0,100,0.6655472222222223,0.001649402289185673,0
664,63470,0,100,0.6650194444444445,0.0018710764567367733,0
665,63570,0,100,0.6644916666666667,0.001432764669007156,0
666,63670,0,100,0.6639638888888889,0.001667452553519979,0
667,63770,0,100,0.6634361111111111,0.0018224197496601847,0
668,63870,0,100,0.6629083333333333,0.0017738901707343756,0
669,63970,0,100,0.6623805555555555,0.0017553101859812158,0
670,64070,0,100,0.6618527777777778,0.0019143507072294597,0
671,64170,0,100,0.661325,0.0018963464026455767,0
672,64270,0,100,0.6607972222222223,0.0016119159144727746,0
673,64370,0,100,0.6602694444444445,0.0017612178233684971,0
674,64470,0,100,0.6597416666666667,0.0015723957541922573,0
675,64570,0,100,0.659213888888889,0.001424224840302486,0
676,64636,0.4059999999999999,66,0.6588655555555556,0.0016941314163638956,1
677,64736,0,100,0.6583377777777778,0.0015933136142848524,0
678,64836,0,100,0.65781,0.001540674597636098,0
679,64936,0,100,0.6572822222222223,0.0014550581213552505,0
680,65036,0,100,0.6567544444444444,0.0018125539533502889,0
681,65136,0,100,0.6562266666666667,0.001766705299669411,0
682,65236,0,100,0.6556988888888889,0.001609347465710016,0
683,65273,0.667,37,0.6555036111111111,0.0019433643484827936,1
684,65373,0,100,0.6549758333333333,0.0017743210520711728,0
685,65473,0,100,0.6544480555555556,0.0017089607342495583,0
686,65573,0,100,0.6539202777777778,0.0017771690114750528,0
687,65673,0,100,0.6533925,0.001916366604709765,0
688,65701,0.748,28,0.6532447222222222,0.0013766649509696955,1
689,65801,0,100,0.6527169444444445,0.0019185536775330548,0
690,65901,0,100,0.6521891666666667,0.0017606388943386265,0
691,66001,0,100,0.6516613888888889,0.00165666362416232,0
692,66101,0,100,0.6511336111111111,0.001845500160998199,0
693,66201,0,100,0.6506058333333333,0.0018915299761283677,0
694,66301,0,100,0.6500780555555556,0.0016830353926343378,0
695,66401,0,100,0.6495502777777777,0.001662862382218009,0
696,66501,0,100,0.6490225000000001,0.001873026051762281,0
697,66526,0.775,25,0.6488905555555555,0.0021233858331106605,1
698,66626,0,100,0.6483627777777778,0.002200378563866252,0
699,66726,0,100,0.647835,0.0018038295082806145,0
700,66826,0.09999999999999998,100,0.6473072222222223,0.0018195156342699192,1
701,66926,0,100,0.6467794444444445,0.0016185277109616435,0
702,67026,0,100,0.6462516666666667,0.0018808347492449684,0
703,67057,0.721,31,0.6460880555555556,0.00258214203002412,1
704,67157,0,100,0.6455602777777778,0.0018876152962911874,0
705,67257,0,100,0.6450325,0.0018937751559133175,0
706,67357,0,100,0.6445047222222222,0.0019994509321986697,0
707,67457,0,100,0.6439769444444445,0.0017591035552322865,0
708,67557,0,100,0.6434491666666666,0.0019759870365669485,0
709,67657,0,100,0.642921388888889,0.0017075359456066507,0
710,67757,0,100,0.6423936111111112,0.0017918938260118012,0
711,67857,0,100,0.6418658333333334,0.0018184493805165403,0
712,67957,0,100,0.6413380555555557,0.001829510098323226,0
713,68057,0,100,0.6408102777777778,0.0019021742245240603,0
714,68157,0,100,0.6402825000000001,0.0018565612329985014,0
715,68257,0,100,0.6397547222222222,0.0016815829067490995,0
716,68357,0,100,0.6392269444444445,0.002009581886668457,0
717,68457,0,100,0.6386991666666666,0.001977221864945022,0
718,68557,0,100,0.6381713888888889,0.0018967156023427377,0
719,68657,0,100,0.6376436111111112,0.0023421947164752057,0
720,68757,0,100,0.6371158333333333,0.001978754965821281,0
721,68857,0,100,0.6365880555555556,0.0024377159732102884,0
722,68957,0,100,0.6360602777777777,0.002083594732102938,0
723,69057,0,100,0.6355325000000001,0.0024775507306912916,0
724,69140,0.253,83,0.6350944444444444,0.0019968969102932073,1
725,69240,0,100,0.6345666666666667,0.0018860219801717904,0
726,69340,0,100,0.6340388888888888,0.001961102910572663,0
727,69440,0,100,0.6335111111111111,0.0020229568486684,0
728,69540,0,100,0.6329833333333335,0.00171314062201418,0
729,69640,0,100,0.6324555555555555,0.0019788180620525964,0
730,69740,0,100,0.6319277777777779,0.0018566098982410039,0
731,69840,0,100,0.6314,0.0019527627344359643,0
732,69940,0,100,0.6308722222222223,0.00217287021165248,0
733,70040,0,100,0.6303444444444444,0.0020241454607457855,0
734,70140,0,100,0.6298166666666667,0.002002852226723917,0
735,70240,0,100,0.6292888888888889,0.0020252484059892595,0
736,70340,0,100,0.6287611111111111,0.0022427871142281217,0
737,70440,0,100,0.6282333333333334,0.002278434023610316,0
738,70540,0,100,0.6277055555555555,0.0019755651327432134,0
739,70640,0,100,0.6271777777777778,0.0021278124256059526,0
740,70740,0,100,0.6266499999999999,0.001941883818653878,0
741,70840,0,100,0.6261222222222222,0.0018744759308174253,0
742,70940,0,100,0.6255944444444445,0.0019668024667771535,0
743,71040,0,100,0.6250666666666667,0.002086828577448614,0
744,71140,0,100,0.624538888888889,0.002260943152650725,0
745,71173,0.703,33,0.6243647222222222,0.0017358168375777136,1
746,71273,0,100,0.6238369444444445,0.002133833146071993,0
747,71373,0,100,0.6233091666666667,0.0023062466870760545,0
748,71385,0.892,12,0.6232458333333333,0.0012982411523504804,1
749,71485,0,100,0.6227180555555556,0.0020942966066650115,0
750,71585,0,100,0.6221902777777778,0.0019780199060915036,0
751,71685,0,100,0.6216625,0.0019051519208005629,0
752,71785,0,100,0.6211347222222222,0.001987244266201742,0
753,71885,0,100,0.6206069444444444,0.00216009982425021,0
754,71985,0,100,0.6200791666666667,0.0021671361807966607,0
755,72085,0,100,0.6195513888888888,0.0021607056612265294,0
756,72185,0,100,0.6190236111111111,0.0018090190859220456,0
757,72285,0,100,0.6184958333333334,0.002252975273731863,0
758,72385,0,100,0.6179680555555556,0.0020525967370485887,0
759,72485,0,100,0.6174402777777778,0.0017768291399988811,0
760,72585,0,100,0.6169125,0.0023490715722437015,0
761,72685,0,100,0.6163847222222223,0.0018801767943659798,0
762,72785,0,100,0.6158569444444444,0.0017002117302035913,0
763,72885,0,100,0.6153291666666667,0.0021494272477866616,0
764,72985,0,100,0.6148013888888889,0.0021178568106552122,0
765,73085,0,100,0.6142736111111111,0.0027075966764823533,0
766,73174,0.19899999999999995,89,0.6138038888888889,0.0019044510662435355,1
767,73274,0,100,0.6132761111111111,0.0022424145218974444,0
768,73374,0,100,0.6127483333333333,0.0026868524629389866,0
769,73474,0,100,0.6122205555555555,0.002429538293654332,0
770,73574,0,100,0.6116927777777778,0.0018010831296851393,0
771,73674,0,100,0.611165,0.0021019772106956225,0
772,73774,0,100,0.6106372222222223,0.002015356294286903,0
773,73874,0,100,0.6101094444444445,0.0019939448649529366,0
774,73974,0,100,0.6095816666666667,0.002274703995062737,0
775,73993,0.829,19,0.6094813888888889,0.0018499507147536956,1
776,74093,0,100,0.6089536111111111,0.0023552786378422752,0
777,74193,0,100,0.6084258333333333,0.002092589743406279,0
778,74293,0,100,0.6078980555555555,0.0023095315639511684,0
779,74393,0,100,0.6073702777777779,0.0021223070587439,0
780,74493,0,100,0.6068425,0.0021649711395730267,0
781,74593,0,100,0.6063147222222223,0.002037763147673104,0
782,74693,0,100,0.6057869444444445,0.0020662761048879474,0
783,74793,0,100,0.6052591666666667,0.0024112601377419196,0
784,74893,0,100,0.6047313888888889,0.0019273730633722153,0
785,74993,0,100,0.6042036111111111,0.0024452750038472006,0
786,75093,0,100,0.6036758333333334,0.0021640938255586663,0
787,75193,0,100,0.6031480555555555,0.0021712523090536705,0
788,75293,0,100,0.6026202777777778,0.0020456239154736976,0
789,75393,0,100,0.6020925,0.00225231398595497,0
790,75493,0,100,0.6015647222222222,0.002474243697070051,0
791,75593,0,100,0.6010369444444444,0.002143437446793541,0
792,75693,0,100,0.6005091666666666,0.0019966232072329147,0
793,75793,0,100,0.599981388888889,0.0019523374536947813,0
794,75893,0,100,0.5994536111111111,0.0019317042108741589,0
795,75993,0,100,0.5989258333333334,0.002158839207259007,0
796,76093,0,100,0.5983980555555556,0.0023210528620984405,0
797,76193,0,100,0.5978702777777778,0.002257886067673098,0
798,76293,0,100,0.5973425,0.002282366549479775,0
799,76393,0,100,0.5968147222222222,0.0020684447171515786,0
800,76439,0.586,46,0.5965719444444444,0.002484781502457538,1
801,76539,0,100,0.5960441666666667,0.002618637054838473,0
802,76639,0,100,0.5955163888888889,0.002289638449292397,0
803,76739,0,100,0.5949886111111111,0.0021485089109046385,0
804,76839,0,100,0.5944608333333333,0.0020329182100249452,0
805,76894,0.5049999999999999,55,0.5941705555555556,0.0021418046290901573,1
806,76994,0,100,0.5936427777777777,0.002077160603221273,0
807,77094,0,100,0.5931150000000001,0.002542570797086228,0
808,77194,0,100,0.5925872222222223,0.0023192590071994344,0
809,77294,0,100,0.5920594444444445,0.0020787971855315847,0
810,77394,0,100,0.5915316666666667,0.0023068109346786516,0
811,77494,0,100,0.5910038888888889,0.0023950011233682743,0
812,77594,0,100,0.5904761111111112,0.0021022587992047194,0
813,77694,0,100,0.5899483333333333,0.0025550367604591884,0
814,77794,0,100,0.5894205555555556,0.0019662653974955903,0
815,77894,0,100,0.5888927777777778,0.00202705966308713,0
816,77994,0,100,0.588365,0.002418741707515437,0
817,78094,0,100,0.5878372222222222,0.002226413139142096,0
818,78194,0,100,0.5873094444444444,0.002218089707312174,0
819,78294,0,100,0.5867816666666668,0.0027588480681879444,0
820,78394,0,100,0.5862538888888889,0.002516773548850324,0
821,78494,0,100,0.5857261111111112,0.0024450704602350017,0
822,78594,0,100,0.5851983333333334,0.002148161355580669,0
823,78694,0,100,0.5846705555555556,0.0021479555149562656,0
824,78794,0,100,0.5841427777777778,0.00215374908366357,0
825,78894,0,100,0.583615,0.002270881080039544,0
826,78994,0,100,0.5830872222222223,0.002466040954750497,0
827,79094,0,100,0.5825594444444444,0.0024506277590990067,0
828,79194,0,100,0.5820316666666667,0.0023181884762016125,0
829,79294,0,100,0.5815038888888889,0.00251629076723475,0
830,79394,0,100,0.5809761111111111,0.0024186580302193762,0
831,79494,0,100,0.5804483333333333,0.0024668765376554803,0
832,79594,0,100,0.5799205555555556,0.0022813566448166966,0
833,79694,0,100,0.5793927777777779,0.0019299585378030316,0
834,79794,0,100,0.578865,0.002528655827627517,0
835,79894,0,100,0.5783372222222223,0.002186413940653438,0
836,79994,0,100,0.5778094444444445,0.0024968979938421398,0
837,80094,0,100,0.5772816666666667,0.0028196021245094015,0
838,80194,0,100,0.5767538888888889,0.0025183990006917155,0
839,80294,0,100,0.5762261111111111,0.002174568628252018,0
840,80394,0,100,0.5756983333333334,0.002132679215283133,0
841,80494,0,100,0.5751705555555555,0.002626581234217156,0
842,80594,0,100,0.5746427777777778,0.0023441553249722346,0
843,80694,0,100,0.574115,0.0022967877822520676,0
844,80794,0,100,0.5735872222222222,0.002384713260253193,0
845,80894,0,100,0.5730594444444445,0.0022782503502094186,0
846,80962,0.3879999999999999,68,0.5727005555555555,0.0023823814453327727,1
847,81062,0,100,0.5721727777777779,0.0026367126844706944,0
848,81162,0,100,0.571645,0.002401948662736686,0
849,81262,0,100,0.5711172222222223,0.002688048483105376,0
850,81362,0,100,0.5705894444444445,0.002821977194107603,0
851,81462,0,100,0.5700616666666667,0.0023218441574135796,0
852,81562,0,100,0.569533888888889,0.0024352622195146978,0
853,81662,0,100,0.5690061111111111,0.002492801584303379,0
854,81762,0,100,0.5684783333333334,0.00227224935835693,0
855,81862,0,100,0.5679505555555555,0.00247062075904978,0
856,81962,0,100,0.5674227777777778,0.0022468712329282423,0
857,82062,0,100,0.5668949999999999,0.0026345475943526254,0
858,82162,0,100,0.5663672222222222,0.0021926517294195945,0
859,82262,0,100,0.5658394444444446,0.0024658509902656077,0
860,82341,0.2889999999999999,79,0.5654224999999999,0.002420275922661317,1
861,82441,0,100,0.5648947222222223,0.002718256622320041,0
862,82541,0,100,0.5643669444444445,0.0029592892646905966,0
863,82641,0,100,0.5638391666666667,0.002295774914964568,0
864,82741,0,100,0.563311388888889,0.002397716244740877,0
865,82841,0,100,0.5627836111111111,0.0028398714674403892,0
866,82941,0,100,0.5622558333333334,0.0024898588987707624,0
867,83041,0,100,0.5617280555555555,0.0034642374050599754,0
868,83141,0,100,0.5612002777777778,0.002552415058016777,0
869,83241,0,100,0.5606725,0.0025787747866706924,0
870,83341,0,100,0.5601447222222222,0.003109008398023434,0
871,83441,0,100,0.5596169444444445,0.0025363233273674266,0
872,83541,0,100,0.5590891666666666,0.002312306044041179,0
873,83641,0,100,0.558561388888889,0.0025931055497494526,0
874,83741,0,100,0.558033611111111,0.0025292875940795055,0
875,83841,0,100,0.5575058333333334,0.003124446906149387,0
876,83941,0,100,0.5569780555555556,0.002408045290503651,0
877,84041,0,100,0.5564502777777778,0.0027016724570421502,0
878,84141,0,100,0.5559225000000001,0.0024734685840667224,0
879,84241,0,100,0.5553947222222222,0.002703793031396344,0
880,84341,0,100,0.5548669444444445,0.00288839052838739,0
881,84441,0,100,0.5543391666666666,0.002531134760356508,0
882,84541,0,100,0.5538113888888889,0.0031883097210084086,0
883,84641,0,100,0.5532836111111111,0.002478855338413268,0
884,84741,0,100,0.5527558333333333,0.0026214420958422125,0
885,84841,0,100,0.5522280555555557,0.0026752705420949497,0
886,84941,0,100,0.5517002777777777,0.002530584846972488,0
887,85041,0,100,0.5511725000000001,0.002529252934473334,0
888,85141,0,100,0.5506447222222222,0.0023940117194433696,0
889,85241,0,100,0.5501169444444445,0.002494391792133683,0
890,85341,0,100,0.5495891666666667,0.0024932993989204987,0
891,85441,0,100,0.5490613888888889,0.002170118966023438,0
892,85541,0,100,0.5485336111111111,0.0023445715781417677,0
893,85641,0,100,0.5480058333333333,0.002807815176784061,0
894,85741,0,100,0.5474780555555556,0.0029966495031840167,0
895,85841,0,100,0.5469502777777777,0.0028321330093604045,0
896,85941,0,100,0.5464225,0.0027655023636179977,0
897,86041,0,100,0.5458947222222222,0.002838915696775075,0
898,86141,0,100,0.5453669444444444,0.00283645695366431,0
899,86241,0,100,0.5448391666666667,0.002923103358771186,0
900,86341,0,100,0.5443113888888889,0.002776706778968219,0
901,86441,0,100,0.5437836111111112,0.0034934715199051425,0
902,86541,0,100,0.5432558333333333,0.002694341496389825,0
903,86641,0,100,0.5427280555555556,0.003305175526475068,0
904,86741,0,100,0.5422002777777778,0.0030498750250262676,0
905,86841,0,100,0.5416725,0.0025001773599069564,0
906,86941,0,100,0.5411447222222222,0.0021701245810254476,0
907,87041,0,100,0.5406169444444444,0.002587864148663357,0
908,87141,0,100,0.5400891666666667,0.002719992704805918,0
909,87241,0,100,0.5395613888888888,0.002661781604983844,0
910,87341,0,100,0.5390336111111111,0.00248306510533439,0
911,87441,0,100,0.5385058333333334,0.0029128252126974985,0
912,87541,0,100,0.5379780555555556,0.0028057695072493515,0
913,87641,0,100,0.5374502777777778,0.0030079538631252946,0
914,87741,0,100,0.5369225,0.002926744061987847,0
915,87841,0,100,0.5363947222222223,0.0024433431457873667,0
916,87941,0,100,0.5358669444444444,0.002653466560295783,0
917,88036,0.14500000000000002,95,0.5353655555555555,0.0030798877543451167,1
918,88136,0,100,0.5348377777777777,0.002853588060825132,0
919,88236,0,100,0.5343100000000001,0.003139512376510538,0
920,88336,0,100,0.5337822222222223,0.0025344403710914776,0
921,88436,0,100,0.5332544444444445,0.0030954685699543915,0
922,88536,0,100,0.5327266666666667,0.0031032835466612597,0
923,88636,0,100,0.5321988888888889,0.0026240650296676903,0
924,88736,0,100,0.5316711111111111,0.0032247950704186222,0
925,88836,0,100,0.5311433333333333,0.00287744930916233,0
926,88936,0,100,0.5306155555555556,0.0034454336861381306,0
927,89036,0,100,0.5300877777777778,0.0031507707823766394,0
928,89136,0,100,0.52956,0.0028568248794181273,0
929,89236,0,100,0.5290322222222222,0.0025670743759837935,0
930,89336,0,100,0.5285044444444444,0.0028516659226443153,0
931,89436,0,100,0.5279766666666666,0.0029287865415972194,0
932,89481,0.595,45,0.5277391666666666,0.0021153713285457345,1
933,89506,0.775,25,0.5276072222222222,0.002570889199851081,1
934,89606,0,100,0.5270794444444444,0.002831276110955514,0
935,89706,0,100,0.5265516666666668,0.0028690169894252902,0
936,89806,0,100,0.5260238888888888,0.0031837278048624284,0
937,89906,0,100,0.5254961111111112,0.0023910524969687685,0
938,90006,0,100,0.5249683333333334,0.0030395376092928928,0
939,90106,0,100,0.5244405555555556,0.0031029150978429242,0
940,90206,0,100,0.5239127777777779,0.0027137448212306483,0
941,90306,0,100,0.523385,0.003186439932032954,0
942,90406,0,100,0.5228572222222223,0.003508951461990364,0
943,90506,0,100,0.5223294444444444,0.0035116557151195593,0
944,90606,0,100,0.5218016666666667,0.003187373905675486,0
945,90706,0,100,0.5212738888888888,0.0025567197748750914,0
946,90806,0,100,0.5207461111111111,0.002327614910900593,0
947,90906,0,100,0.5202183333333333,0.0024838608535355886,0
948,90941,0.685,35,0.520033611111111,0.0030172643102040248,1
949,91041,0,100,0.5195058333333333,0.0028506940620718524,0
950,91141,0,100,0.5189780555555557,0.003023223495983984,0
951,91241,0,100,0.5184502777777777,0.0030665961204795165,0
952,91341,0,100,0.5179225000000001,0.0032673318500746973,0
953,91441,0,100,0.5173947222222222,0.002980915913649369,0
954,91541,0,100,0.5168669444444445,0.003406510734494077,0
955,91641,0,100,0.5163391666666667,0.0028183327343140265,0
956,91741,0,100,0.5158113888888889,0.003056897405185737,0
957,91841,0,100,0.5152836111111112,0.0033303282616543584,0
958,91941,0,100,0.5147558333333333,0.002488095407898072,0
959,91955,0.874,14,0.5146819444444445,0.0020400683112841633,1
960,92055,0,100,0.5141541666666667,0.002922293112787884,0
961,92155,0,100,0.5136263888888888,0.0029454117550631056,0
962,92255,0,100,0.5130986111111111,0.0032139052549609915,0
963,92298,0.613,43,0.5128716666666666,0.0036771270016013363,1
964,92398,0,100,0.5123438888888889,0.0030006824096199124,0
965,92498,0,100,0.5118161111111111,0.0030763347027823328,0
966,92598,0,100,0.5112883333333333,0.0030827131136902607,0
967,92698,0,100,0.5107605555555556,0.003027107596572023,0
968,92798,0,100,0.5102327777777778,0.003265929571934976,0
969,92898,0,100,0.5097050000000001,0.0034484197534038687,0
970,92998,0,100,0.5091772222222223,0.002930313919350738,0
971,93098,0,100,0.5086494444444445,0.003509966479614377,0
972,93198,0,100,0.5081216666666666,0.0031614037015242503,0
973,93298,0,100,0.5075938888888889,0.003102118371753022,0
974,93398,0,100,0.5070661111111112,0.003215258730342612,0
975,93498,0,100,0.5065383333333333,0.0030662401973677333,0
976,93598,0,100,0.5060105555555556,0.0032322029420174658,0
977,93698,0,100,0.5054827777777777,0.0029391728204791433,0
978,93798,0,100,0.504955,0.0031429336799192243,0
979,93898,0,100,0.5044272222222222,0.0031917165537015536,0
980,93998,0,100,0.5038994444444445,0.002929802379512694,0
981,94098,0,100,0.5033716666666667,0.0029385205944709013,0
982,94188,0.18999999999999995,90,0.5028966666666668,0.002899242571179962,1
983,94288,0,100,0.5023688888888889,0.003494046749547124,0
984,94388,0,100,0.5018411111111111,0.0036925368889933453,0
985,94488,0,100,0.5013133333333333,0.0031363962225441355,0
986,94588,0,100,0.5007855555555556,0.0032832650351338087,0
987,94688,0,100,0.5002577777777778,0.00318339115488925,0
988,94788,0,100,0.4997300000000001,0.003075594309484586,0
989,94888,0,100,0.4992022222222222,0.003266532440611627,0
990,94988,0,100,0.4986744444444444,0.002596807748777792,0
991,95088,0,100,0.49814666666666674,0.0027676208849879915,0
992,95188,0,100,0.49761888888888894,0.0031277137287543154,0
993,95288,0,100,0.49709111111111115,0.0036907245963811873,0
994,95388,0,100,0.49656333333333336,0.003152577630971791,0
995,95488,0,100,0.49603555555555556,0.0028804232712718657,0
996,95588,0,100,0.49550777777777777,0.0029015971781336703,0
997,95688,0,100,0.4949800000000001,0.0032264056146959776,0
998,95788,0,100,0.4944522222222222,0.0029101671386160886,0
999,95888,0,100,0.4939244444444445,0.0029444146891182753,0
1000,95988,0,100,0.4933966666666667,0.003328898157196818,0
1001,96088,0,100,0.4928688888888889,0.0030355494233663192,0
1002,96188,0,100,0.49234111111111123,0.0029081462664180434,0
1003,96288,0,100,0.4918133333333333,0.003338744211359881,0
1004,96388,0,100,0.49128555555555553,0.003135335480037611,0
1005,96488,0,100,0.49075777777777785,0.0026288841624045743,0
1006,96588,0,100,0.49023000000000005,0.0027157409020583147,0
1007,96688,0,100,0.48970222222222215,0.0034532652513007633,0
1008,96788,0,100,0.48917444444444447,0.002858358480152674,0
1009,96888,0,100,0.4886466666666667,0.0031804441276472063,0
1010,96988,0,100,0.4881188888888889,0.00362336142337881,0
1011,97088,0,100,0.4875911111111112,0.0032724821657757275,0
1012,97188,0,100,0.4870633333333333,0.0032701010382879757,0
1013,97288,0,100,0.4865355555555556,0.0027684307744493706,0
1014,97388,0,100,0.4860077777777778,0.0037361845560371877,0
1015,97488,0,100,0.48548,0.002646742168290075,0
1016,97588,0,100,0.48495222222222234,0.003060718830965925,0
1017,97688,0,100,0.48442444444444444,0.0032996065140469,0
1018,97788,0,100,0.48389666666666664,0.0034908979691681452,0
1019,97888,0,100,0.48336888888888896,0.003225231786054792,0
1020,97988,0,100,0.48284111111111117,0.003151670259248931,0
1021,98088,0,100,0.48231333333333326,0.003111728610965656,0
1022,98188,0,100,0.4817855555555556,0.003745819779287558,0
1023,98288,0,100,0.4812577777777778,0.003543645105091855,0
1024,98388,0,100,0.4807300000000001,0.0033663980380515567,0
1025,98488,0,100,0.4802022222222223,0.0033733376592863353,0
1026,98588,0,100,0.4796744444444444,0.003215935407206416,0
1027,98688,0,100,0.4791466666666667,0.0031395433796569706,0
1028,98788,0,100,0.4786188888888889,0.003343963881779928,0
1029,98882,0.15400000000000003,94,0.4781227777777778,0.0028447531686322963,1
1030,98982,0,100,0.477595,0.0030500057197059504,0
1031,99026,0.604,44,0.4773627777777778,0.0032547304521854544,1
1032,99126,0,100,0.476835,0.002824557155254297,0
1033,99226,0,100,0.4763072222222222,0.0030548219525371677,0
1034,99326,0,100,0.4757794444444444,0.003354432305204682,0
1035,99426,0,100,0.47525166666666674,0.0031139190756948663,0
1036,99526,0,100,0.47472388888888895,0.0031938183077727445,0
1037,99626,0,100,0.47419611111111115,0.0031560517092293593,0
1038,99726,0,100,0.47366833333333336,0.003152987307694275,0
1039,99826,0,100,0.47314055555555556,0.002877827719494235,0
1040,99926,0,100,0.47261277777777777,0.0037518065035692418,0
1041,100026,0,100,0.4720850000000001,0.003719595984148327,0
1042,100126,0,100,0.4715572222222223,0.003230628840683494,0
1043,100226,0,100,0.4710294444444444,0.002897672739054542,0
1044,100326,0,100,0.4705016666666667,0.0030990170114091596,0
1045,100426,0,100,0.4699738888888889,0.0028147300623822956,0
1046,100526,0,100,0.4694461111111111,0.0028066709358245136,0
1047,100626,0,100,0.4689183333333333,0.0035550890874583275,0
1048,100718,0.17199999999999993,92,0.4684327777777778,0.003222325015129805,1
1049,100818,0,100,0.467905,0.0031178837511106395,0
1050,100866,0.5680000000000001,48,0.4676516666666667,0.003916886367126911,1
1051,100966,0,100,0.4671238888888889,0.0035250734715373253,0
1052,101066,0,100,0.4665961111111112,0.0028061837001587264,0
1053,101166,0,100,0.4660683333333333,0.003567780457669869,0
1054,101266,0,100,0.4655405555555555,0.003716721150703961,0
1055,101366,0,100,0.46501277777777783,0.0033408266914193518,0
1056,101466,0,100,0.46448500000000004,0.003440196701849345,0
1057,101566,0,100,0.46395722222222224,0.0029145288723520933,0
1058,101666,0,100,0.46342944444444445,0.0034011594856565353,0
1059,101766,0,100,0.46290166666666666,0.0030536519284942187,0
1060,101866,0,100,0.462373888888889,0.003416440102737397,0
1061,101966,0,100,0.4618461111111112,0.0033561956480843945,0
1062,102066,0,100,0.4613183333333334,0.0032662205336964688,0
1063,102166,0,100,0.4607905555555556,0.003234121347195469,0
1064,102266,0,100,0.4602627777777778,0.003774377841909882,0
1065,102366,0,100,0.459735,0.003861173607001547,0
1066,102387,0.8109999999999999,21,0.4596241666666667,0.002826652919230539,1
1067,102487,0,100,0.45909638888888893,0.003222060277767014,0
1068,102587,0,100,0.45856861111111114,0.0029117281615617684,0
1069,102687,0,100,0.45804083333333334,0.003772692321508657,0
1070,102787,0,100,0.45751305555555555,0.0031181893302709793,0
1071,102887,0,100,0.45698527777777787,0.0030096828658133746,0
1072,102987,0,100,0.45645749999999996,0.0030797696215449834,0
1073,103087,0,100,0.4559297222222223,0.003888233067118563,0
1074,103187,0,100,0.4554019444444445,0.003252827731485013,0
1075,103287,0,100,0.4548741666666667,0.003667931617819704,0
1076,103387,0,100,0.454346388888889,0.0033075086657481734,0
1077,103487,0,100,0.4538186111111111,0.003729662528785411,0
1078,103587,0,100,0.4532908333333333,0.0034877049605711364,0
1079,103687,0,100,0.4527630555555556,0.0037030522598070093,0
1080,103787,0,100,0.45223527777777783,0.0035772037506103514,0
1081,103887,0,100,0.45170749999999993,0.003806431012926623,0
1082,103987,0,100,0.45117972222222225,0.003934987636457663,0
1083,104087,0,100,0.45065194444444445,0.003329339563206304,0
1084,104187,0,100,0.45012416666666666,0.0038872785713465418,0
1085,104287,0,100,0.449596388888889,0.003755686671647709,0
1086,104387,0,100,0.44906861111111107,0.004150205759797246,0
1087,104487,0,100,0.4485408333333334,0.003656607060402166,0
1088,104587,0,100,0.4480130555555556,0.0030925575841683896,0
1089,104687,0,100,0.4474852777777778,0.004156670744414441,0
1090,104787,0,100,0.4469575000000001,0.004461586388060823,0
1091,104887,0,100,0.4464297222222222,0.0031283239898039026,0
1092,104987,0,100,0.4459019444444444,0.0034041265983250925,0
1093,105087,0,100,0.44537416666666674,0.004460227573872544,0
1094,105187,0,100,0.44484638888888894,0.004248439610819332,0
1095,105287,0,100,0.44431861111111104,0.003981563481793273,0
1096,105387,0,100,0.44379083333333336,0.004000255151477177,0
1097,105487,0,100,0.44326305555555556,0.004522228691203054,0
1098,105587,0,100,0.4427352777777779,0.003829880751145538,0
1099,105687,0,100,0.4422075000000001,0.0039041861965961287,0
1100,105787,0,100,0.4416797222222222,0.0038486404993454924,0
1101,105887,0,100,0.4411519444444445,0.003437558128207456,0
1102,105987,0,100,0.4406241666666667,0.0037271389027591795,0
1103,106087,0,100,0.4400963888888889,0.003934687568398658,0
1104,106187,0,100,0.4395686111111111,0.003563830456405412,0
1105,106287,0,100,0.4390408333333333,0.0037218601437052712,0
1106,106387,0,100,0.43851305555555553,0.003960129749029875,0
1107,106487,0,100,0.43798527777777785,0.0035278875697986223,0
1108,106587,0,100,0.43745750000000005,0.00393818412150722,0
1109,106687,0,100,0.43692972222222226,0.004028447584132664,0
1110,106787,0,100,0.43640194444444447,0.0034513850879739037,0
1111,106887,0,100,0.4358741666666667,0.0037816416964051316,0
1112,106987,0,100,0.435346388888889,0.0038677757122786718,0
1113,107087,0,100,0.4348186111111111,0.004110957721131854,0
1114,107187,0,100,0.4342908333333333,0.0037266467264271343,0
1115,107287,0,100,0.4337630555555556,0.0032088826363906265,0
1116,107387,0,100,0.4332352777777778,0.003872175202413928,0
1117,107487,0,100,0.4327075,0.0036312956173787823,0
1118,107571,0.244,84,0.43226416666666667,0.0035740344731796845,1
1119,107667,0.136,96,0.4317575,0.0038156990873782584,1
1120,107767,0,100,0.4312297222222222,0.003949382524588145,0
1121,107867,0,100,0.43070194444444443,0.0032877335182274693,0
1122,107967,0,100,0.43017416666666675,0.004259215657366439,0
1123,108067,0,100,0.42964638888888895,0.004321225629537366,0
1124,108167,0,100,0.42911861111111116,0.003478043549985159,0
1125,108267,0,100,0.42859083333333337,0.0038403898995602506,0
1126,108367,0,100,0.42806305555555557,0.0046556756418431175,0
1127,108467,0,100,0.4275352777777778,0.004239031731849537,0
1128,108567,0,100,0.4270075000000001,0.004087204159586691,0
1129,108667,0,100,0.4264797222222222,0.00404414277873002,0
1130,108767,0,100,0.4259519444444444,0.0035909065371379258,0
1131,108867,0,100,0.4254241666666667,0.0036030848158407026,0
1132,108967,0,100,0.4248963888888889,0.0037496766354888677,0
1133,109067,0,100,0.4243686111111111,0.00396726163366111,0
1134,109167,0,100,0.42384083333333333,0.003625257532694377,0
1135,109267,0,100,0.42331305555555554,0.004499687059433199,0
1136,109367,0,100,0.42278527777777786,0.003575079837173689,0
1137,109467,0,100,0.42225750000000006,0.004321563470002729,0
1138,109567,0,100,0.42172972222222216,0.003223172700381838,0
1139,109667,0,100,0.4212019444444445,0.0034972308632859493,0
1140,109767,0,100,0.4206741666666667,0.0032046860837726854,0
1141,109867,0,100,0.4201463888888889,0.0037021066006855106,0
1142,109967,0,100,0.4196186111111112,0.00370507410611026,0
1143,110067,0,100,0.4190908333333333,0.0036963767930865287,0
1144,110167,0,100,0.4185630555555555,0.003478300634014886,0
1145,110267,0,100,0.4180352777777778,0.0033949446174665354,0
1146,110367,0,100,0.41750750000000003,0.0039738126911106515,0
1147,110466,0.10899999999999999,99,0.41698500000000005,0.00361007476029118,1
1148,110566,0,100,0.41645722222222226,0.003828699373989366,0
1149,110626,0.45999999999999996,60,0.4161405555555556,0.003516675038069176,1
1150,110726,0,100,0.4156127777777777,0.003608872774639167,0
1151,110826,0,100,0.41508500000000004,0.003743654453282943,0
1152,110926,0,100,0.41455722222222224,0.004370237688417547,0
1153,111026,0,100,0.41402944444444445,0.0038847621760214677,0
1154,111126,0,100,0.41350166666666677,0.004412283883139026,0
1155,111226,0,100,0.41297388888888886,0.0034260245534824207,0
1156,111326,0,100,0.41244611111111107,0.003694804661354283,0
1157,111426,0,100,0.4119183333333334,0.0040528401877963915,0
1158,111526,0,100,0.4113905555555556,0.0036957672174321487,0
1159,111626,0,100,0.4108627777777778,0.003391689261479769,0
1160,111668,0.622,42,0.4106411111111111,0.003472920101124882,1
1161,111768,0,100,0.41011333333333333,0.003878902569413185,0
1162,111868,0,100,0.40958555555555565,0.0035815952366101554,0
1163,111968,0,100,0.40905777777777785,0.004113102853298187,0
1164,112068,0,100,0.40852999999999995,0.004311344661400654,0
1165,112168,0,100,0.40800222222222227,0.004589376396033913,0
1166,112268,0,100,0.4074744444444445,0.004201373671821784,0
1167,112368,0,100,0.4069466666666667,0.004477415237925015,0
1168,112468,0,100,0.406418888888889,0.004224388750735671,0
1169,112568,0,100,0.4058911111111111,0.004090171419084072,0
1170,112668,0,100,0.4053633333333334,0.003769668735913001,0
1171,112768,0,100,0.4048355555555556,0.0033454270343645474,0
1172,112868,0,100,0.4043077777777778,0.004346364703960717,0
1173,112968,0,100,0.40378000000000003,0.003821290628402494,0
1174,113068,0,100,0.40325222222222223,0.003777529309154488,0
1175,113168,0,100,0.40272444444444444,0.004148160099575761,0
1176,113268,0,100,0.40219666666666676,0.003886017240874935,0
1177,113368,0,100,0.40166888888888896,0.00392990402324358,0
1178,113468,0,100,0.40114111111111106,0.004044690798327793,0
1179,113568,0,100,0.4006133333333334,0.004237827426113654,0
1180,113668,0,100,0.4000855555555556,0.0044293689835467375,0
1181,113768,0,100,0.3995577777777778,0.004196260102908127,0
1182,113868,0,100,0.39903,0.00379446428938536,0
1183,113968,0,100,0.3985022222222222,0.004118927275994793,0
1184,114068,0,100,0.3979744444444445,0.004165713949478231,0
1185,114168,0,100,0.3974466666666667,0.004407719926384743,0
1186,114268,0,100,0.39691888888888893,0.004308788862545043,0
1187,114368,0,100,0.39639111111111114,0.0040217085357289765,0
1188,114468,0,100,0.39586333333333334,0.0037347560800844804,0
1189,114568,0,100,0.39533555555555555,0.003966280441381968,0
1190,114668,0,100,0.39480777777777787,0.004123525001632516,0
1191,114768,0,100,0.3942800000000001,0.003952792027266696,0
1192,114868,0,100,0.39375222222222217,0.003615912393433973,0
1193,114889,0.8109999999999999,21,0.3936413888888889,0.004571003246209806,1
1194,114951,0.44199999999999995,62,0.39331416666666663,0.004811690634890129,1
1195,115051,0,100,0.39278638888888884,0.0044671819885843435,0
1196,115151,0,100,0.39225861111111116,0.003645300809876062,0
1197,115251,0,100,0.39173083333333336,0.004849153634277173,0
1198,115351,0,100,0.3912030555555557,0.0036555006363778375,0
1199,115451,0,100,0.3906752777777778,0.004190355641767383,0
1200,115551,0,100,0.3901475,0.004028788271534722,0
1201,115651,0,100,0.3896197222222223,0.003964928990462795,0
1202,115751,0,100,0.3890919444444445,0.0036115927033824845,0
1203,115851,0,100,0.3885641666666667,0.004117590896494221,0
1204,115951,0,100,0.3880363888888889,0.004414682115311735,0
1205,116051,0,100,0.3875086111111111,0.0038063471880741416,0
1206,116151,0,100,0.38698083333333333,0.004611021183663979,0
1207,116251,0,100,0.38645305555555565,0.004424659661599435,0
1208,116351,0,100,0.38592527777777774,0.0041749827872263265,0
1209,116451,0,100,0.38539750000000006,0.004253954939485993,0
1210,116551,0,100,0.38486972222222227,0.0035660204844316467,0
1211,116651,0,100,0.38434194444444447,0.004205785316007678,0
1212,116751,0,100,0.3838141666666668,0.004147891913889907,0
1213,116851,0,100,0.3832863888888889,0.0038903628292609937,0
1214,116951,0,100,0.3827586111111111,0.0039588140370324255,0
1215,117051,0,100,0.3822308333333334,0.003979785989213269,0
1216,117092,0.631,41,0.38201444444444443,0.004765281125778196,1
1217,117192,0,100,0.38148666666666664,0.004323492203257047,0
1218,117292,0,100,0.38095888888888896,0.004051040443591773,0
1219,117392,0,100,0.38043111111111116,0.00398521235329099,0
1220,117492,0,100,0.37990333333333326,0.004432582949229982,0
1221,117592,0,100,0.3793755555555556,0.004787818387267179,0
1222,117692,0,100,0.3788477777777778,0.004318189807527233,0
1223,117792,0,100,0.3783200000000001,0.003926950195163954,0
1224,117892,0,100,0.3777922222222223,0.0040706437162589286,0
1225,117992,0,100,0.3772644444444444,0.0044045498859486545,0
1226,118092,0,100,0.3767366666666667,0.004484542364953086,0
1227,118192,0,100,0.3762088888888889,0.004462922967795748,0
1228,118292,0,100,0.37568111111111113,0.004129789107246325,0
1229,118392,0,100,0.37515333333333345,0.0048420220889966005,0
1230,118492,0,100,0.37462555555555554,0.0039880491164512935,0
1231,118592,0,100,0.37409777777777775,0.004196960083208978,0
1232,118692,0,100,0.37357000000000007,0.004217105570714921,0
1233,118792,0,100,0.3730422222222223,0.0043956884229555725,0
1234,118892,0,100,0.3725144444444445,0.00443045045947656,0
1235,118919,0.757,27,0.37237194444444444,0.004318415997894826,1
1236,119019,0,100,0.37184416666666664,0.004391279385308735,0
1237,119119,0,100,0.37131638888888896,0.003996701576397754,0
1238,119141,0.802,22,0.37120027777777775,0.004136835695879365,1
1239,119241,0,100,0.37067250000000007,0.0034668420077650806,0
1240,119341,0,100,0.3701447222222223,0.0041883840603986755,0
1241,119441,0,100,0.3696169444444445,0.004607285486126784,0
1242,119541,0,100,0.3690891666666667,0.004437072294822428,0
1243,119641,0,100,0.3685613888888889,0.004294905460556038,0
1244,119741,0,100,0.3680336111111112,0.003535263098892756,0
1245,119841,0,100,0.3675058333333334,0.0038104861741885543,0
1246,119941,0,100,0.3669780555555555,0.003841505461896304,0
1247,120041,0,100,0.36645027777777783,0.0034084194133174608,0
1248,120141,0,100,0.36592250000000004,0.004582034410850611,0
1249,120241,0,100,0.36539472222222225,0.004194672163575888,0
1250,120341,0,100,0.36486694444444445,0.00470401934988331,0
1251,120441,0,100,0.36433916666666666,0.004889806338906055,0
1252,120541,0,100,0.36381138888888886,0.004236601945594884,0
1253,120641,0,100,0.3632836111111112,0.004508838181209285,0
1254,120741,0,100,0.3627558333333334,0.003948766837420408,0
1255,120841,0,100,0.3622280555555556,0.004219802857842296,0
1256,120941,0,100,0.3617002777777778,0.004025225868681446,0
1257,121041,0,100,0.3611725,0.003984910446451977,0
1258,121108,0.3969999999999999,67,0.3608188888888889,0.004064557097379619,1
1259,121208,0,100,0.36029111111111123,0.0036796550854342057,0
1260,121308,0,100,0.3597633333333333,0.0037112595865619368,0
1261,121408,0,100,0.35923555555555553,0.004224140937440097,0
1262,121508,0,100,0.35870777777777785,0.00430685967206955,0
1263,121608,0,100,0.35818000000000005,0.00381738472613506,0
1264,121708,0,100,0.35765222222222226,0.004079874262097292,0
1265,121808,0,100,0.35712444444444447,0.003748759480076842,0
1266,121908,0,100,0.3565966666666667,0.004178500531706959,0
1267,122008,0,100,0.3560688888888889,0.004011867475928739,0
1268,122108,0,100,0.3555411111111112,0.0050796627823729065,0
1269,122208,0,100,0.3550133333333333,0.004447953532799147,0
1270,122308,0,100,0.3544855555555556,0.004130479787127115,0
1271,122408,0,100,0.3539577777777778,0.003585542564105708,0
1272,122508,0,100,0.35343,0.003820094611728564,0
1273,122608,0,100,0.35290222222222234,0.004420848822337575,0
1274,122708,0,100,0.35237444444444443,0.0043671079611522145,0
1275,122808,0,100,0.35184666666666664,0.0033848226504051126,0
1276,122908,0,100,0.35131888888888896,0.0035307650777394884,0
1277,123008,0,100,0.35079111111111116,0.004391025515506044,0
1278,123108,0,100,0.35026333333333337,0.004026840826845728,0
1279,123208,0,100,0.3497355555555556,0.0044833877234486865,0
1280,123308,0,100,0.3492077777777778,0.004228507331572473,0
1281,123408,0,100,0.34868,0.004458993092703168,0
1282,123508,0,100,0.3481522222222223,0.004026506812369917,0
1283,123608,0,100,0.3476244444444444,0.00473176205472555,0
1284,123708,0,100,0.3470966666666667,0.004107897502253763,0
1285,123808,0,100,0.3465688888888889,0.0034286604693625124,0
1286,123908,0,100,0.34604111111111113,0.004337807242991403,0
1287,123969,0.45099999999999996,61,0.3457191666666667,0.004184021272879765,1
1288,124069,0,100,0.345191388888889,0.004161298984545283,0
1289,124169,0,100,0.3446636111111111,0.004122569937026128,0
1290,124269,0,100,0.3441358333333333,0.004621592313051224,0
1291,124369,0,100,0.3436080555555556,0.00398713834467344,0
1292,124469,0,100,0.34308027777777783,0.004886162914626766,0
1293,124569,0,100,0.3425524999999999,0.00399818814068567,0
1294,124669,0,100,0.34202472222222224,0.004306413966114633,0
1295,124714,0.595,45,0.34178722222222224,0.004513930494431407,1
1296,124814,0,100,0.34125944444444445,0.0044044208369450645,0
1297,124914,0,100,0.34073166666666677,0.004292828449397348,0
1298,125014,0,100,0.34020388888888886,0.003970010503544472,0
1299,125114,0,100,0.3396761111111112,0.004794495475362055,0
1300,125214,0,100,0.3391483333333334,0.004431366291828454,0
1301,125314,0,100,0.3386205555555556,0.004462159614777192,0
1302,125414,0,100,0.3380927777777778,0.004453268412617035,0
1303,125514,0,100,0.337565,0.004121096612943802,0
1304,125614,0,100,0.3370372222222222,0.004293650796753355,0
1305,125714,0,100,0.3365094444444445,0.004189589843153953,0
1306,125814,0,100,0.33598166666666673,0.004080707604298368,0
1307,125914,0,100,0.33545388888888883,0.004339109285210725,0
1308,126014,0,100,0.33492611111111115,0.004419234624365344,0
1309,126114,0,100,0.33439833333333335,0.004368453574134037,0
1310,126214,0,100,0.33387055555555556,0.004480070691206492,0
1311,126314,0,100,0.3333427777777779,0.0052398919279221445,0
1312,126414,0,100,0.33281499999999997,0.004571773281204514,0
1313,126514,0,100,0.3322872222222223,0.004160667245159857,0
1314,126614,0,100,0.3317594444444445,0.004074464304139837,0
1315,126714,0,100,0.3312316666666667,0.005088160512968898,0
1316,126787,0.34299999999999997,73,0.33084638888888895,0.0038684078050483886,1
1317,126887,0,100,0.33031861111111105,0.0045140218501910565,0
1318,126987,0,100,0.32979083333333337,0.0042433375478140075,0
1319,127087,0,100,0.3292630555555556,0.004454901856952347,0
1320,127187,0,100,0.3287352777777779,0.004398760637268424,0
1321,127287,0,100,0.3282075000000001,0.005100852453906555,0
1322,127387,0,100,0.3276797222222222,0.004998813622223679,0
1323,127487,0,100,0.3271519444444445,0.003987018037587404,0
1324,127587,0,100,0.3266241666666667,0.003880926774290856,0
1325,127687,0,100,0.3260963888888889,0.0036902056462713518,0
1326,127787,0,100,0.32556861111111113,0.005599763104692101,0
1327,127887,0,100,0.32504083333333333,0.003993871252168902,0
1328,127987,0,100,0.32451305555555554,0.004191342208650894,0
1329,128087,0,100,0.32398527777777786,0.004245935320504941,0
1330,128156,0.379,69,0.32362111111111114,0.004526948285511817,1
1331,128256,0,100,0.32309333333333334,0.003801414356858004,0
1332,128356,0,100,0.32256555555555555,0.004318822010536678,0
1333,128456,0,100,0.32203777777777787,0.004010831375780981,0
1334,128556,0,100,0.3215100000000001,0.004823863330530003,0
1335,128656,0,100,0.32098222222222217,0.004541310384520329,0
1336,128756,0,100,0.3204544444444445,0.004240737236104905,0
1337,128856,0,100,0.3199266666666667,0.004241400695755146,0
1338,128956,0,100,0.319398888888889,0.004608360310667195,0
1339,129056,0,100,0.3188711111111111,0.0048046795668778945,0
1340,129156,0,100,0.3183433333333333,0.003949571494595148,0
1341,129256,0,100,0.31781555555555563,0.00358272940677125,0
1342,129356,0,100,0.31728777777777784,0.004547064845828572,0
1343,129456,0,100,0.31676000000000004,0.004260108673479408,0
1344,129556,0,100,0.31623222222222225,0.0037502095638774335,0
1345,129656,0,100,0.31570444444444445,0.004780022442573682,0
1346,129756,0,100,0.31517666666666666,0.004072139202035033,0
1347,129856,0,100,0.314648888888889,0.0036077691067475824,0
1348,129956,0,100,0.3141211111111111,0.004160014108638279,0
1349,130056,0,100,0.3135933333333334,0.0051652185202692635,0
1350,130156,0,100,0.3130655555555556,0.004403958608163521,0
1351,130256,0,100,0.3125377777777778,0.004712689719744958,0
1352,130356,0,100,0.3120100000000001,0.00452992771519348,0
1353,130456,0,100,0.3114822222222222,0.0038224578060908243,0
1354,130556,0,100,0.3109544444444444,0.0049622257790178995,0
1355,130656,0,100,0.31042666666666674,0.004478978054830805,0
1356,130756,0,100,0.30989888888888895,0.004930954537994694,0
1357,130856,0,100,0.30937111111111115,0.004793702788301744,0
1358,130956,0,100,0.30884333333333336,0.00432349291688297,0
1359,131056,0,100,0.30831555555555556,0.004688928858959116,0
1360,131059,0.973,3,0.30829972222222224,0.001658314683785041,1
1361,131159,0,100,0.30777194444444445,0.004747610062768217,0
1362,131259,0,100,0.30724416666666676,0.00476768757449463,0
1363,131286,0.757,27,0.3071016666666666,0.004528332958687787,1
1364,131386,0,100,0.3065738888888889,0.004280762766720727,0
1365,131397,0.901,11,0.30651583333333343,0.004847209456122734,1
1366,131497,0,100,0.30598805555555564,0.00495129571063444,0
1367,131597,0,100,0.30546027777777773,0.004216519123583566,0
1368,131697,0,100,0.30493250000000005,0.00483121496392414,0
1369,131797,0,100,0.30440472222222226,0.005295957897906192,0
1370,131897,0,100,0.30387694444444446,0.004298553894914221,0
1371,131997,0,100,0.3033491666666668,0.005060017285868526,0
1372,132097,0,100,0.3028213888888889,0.00499604016833473,0
1373,132197,0,100,0.3022936111111111,0.004573019365197979,0
1374,132297,0,100,0.3017658333333334,0.0046227360150078315,0
1375,132397,0,100,0.3012380555555556,0.005176432581210974,0
1376,132497,0,100,0.3007102777777778,0.004600756955915131,0
1377,132597,0,100,0.3001825,0.0042619569369708185,0
1378,132697,0,100,0.2996547222222222,0.0046028356728493236,0
1379,132797,0,100,0.29912694444444454,0.004573779229249339,0
1380,132897,0,100,0.29859916666666675,0.004540489690261893,0
1381,132997,0,100,0.29807138888888884,0.004326263754337561,0
1382,133097,0,100,0.29754361111111116,0.004929846723098308,0
1383,133197,0,100,0.29701583333333337,0.004805224991869182,0
1384,133297,0,100,0.2964880555555556,0.0052354230027413,0
1385,133397,0,100,0.2959602777777779,0.005631780317635275,0
1386,133497,0,100,0.2954325,0.004529350634547882,0
1387,133597,0,100,0.2949047222222222,0.005405952347209677,0
1388,133697,0,100,0.2943769444444445,0.0048399630893254655,0
1389,133797,0,100,0.2938491666666667,0.00449905246088747,0
1390,133897,0,100,0.2933213888888889,0.004176283163251355,0
1391,133997,0,100,0.29279361111111113,0.004987401541438885,0
1392,134097,0,100,0.29226583333333334,0.005702913877321407,0
1393,134197,0,100,0.29173805555555565,0.004405964503530413,0
1394,134297,0,100,0.29121027777777786,0.004871646548854187,0
1395,134397,0,100,0.29068249999999995,0.005380700543755665,0
1396,134497,0,100,0.29015472222222227,0.00462697708804626,0
1397,134597,0,100,0.2896269444444445,0.0038839348772307858,0
1398,134697,0,100,0.2890991666666667,0.004705660195613745,0
1399,134797,0,100,0.2885713888888889,0.005207811296277214,0
1400,134897,0,100,0.2880436111111111,0.004182928248483222,0
1401,134997,0,100,0.2875158333333334,0.004451527227647602,0
1402,135097,0,100,0.2869880555555556,0.004559477209113538,0
1403,135197,0,100,0.2864602777777778,0.00510478183045052,0
1404,135297,0,100,0.28593250000000003,0.00485660718055442,0
1405,135397,0,100,0.28540472222222224,0.004303336791344918,0
1406,135497,0,100,0.28487694444444445,0.004631104565632995,0
1407,135597,0,100,0.28434916666666676,0.00442248179402668,0
1408,135697,0,100,0.28382138888888886,0.0044028734329913275,0
1409,135797,0,100,0.28329361111111107,0.004295672549051233,0
1410,135897,0,100,0.2827658333333334,0.0038339013332733883,0
1411,135997,0,100,0.2822380555555556,0.004518684693612158,0
1412,136097,0,100,0.2817102777777779,0.005116941719315946,0
1413,136197,0,100,0.2811825,0.005687195176724344,0
1414,136297,0,100,0.2806547222222222,0.004894721512100659,0
1415,136397,0,100,0.2801269444444445,0.004948354116932023,0
1416,136497,0,100,0.27959916666666673,0.0050875416543567555,0
1417,136597,0,100,0.27907138888888894,0.005238395962514915,0
1418,136697,0,100,0.27854361111111114,0.005597798226517625,0
1419,136790,0.16299999999999992,93,0.2780527777777778,0.00426173887793876,1
1420,136890,0,100,0.27752500000000013,0.0048720396507997065,0
1421,136990,0,100,0.27699722222222223,0.0048139741970226165,0
1422,137090,0,100,0.27646944444444443,0.005342561027500779,0
1423,137190,0,100,0.27594166666666675,0.004849838823429309,0
1424,137290,0,100,0.27541388888888896,0.005307257127424236,0
1425,137390,0,100,0.27488611111111105,0.004658313424442895,0
1426,137490,0,100,0.27435833333333337,0.004358753663836978,0
1427,137590,0,100,0.2738305555555556,0.004644804449635558,0
1428,137690,0,100,0.2733027777777778,0.0049514477903721855,0
1429,137790,0,100,0.2727750000000001,0.0056278876902069895,0
1430,137890,0,100,0.2722472222222222,0.004576081442646682,0
1431,137990,0,100,0.2717194444444445,0.004071373656624928,0
1432,138090,0,100,0.2711916666666667,0.004595167406951078,0
1433,138190,0,100,0.2706638888888889,0.005759169205557555,0
1434,138290,0,100,0.27013611111111124,0.0052716790104750545,0
1435,138390,0,100,0.26960833333333334,0.004569395130965858,0
1436,138490,0,100,0.26908055555555555,0.004522269195294939,0
1437,138590,0,100,0.26855277777777786,0.00438607861433411,0
1438,138690,0,100,0.26802500000000007,0.00506453164096456,0
1439,138790,0,100,0.26749722222222216,0.004677773306611926,0
1440,138890,0,100,0.2669694444444445,0.004613597991992719,0
1441,138990,0,100,0.2664416666666667,0.004803297003381886,0
1442,139090,0,100,0.2659138888888889,0.0056053401902318,0
1443,139190,0,100,0.2653861111111112,0.004965697921870742,0
1444,139290,0,100,0.2648583333333333,0.005385345536924433,0
1445,139390,0,100,0.2643305555555556,0.004486507734691258,0
1446,139490,0,100,0.26380277777777783,0.004790671757946257,0
1447,139590,0,100,0.26327500000000004,0.004995671887882054,0
1448,139690,0,100,0.26274722222222224,0.004881538712361362,0
1449,139790,0,100,0.26221944444444445,0.00492046901548747,0
1450,139890,0,100,0.26169166666666666,0.004642895632132422,0
1451,139990,0,100,0.261163888888889,0.004630441158660688,0
1452,140090,0,100,0.2606361111111112,0.005460087220999412,0
1453,140190,0,100,0.2601083333333333,0.0052094410904101095,0
1454,140290,0,100,0.2595805555555556,0.005314178044209257,0
1455,140390,0,100,0.2590527777777778,0.005101316506625153,0
1456,140490,0,100,0.2585250000000001,0.005111032939748838,0
1457,140590,0,100,0.2579972222222223,0.005230135580641218,0
1458,140690,0,100,0.2574694444444444,0.005274338233284652,0
1459,140790,0,100,0.25694166666666673,0.005314879113575444,0
1460,140890,0,100,0.25641388888888894,0.004471305959741585,0
1461,140990,0,100,0.25588611111111115,0.005254204814555123,0
1462,141090,0,100,0.25535833333333335,0.00530164196563419,0
1463,141190,0,100,0.25483055555555556,0.005086490053799935,0
1464,141290,0,100,0.25430277777777777,0.005327253348077647,0
1465,141390,0,100,0.2537750000000001,0.005400931195472367,0
1466,141490,0,100,0.2532472222222223,0.0057379577687243,0
1467,141590,0,100,0.2527194444444445,0.005273161547956988,0
1468,141690,0,100,0.2521916666666667,0.004574736687354744,0
1469,141790,0,100,0.2516638888888889,0.004730215318559204,0
1470,141890,0,100,0.2511361111111112,0.004624036125605926,0
1471,141990,0,100,0.2506083333333333,0.005497163179097697,0
1472,142090,0,100,0.25008055555555553,0.005638689086190425,0
1473,142190,0,100,0.24955277777777785,0.006352731015940662,0
1474,142290,0,100,0.24902500000000005,0.004655265647452325,0
1475,142390,0,100,0.24849722222222226,0.006375442809658125,0
1476,142490,0,100,0.24796944444444446,0.004854508976568468,0
1477,142590,0,100,0.24744166666666667,0.0045649445179151375,0
1478,142690,0,100,0.24691388888888888,0.004854994698835071,0
1479,142790,0,100,0.2463861111111112,0.006056645388016477,0
1480,142890,0,100,0.2458583333333334,0.0046878096263390035,0
1481,142990,0,100,0.2453305555555556,0.005099204609869048,0
1482,143090,0,100,0.2448027777777778,0.004987871916382574,0
1483,143190,0,100,0.24427500000000002,0.00564088718383573,0
1484,143290,0,100,0.24374722222222234,0.005484920861199498,0
1485,143390,0,100,0.24321944444444443,0.004364236662513577,0
1486,143490,0,100,0.24269166666666664,0.004723633493122179,0
1487,143590,0,100,0.24216388888888896,0.005483011095202528,0
1488,143690,0,100,0.24163611111111116,0.005493859751150012,0
1489,143790,0,100,0.24110833333333337,0.00537378293578513,0
1490,143890,0,100,0.24058055555555558,0.005144858220592141,0
1491,143990,0,100,0.24005277777777778,0.005297156287124381,0
1492,144090,0,100,0.2395250000000001,0.005278699957416393,0
1493,144190,0,100,0.2389972222222223,0.005282172338920646,0
1494,144290,0,100,0.2384694444444444,0.006074135737726465,0
1495,144390,0,100,0.23794166666666672,0.005475386005709879,0
1496,144490,0,100,0.23741388888888892,0.005910115228616632,0
1497,144590,0,100,0.23688611111111113,0.005124280810705386,0
1498,144658,0.3879999999999999,68,0.23652722222222222,0.005479269362267052,1
1499,144758,0,100,0.23599944444444454,0.0049393955283449035,0
1500,144858,0,100,0.23547166666666675,0.005901100864721229,0
1501,144958,0,100,0.23494388888888884,0.006435229657799937,0
1502,145058,0,100,0.23441611111111116,0.00521284717367962,0
1503,145158,0,100,0.23388833333333336,0.005609887383761816,0
1504,145258,0,100,0.23336055555555557,0.005228994420613162,0
1505,145358,0,100,0.2328327777777779,0.005468306534457952,0
1506,145458,0,100,0.23230499999999998,0.005087973621557467,0
1507,145558,0,100,0.2317772222222222,0.005824452359520365,0
1508,145658,0,100,0.2312494444444445,0.005742161703965394,0
1509,145758,0,100,0.2307216666666667,0.005419948522176128,0
1510,145806,0.5680000000000001,48,0.23046833333333328,0.005151345418804946,1
1511,145906,0,100,0.2299405555555556,0.005529581983573735,0
1512,146006,0,100,0.2294127777777778,0.005398252420709468,0
1513,146106,0,100,0.228885,0.005713674392900429,0
1514,146206,0,100,0.22835722222222232,0.005958602484024595,0
1515,146306,0,100,0.22782944444444442,0.005157652694615536,0
1516,146406,0,100,0.22730166666666674,0.00498722173506394,0
1517,146506,0,100,0.22677388888888894,0.004761453282553702,0
1518,146606,0,100,0.22624611111111115,0.005414281933335588,0
1519,146706,0,100,0.22571833333333335,0.00523206423909869,0
1520,146806,0,100,0.22519055555555556,0.005654069567099213,0
1521,146906,0,100,0.22466277777777777,0.0057634216216683855,0
1522,147006,0,100,0.22413500000000008,0.0054919463355327025,0
1523,147106,0,100,0.2236072222222223,0.006524093740736135,0
1524,147206,0,100,0.22307944444444439,0.005790854431106709,0
1525,147306,0,100,0.2225516666666667,0.004268789968919009,0
1526,147406,0,100,0.2220238888888889,0.004953462920093443,0
1527,147506,0,100,0.22149611111111123,0.006140418949653395,0
1528,147606,0,100,0.22096833333333343,0.005486555466777645,0
1529,147706,0,100,0.22044055555555553,0.004823274117079564,0
1530,147806,0,100,0.21991277777777785,0.005634418257395737,0
1531,147906,0,100,0.21938500000000005,0.005297898080316372,0
1532,148006,0,100,0.21885722222222226,0.006211407859518658,0
1533,148106,0,100,0.21832944444444446,0.005982506574364379,0
1534,148206,0,100,0.21780166666666667,0.0058331425342476,0
1535,148306,0,100,0.21727388888888888,0.007047842902247794,0
1536,148406,0,100,0.2167461111111112,0.00595324317459017,0
1537,148506,0,100,0.2162183333333334,0.004872114222089294,0
1538,148606,0,100,0.2156905555555556,0.005929105516988784,0
1539,148706,0,100,0.21516277777777781,0.0062318500934634355,0
1540,148806,0,100,0.21463500000000002,0.005465273027657531,0
1541,148906,0,100,0.21410722222222234,0.007170789254596457,0
1542,149006,0,100,0.21357944444444443,0.00594613798748469,0
1543,149106,0,100,0.21305166666666664,0.00721732682432048,0
1544,149206,0,100,0.21252388888888896,0.005851535046822391,0
1545,149306,0,100,0.21199611111111116,0.005512074415310053,0
1546,149406,0,100,0.21146833333333337,0.0058576136530609805,0
1547,149506,0,100,0.21094055555555558,0.005715457660262473,0
1548,149606,0,100,0.21041277777777778,0.0058089654438663275,0
1549,149706,0,100,0.209885,0.006434720911202021,0
1550,149806,0,100,0.2093572222222223,0.006228385036811232,0
1551,149906,0,100,0.2088294444444445,0.005579972622799687,0
1552,150006,0,100,0.20830166666666672,0.006323113670805469,0
1553,150106,0,100,0.20777388888888892,0.005482390508404933,0
1554,150206,0,100,0.20724611111111113,0.006829533111304045,0
1555,150306,0,100,0.20671833333333345,0.006381465130252764,0
1556,150406,0,100,0.20619055555555554,0.005626927292323672,0
1557,150506,0,100,0.20566277777777775,0.006195419947616756,0
1558,150606,0,100,0.20513500000000007,0.006008141844067723,0
1559,150706,0,100,0.20460722222222227,0.005232386560237501,0
1560,150806,0,100,0.20407944444444448,0.005724278564448468,0
1561,150906,0,100,0.2035516666666667,0.0066612727136816825,0
1562,151006,0,100,0.2030238888888889,0.006021407898515463,0
1563,151106,0,100,0.2024961111111112,0.006225643929210492,0
1564,151206,0,100,0.20196833333333342,0.0068883071048185225,0
1565,151306,0,100,0.2014405555555555,0.005542862676084042,0
1566,151406,0,100,0.20091277777777783,0.006001251355628483,0
1567,151506,0,100,0.20038500000000004,0.0060743324906798075,0
1568,151606,0,100,0.19985722222222224,0.00540083316154778,0
1569,151706,0,100,0.19932944444444456,0.006002476529683918,0
1570,151806,0,100,0.19880166666666665,0.005899196082609705,0
1571,151906,0,100,0.19827388888888886,0.005335507931304165,0
1572,152006,0,100,0.19774611111111118,0.005606836852384731,0
1573,152106,0,100,0.19721833333333338,0.0059135758673073725,0
1574,152158,0.532,52,0.19694388888888892,0.006081674914010084,1
1575,152258,0,100,0.19641611111111124,0.006853529592626728,0
1576,152358,0,100,0.19588833333333333,0.006984142163419165,0
1577,152458,0,100,0.19536055555555554,0.0059969904605532065,0
1578,152558,0,100,0.19483277777777785,0.007153884301078506,0
1579,152658,0,100,0.19430500000000006,0.005690153968753293,0
1580,152758,0,100,0.19377722222222216,0.006295167481512181,0
1581,152858,0,100,0.19324944444444447,0.00677854374225717,0
1582,152958,0,100,0.19272166666666668,0.005992716037435457,0
1583,153058,0,100,0.192193888888889,0.006419890583492816,0
1584,153158,0,100,0.1916661111111112,0.005515087660460267,0
1585,153258,0,100,0.1911383333333333,0.005885827953461558,0
1586,153358,0,100,0.19061055555555562,0.005602302515180782,0
1587,153458,0,100,0.19008277777777782,0.005509499001782388,0
1588,153558,0,100,0.18955500000000003,0.005645319069735706,0
1589,153658,0,100,0.18902722222222235,0.005896685815532692,0
1590,153758,0,100,0.18849944444444444,0.005383370072231628,0
1591,153858,0,100,0.18797166666666665,0.0063044663867913185,0
1592,153958,0,100,0.18744388888888897,0.0066906264328281395,0
1593,154058,0,100,0.18691611111111117,0.005859875868773088,0
1594,154158,0,100,0.18638833333333338,0.006090346606215462,0
1595,154258,0,100,0.18586055555555558,0.005493403994187247,0
1596,154358,0,100,0.1853327777777778,0.006269276781240478,0
1597,154458,0,100,0.1848050000000001,0.005897338262875564,0
1598,154558,0,100,0.18427722222222231,0.006008357836399227,0
1599,154658,0,100,0.1837494444444444,0.00645313968823757,0
1600,154758,0,100,0.18322166666666673,0.00544764349819161,0
1601,154858,0,100,0.18269388888888893,0.005658559057628736,0
1602,154958,0,100,0.18216611111111114,0.005410710204741918,0
1603,155058,0,100,0.18163833333333335,0.006037793846335262,0
1604,155158,0,100,0.18111055555555555,0.006994028106564656,0
1605,155258,0,100,0.18058277777777776,0.005900708088593092,0
1606,155358,0,100,0.18005500000000008,0.006550409076153301,0
1607,155458,0,100,0.17952722222222228,0.006164870714419521,0
1608,155558,0,100,0.1789994444444445,0.0056826648087007926,0
1609,155658,0,100,0.1784716666666667,0.005710740824579261,0
1610,155758,0,100,0.1779438888888889,0.005762251645210199,0
1611,155858,0,100,0.17741611111111122,0.006270204978063703,0
1612,155958,0,100,0.17688833333333331,0.006086744532221928,0
1613,156058,0,100,0.17636055555555552,0.006005407035117969,0
1614,156158,0,100,0.17583277777777784,0.005288998135365546,0
1615,156258,0,100,0.17530500000000004,0.006410304265446029,0
1616,156358,0,100,0.17477722222222225,0.006201182556105777,0
1617,156458,0,100,0.17424944444444446,0.006370477057935205,0
1618,156558,0,100,0.17372166666666666,0.006546886469004675,0
1619,156658,0,100,0.17319388888888898,0.00485967545711901,0
1620,156675,0.847,17,0.17310416666666673,0.005896368625519031,1
1621,156775,0,100,0.17257638888888893,0.006520306682214141,0
1622,156875,0,100,0.17204861111111114,0.005930632664822042,0
1623,156975,0,100,0.17152083333333334,0.005544437852804549,0
1624,157075,0,100,0.17099305555555566,0.005542051690281369,0
1625,157175,0,100,0.17046527777777776,0.006820144860539585,0
1626,157275,0,100,0.16993749999999996,0.006570623830193654,0
1627,157375,0,100,0.16940972222222228,0.006809073531767354,0
1628,157475,0,100,0.1688819444444445,0.006469311081455089,0
1629,157575,0,100,0.1683541666666668,0.005794702409766614,0
1630,157675,0,100,0.1678263888888889,0.0059568697662325575,0
1631,157775,0,100,0.1672986111111111,0.006847984535852447,0
1632,157875,0,100,0.16677083333333342,0.005505800677929074,0
1633,157975,0,100,0.16624305555555563,0.0059638014290248976,0
1634,158075,0,100,0.16571527777777773,0.005784532259567641,0
1635,158175,0,100,0.16518750000000004,0.005994507899740711,0
1636,158275,0,100,0.16465972222222225,0.006261983368895017,0
1637,158375,0,100,0.16413194444444446,0.006822999262949452,0
1638,158475,0,100,0.16360416666666677,0.006072783980634995,0
1639,158575,0,100,0.16307638888888887,0.006455447623739019,0
1640,158675,0,100,0.16254861111111119,0.00640961776371114,0
1641,158775,0,100,0.1620208333333334,0.00604388888226822,0
1642,158875,0,100,0.1614930555555556,0.005555343552841805,0
1643,158975,0,100,0.16096527777777792,0.006407933537266217,0
1644,159075,0,100,0.1604375,0.006486243141698651,0
1645,159175,0,100,0.15990972222222222,0.0068632951052859425,0
1646,159275,0,100,0.15938194444444453,0.006576918537029996,0
1647,159375,0,100,0.15885416666666674,0.006898058866499923,0
1648,159475,0,100,0.15832638888888884,0.006424611664260738,0
1649,159575,0,100,0.15779861111111115,0.005508324775728397,0
1650,159675,0,100,0.15727083333333336,0.006536618070676923,0
1651,159775,0,100,0.15674305555555557,0.00537872867716942,0
1652,159875,0,100,0.15621527777777788,0.0056818722002208236,0
1653,159975,0,100,0.15568749999999998,0.005575319869094529,0
1654,160075,0,100,0.1551597222222223,0.0059172292123548685,0
1655,160175,0,100,0.1546319444444445,0.007576707030530087,0
1656,160275,0,100,0.1541041666666667,0.006839357569697313,0
1657,160375,0,100,0.15357638888888892,0.006388338402321097,0
1658,160475,0,100,0.15304861111111112,0.006742732193088159,0
1659,160575,0,100,0.15252083333333333,0.0062566365045495335,0
1660,160675,0,100,0.15199305555555565,0.006408324117073789,0
1661,160775,0,100,0.15146527777777785,0.0069684520317241545,0
1662,160875,0,100,0.15093749999999995,0.006404740063007921,0
1663,160975,0,100,0.15040972222222226,0.0069929840811528265,0
1664,161075,0,100,0.14988194444444447,0.00534372131805867,0
1665,161175,0,100,0.1493541666666668,0.006458546441863291,0
1666,161275,0,100,0.148826388888889,0.00568525826500263,0
1667,161375,0,100,0.1482986111111111,0.006372664570226334,0
1668,161475,0,100,0.1477708333333334,0.0069332198257325214,0
1669,161575,0,100,0.1472430555555556,0.007433480566833168,0
1670,161675,0,100,0.14671527777777782,0.007417912920354866,0
1671,161775,0,100,0.14618750000000003,0.006242314539849758,0
1672,161875,0,100,0.14565972222222223,0.006101821803604253,0
1673,161975,0,100,0.14513194444444444,0.006226887410739437,0
1674,162075,0,100,0.14460416666666676,0.005885916276019998,0
1675,162175,0,100,0.14407638888888896,0.006359231127426028,0
1676,162275,0,100,0.14354861111111117,0.006963427538867108,0
1677,162375,0,100,0.14302083333333337,0.007753121492569335,0
1678,162475,0,100,0.14249305555555558,0.006211861159536056,0
1679,162575,0,100,0.1419652777777779,0.005889467860106379,0
1680,162675,0,100,0.1414375,0.006443910237285308,0
1681,162775,0,100,0.1409097222222222,0.006627733677159995,0
1682,162875,0,100,0.14038194444444452,0.006815791387343779,0
1683,162975,0,100,0.13985416666666672,0.006853711251169443,0
1684,163075,0,100,0.13932638888888893,0.006773531323415227,0
1685,163175,0,100,0.13879861111111114,0.0064429993624798955,0
1686,163275,0,100,0.13827083333333334,0.006563176577328704,0
1687,163375,0,100,0.13774305555555555,0.006692757909186184,0
1688,163475,0,100,0.13721527777777787,0.006238848618231714,0
1689,163575,0,100,0.13668750000000007,0.006111263299826533,0
1690,163675,0,100,0.13615972222222228,0.006963358111097478,0
1691,163775,0,100,0.13563194444444449,0.0055624968785559755,0
1692,163875,0,100,0.1351041666666667,0.006478898951900192,0
1693,163975,0,100,0.134576388888889,0.007191796998959035,0
1694,164075,0,100,0.1340486111111111,0.006328529889578931,0
1695,164175,0,100,0.1335208333333333,0.005971090155071579,0
1696,164275,0,100,0.13299305555555563,0.006545641359989532,0
1697,164375,0,100,0.13246527777777783,0.006901444919640199,0
1698,164475,0,100,0.13193750000000004,0.0062855000165291134,0
1699,164575,0,100,0.13140972222222225,0.006741158042568713,0
1700,164675,0,100,0.13088194444444445,0.0064342411677353085,0
1701,164775,0,100,0.13035416666666677,0.007678127290273551,0
1702,164875,0,100,0.12982638888888898,0.006078835880325642,0
1703,164975,0,100,0.12929861111111107,0.0073395421216264365,0
1704,165075,0,100,0.1287708333333334,0.006509525153669529,0
1705,165175,0,100,0.1282430555555556,0.006897636397043243,0
1706,165275,0,100,0.1277152777777778,0.00648006651783362,0
1707,165375,0,100,0.12718750000000012,0.006157456315704622,0
1708,165475,0,100,0.12665972222222222,0.006910977517836727,0
1709,165575,0,100,0.12613194444444442,0.00604477759450674,0
1710,165675,0,100,0.12560416666666674,0.006153374891728163,0
1711,165775,0,100,0.12507638888888895,0.0062327684881165624,0
1712,165875,0,100,0.12454861111111115,0.006428191852610326,0
1713,165975,0,100,0.12402083333333336,0.006178196762921289,0
1714,166075,0,100,0.12349305555555556,0.0067497981165070085,0
1715,166175,0,100,0.12296527777777788,0.006672278204932809,0
1716,166275,0,100,0.12243750000000009,0.006774327268940397,0
1717,166375,0,100,0.12190972222222218,0.007365500488085672,0
1718,166475,0,100,0.1213819444444445,0.007499206583306659,0
1719,166575,0,100,0.1208541666666667,0.006237373931799084,0
1720,166675,0,100,0.12032638888888891,0.0062895128616946745,0
1721,166775,0,100,0.11979861111111123,0.006262574144056998,0
1722,166875,0,100,0.11927083333333333,0.0057402843900490556,0
1723,166975,0,100,0.11874305555555553,0.007255084059434012,0
1724,167075,0,100,0.11821527777777785,0.005537444893270731,0
1725,167175,0,100,0.11768750000000006,0.00640030320151709,0
1726,167275,0,100,0.11715972222222226,0.0067950587009545415,0
1727,167375,0,100,0.11663194444444447,0.0067577486339723694,0
1728,167475,0,100,0.11610416666666667,0.007119886945001781,0
1729,167575,0,100,0.11557638888888899,0.006686749489308568,0
1730,167675,0,100,0.1150486111111112,0.006213741598185152,0
1731,167775,0,100,0.1145208333333333,0.006246909739857074,0
1732,167868,0.16299999999999992,93,0.11403000000000008,0.00667461925292618,1
1733,167968,0,100,0.11350222222222228,0.006861746437498368,0
1734,168068,0,100,0.11297444444444449,0.006836248153704218,0
1735,168168,0,100,0.1124466666666667,0.005941671911277808,0
1736,168268,0,100,0.1119188888888889,0.005467702962341718,0
1737,168368,0,100,0.11139111111111122,0.0059070289932424205,0
1738,168468,0,100,0.11086333333333342,0.0066894527862314136,0
1739,168568,0,100,0.11033555555555552,0.006661317444231827,0
1740,168668,0,100,0.10980777777777784,0.007139068253163714,0
1741,168768,0,100,0.10928000000000004,0.006316701277974061,0
1742,168868,0,100,0.10875222222222225,0.007075831752736121,0
1743,168968,0,100,0.10822444444444446,0.0066754884901456535,0
1744,169068,0,100,0.10769666666666666,0.007117324152641231,0
1745,169168,0,100,0.10716888888888898,0.007007726310985163,0
1746,169268,0,100,0.10664111111111119,0.005347764597390778,0
1747,169368,0,100,0.10611333333333339,0.0069628826738335195,0
1748,169468,0,100,0.1055855555555556,0.006543359044007957,0
1749,169568,0,100,0.1050577777777778,0.006929066458833404,0
1750,169668,0,100,0.10453000000000001,0.0065720956888981165,0
1751,169768,0,100,0.10400222222222233,0.006678295552264899,0
1752,169868,0,100,0.10347444444444454,0.005881083810818382,0
1753,169968,0,100,0.10294666666666663,0.00613899700489128,0
1754,170068,0,100,0.10241888888888895,0.006706424349104055,0
1755,170168,0,100,0.10189111111111115,0.006904909904405941,0
1756,170268,0,100,0.10136333333333336,0.005735408592154272,0
1757,170368,0,100,0.10083555555555557,0.006449825358577073,0
1758,170468,0,100,0.10030777777777777,0.005875362037913874,0
1759,170568,0,100,0.09978000000000009,0.006335943908779882,0
1760,170668,0,100,0.0992522222222223,0.006198053051484749,0
1761,170768,0,100,0.0987244444444445,0.005209138928621542,0
1762,170868,0,100,0.09819666666666671,0.006043357917224057,0
1763,170968,0,100,0.09766888888888892,0.006496955482289195,0
1764,171068,0,100,0.09714111111111112,0.007086349664605223,0
1765,171168,0,100,0.09661333333333344,0.006986427133088,0
1766,171268,0,100,0.09608555555555554,0.005834721573046408,0
1767,171368,0,100,0.09555777777777774,0.006284521030029282,0
1768,171468,0,100,0.09503000000000006,0.0068102326238295065,0
1769,171568,0,100,0.09450222222222227,0.006399395517073572,0
1770,171668,0,100,0.09397444444444458,0.00741933528566733,0
1771,171768,0,100,0.09344666666666668,0.006677788041997701,0
1772,171868,0,100,0.09291888888888888,0.006624343940347899,0
1773,171968,0,100,0.0923911111111112,0.006054981396882795,0
1774,172068,0,100,0.09186333333333341,0.00649394097214099,0
1775,172168,0,100,0.0913355555555555,0.005970314817968756,0
1776,172268,0,100,0.09080777777777782,0.006832571047416422,0
1777,172368,0,100,0.09028000000000003,0.006094334126100875,0
1778,172468,0,100,0.08975222222222223,0.007266427213326096,0
1779,172568,0,100,0.08922444444444455,0.007178481400478632,0
1780,172668,0,100,0.08869666666666665,0.006606575068435632,0
1781,172768,0,100,0.08816888888888896,0.007014710909861606,0
1782,172868,0,100,0.08764111111111117,0.006363200391642749,0
1783,172968,0,100,0.08711333333333338,0.005821474403492175,0
1784,173068,0,100,0.0865855555555557,0.005587589108617976,0
1785,173168,0,100,0.08605777777777779,0.007122831742744893,0
1786,173268,0,100,0.08553,0.006057328516617417,0
1787,173368,0,100,0.08500222222222231,0.0077784742991207165,0
1788,173468,0,100,0.08447444444444452,0.0064178535254905,0
1789,173568,0,100,0.08394666666666661,0.0059061663097236304,0
1790,173668,0,100,0.08341888888888893,0.006936961120227352,0
1791,173768,0,100,0.08289111111111114,0.006468367883353494,0
1792,173868,0,100,0.08236333333333334,0.0062609028277802285,0
1793,173968,0,100,0.08183555555555566,0.0068595189624466,0
1794,174068,0,100,0.08130777777777776,0.006797132194624283,0
1795,174168,0,100,0.08078000000000007,0.005674024865147658,0
1796,174268,0,100,0.08025222222222228,0.007467850827379152,0
1797,174368,0,100,0.07972444444444449,0.007553053618175909,0
1798,174468,0,100,0.07919666666666669,0.006691275366756599,0
1799,174568,0,100,0.0786688888888889,0.007077629712875932,0
1800,174668,0,100,0.0781411111111111,0.006316300798207521,0
1801,174768,0,100,0.07761333333333342,0.006796439327881671,0
1802,174868,0,100,0.07708555555555563,0.0071571130893426016,0
1803,174968,0,100,0.07655777777777772,0.007133291664649733,0
1804,175068,0,100,0.07603000000000004,0.006491731468122453,0
1805,175168,0,100,0.07550222222222225,0.007446449532289989,0
1806,175268,0,100,0.07497444444444457,0.007268864080542698,0
1807,175368,0,100,0.07444666666666677,0.006817853210959584,0
1808,175468,0,100,0.07391888888888887,0.00787702118686866,0
1809,175568,0,100,0.07339111111111118,0.006832958423183299,0
1810,175668,0,100,0.07286333333333339,0.007264916661661118,0
1811,175768,0,100,0.0723355555555556,0.006701841055764816,0
1812,175868,0,100,0.0718077777777778,0.006333422911702655,0
1813,175968,0,100,0.07128000000000001,0.00695178504101932,0
1814,176068,0,100,0.07075222222222222,0.006312583167455159,0
1815,176168,0,100,0.07022444444444453,0.006497032370534725,0
1816,176268,0,100,0.06969666666666674,0.006659321379847824,0
1817,176368,0,100,0.06916888888888895,0.0065564034297131,0
1818,176468,0,100,0.06864111111111115,0.0069503485003951935,0
1819,176568,0,100,0.06811333333333336,0.00574657283606939,0
1820,176668,0,100,0.06758555555555568,0.0063641406665556136,0
1821,176768,0,100,0.06705777777777777,0.007425447807181626,0
1822,176868,0,100,0.06652999999999998,0.0064225333026843145,0
1823,176968,0,100,0.0660022222222223,0.006178693223046139,0
1824,177068,0,100,0.0654744444444445,0.00717997757543344,0
1825,177168,0,100,0.06494666666666671,0.007458648223546333,0
1826,177268,0,100,0.06441888888888891,0.006251084019313566,0
1827,177368,0,100,0.06389111111111112,0.005771283550420776,0
1828,177468,0,100,0.06336333333333333,0.0060052029811777175,0
1829,177568,0,100,0.06283555555555564,0.006308600309421308,0
1830,177668,0,100,0.06230777777777785,0.006307469721650705,0
1831,177768,0,100,0.06178000000000006,0.007939348031650298,0
1832,177868,0,100,0.06125222222222226,0.006475032142479904,0
1833,177968,0,100,0.06072444444444447,0.005386468180222437,0
1834,178068,0,100,0.06019666666666679,0.007020023104851134,0
1835,178168,0,100,0.05966888888888888,0.007379166534519754,0
1836,178268,0,100,0.05914111111111109,0.006699646614142693,0
1837,178368,0,100,0.058613333333333406,0.006421370895113796,0
1838,178468,0,100,0.05808555555555561,0.006400532413972542,0
1839,178568,0,100,0.05755777777777782,0.0063927456841338425,0
1840,178668,0,100,0.057030000000000025,0.0063314848253503446,0
1841,178768,0,100,0.05650222222222223,0.006716409903019666,0
1842,178868,0,100,0.05597444444444455,0.006416533472947777,0
1843,178968,0,100,0.055446666666666755,0.006537505087326281,0
1844,179068,0,100,0.05491888888888885,0.008133257632725871,0
1845,179168,0,100,0.05439111111111117,0.006674915651092306,0
1846,179268,0,100,0.053863333333333374,0.007102121814968995,0
1847,179368,0,100,0.05333555555555558,0.007399680286180228,0
1848,179468,0,100,0.0528077777777779,0.008223932516411878,0
1849,179543,0.32499999999999996,75,0.052411944444444414,0.00623188546160236,1
1850,179643,0,100,0.05188416666666673,0.0064853724132990466,0
1851,179743,0,100,0.05135638888888894,0.006575455372803844,0
1852,179843,0,100,0.050828611111111255,0.0067956927831983194,0
1853,179943,0,100,0.05030083333333335,0.006511469021788798,0
1854,180043,0,100,0.05,0.007343577921274118,0
1855,180143,0,100,0.05,0.006139032829669305,0
1856,180243,0,100,0.05,0.006019219115842134,0
1857,180343,0,100,0.05,0.007867347308201716,0
1858,180443,0,100,0.05,0.005945782486815005,0
1859,180543,0,100,0.05,0.006651032121153548,0
1860,180643,0,100,0.05,0.007463745775166899,0
1861,180743,0,100,0.05,0.007485285991569981,0
1862,180843,0,100,0.05,0.006763875077012926,0
1863,180943,0,100,0.05,0.008367188747506589,0
1864,181043,0,100,0.05,0.007077145497314632,0
1865,181143,0,100,0.05,0.007371290484443307,0
1866,181243,0,100,0.05,0.007372547982377,0
1867,181343,0,100,0.05,0.007275836881017312,0
1868,181443,0,100,0.05,0.006893877797410824,0
1869,181543,0,100,0.05,0.006259669887367636,0
1870,181643,0,100,0.05,0.006508117961930111,0
1871,181743,0,100,0.05,0.0073161223134957255,0
1872,181843,0,100,0.05,0.006738395482534543,0
1873,181943,0,100,0.05,0.007259169068420306,0
1874,182043,0,100,0.05,0.0066871093248482795,0
1875,182143,0,100,0.05,0.0063663543458096685,0
1876,182243,0,100,0.05,0.0073616922914516185,0
1877,182343,0,100,0.05,0.0076882909820415075,0
1878,182443,0,100,0.05,0.006953216207912192,0
1879,182543,0,100,0.05,0.007266139891580679,0
1880,182643,0,100,0.05,0.006008864402538165,0
1881,182743,0,100,0.05,0.007736466041824315,0
1882,182843,0,100,0.05,0.00673439656267874,0
1883,182943,0,100,0.05,0.006870471462025307,0
1884,183043,0,100,0.05,0.00705253844265826,0
1885,183143,0,100,0.05,0.006451412655878812,0
1886,183243,0,100,0.05,0.00610426003288012,0
1887,183343,0,100,0.05,0.007663779823924415,0
1888,183443,0,100,0.05,0.007322388172906358,0
1889,183543,0,100,0.05,0.006290905095229391,0
1890,183643,0,100,0.05,0.0060896639968268575,0
1891,183743,0,100,0.05,0.006431157990591601,0
1892,183843,0,100,0.05,0.006046924887486966,0
1893,183943,0,100,0.05,0.007445178736525122,0
1894,184043,0,100,0.05,0.007011174649815075,0
1895,184143,0,100,0.05,0.007992872756149154,0
1896,184243,0,100,0.05,0.007029318001586944,0
1897,184343,0,100,0.05,0.006792618464678526,0
1898,184443,0,100,0.05,0.007052844965364784,0
1899,184543,0,100,0.05,0.007418755530379712,0
1900,184643,0,100,0.05,0.0076248720043804495,0
1901,184743,0,100,0.05,0.00739178414689377,0
1902,184843,0,100,0.05,0.006619303114130162,0
1903,184943,0,100,0.05,0.0074504906521178785,0
1904,185043,0,100,0.05,0.006810211857373361,0
1905,185143,0,100,0.05,0.0077077293425099926,0
1906,185243,0,100,0.05,0.006928652946371585,0
1907,185343,0,100,0.05,0.006962018255726434,0
1908,185443,0,100,0.05,0.006801294223405421,0
1909,185543,0,100,0.05,0.006146687372529413,0
1910,185643,0,100,0.05,0.007104226945084519,0
1911,185743,0,100,0.05,0.007533695335150696,0
1912,185843,0,100,0.05,0.00640965499158483,0
1913,185943,0,100,0.05,0.006834227477083914,0
1914,186043,0,100,0.05,0.00657619127217913,0
1915,186143,0,100,0.05,0.006916845728410408,0
1916,186243,0,100,0.05,0.007265561320236884,0
1917,186343,0,100,0.05,0.006608046017354354,0
1918,186443,0,100,0.05,0.008281147214001977,0
1919,186543,0,100,0.05,0.00841797165281605,0
1920,186643,0,100,0.05,0.008048096051206812,0
1921,186743,0,100,0.05,0.007160370901692659,0
1922,186843,0,100,0.05,0.006745779110933654,0
1923,186943,0,100,0.05,0.006651837842655368,0
1924,187043,0,100,0.05,0.007990350952604785,0
1925,187143,0,100,0.05,0.007191141986404546,0
1926,187243,0,100,0.05,0.007184798724483699,0
1927,187343,0,100,0.05,0.006896968333458062,0
1928,187443,0,100,0.05,0.007677275496535003,0
1929,187543,0,100,0.05,0.007445919697929639,0
1930,187643,0,100,0.05,0.006866435440024361,0
1931,187743,0,100,0.05,0.007112068243441172,0
1932,187843,0,100,0.05,0.006628616619273089,0
1933,187943,0,100,0.05,0.007630221232539043,0
1934,188043,0,100,0.05,0.00675075389270205,0
1935,188143,0,100,0.05,0.008727592044160702,0
1936,188243,0,100,0.05,0.007545771662262268,0
1937,188343,0,100,0.05,0.007086287468846422,0
1938,188443,0,100,0.05,0.00826846070936881,0
1939,188543,0,100,0.05,0.007168063284480013,0
1940,188643,0,100,0.05,0.008192657640902325,0
1941,188743,0,100,0.05,0.007442774985684082,0
1942,188843,0,100,0.05,0.008042672564042732,0
1943,188943,0,100,0.05,0.007149504953995347,0
1944,189043,0,100,0.05,0.0063324686785927045,0
1945,189143,0,100,0.05,0.007902762946905569,0
1946,189243,0,100,0.05,0.006781919025816024,0
1947,189343,0,100,0.05,0.006891902111237869,0
1948,189443,0,100,0.05,0.0072172772826161235,0
1949,189543,0,100,0.05,0.007664260735618882,0
1950,189643,0,100,0.05,0.00799101602868177,0
1951,189743,0,100,0.05,0.007181023576995358,0
1952,189843,0,100,0.05,0.00703198766161222,0
1953,189943,0,100,0.05,0.007052598258014769,0
1954,190043,0,100,0.05,0.008257869656663388,0
1955,190143,0,100,0.05,0.007220783924567513,0
1956,190243,0,100,0.05,0.007430815716506913,0
1957,190343,0,100,0.05,0.007832639049156568,0
1958,190443,0,100,0.05,0.006940763660822995,0
1959,190543,0,100,0.05,0.007045319511089474,0
1960,190643,0,100,0.05,0.006686222874559462,0
1961,190743,0,100,0.05,0.006497444991255179,0
1962,190843,0,100,0.05,0.006830542866373435,0
1963,190943,0,100,0.05,0.006599632189609111,0
1964,191043,0,100,0.05,0.00684757420734968,0
1965,191143,0,100,0.05,0.007506959493621252,0
1966,191243,0,100,0.05,0.007313757864176295,0
1967,191343,0,100,0.05,0.007363444388611242,0
1968,191443,0,100,0.05,0.007383669533883221,0
1969,191543,0,100,0.05,0.006662184051820077,0
1970,191643,0,100,0.05,0.006960684244986624,0
1971,191743,0,100,0.05,0.00636065743456129,0
1972,191843,0,100,0.05,0.00644100547709968,0
1973,191912,0.379,69,0.05,0.008169374281904944,1
1974,192012,0,100,0.05,0.007477263240143656,0
1975,192112,0,100,0.05,0.008048649328993634,0
1976,192212,0,100,0.05,0.0074907187459757555,0
1977,192312,0,100,0.05,0.006612799342256039,0
1978,192412,0,100,0.05,0.006524344250210561,0
1979,192512,0,100,0.05,0.0067012954549863935,0
1980,192612,0,100,0.05,0.007265556381316856,0
1981,192712,0,100,0.05,0.007973627750761807,0
1982,192812,0,100,0.05,0.007221396804088727,0
1983,192912,0,100,0.05,0.007793528609909117,0
1984,193012,0,100,0.05,0.006876800242171157,0
1985,193112,0,100,0.05,0.007391220109420829,0
1986,193212,0,100,0.05,0.007400481165386736,0
1987,193312,0,100,0.05,0.0077134702185867356,0
1988,193412,0,100,0.05,0.008099582134454976,0
1989,193512,0,100,0.05,0.007111716149956919,0
1990,193612,0,100,0.05,0.0071622769895475355,0
1991,193712,0,100,0.05,0.007082478005904704,0
1992,193812,0,100,0.05,0.007376162530999863,0
1993,193912,0,100,0.05,0.007808658021385782,0
1994,194012,0,100,0.05,0.006627589261042886,0
1995,194112,0,100,0.05,0.007470470955595374,0
1996,194212,0,100,0.05,0.006407475251471624,0
1997,194312,0,100,0.05,0.006918339143740013,0
1998,194412,0,100,0.05,0.007663474895525724,0
1999,194512,0,100,0.05,0.006371783184004016,0
2000,194612,0,100,0.05,0.006226947392133297,0
2001,194712,0,100,0.05,0.006988949971855618,0
2002,194812,0,100,0.05,0.006659793413709849,0
2003,194912,0,100,0.05,0.007810099453199655,0
2004,195012,0,100,0.05,0.006679158837068826,0
2005,195112,0,100,0.05,0.008127934078220277,0
2006,195212,0,100,0.05,0.007112445742241107,0
2007,195312,0,100,0.05,0.006592024744022638,0
2008,195412,0,100,0.05,0.006447843989008106,0
2009,195512,0,100,0.05,0.0070214893709635365,0
2010,195612,0,100,0.05,0.007470235389191658,0
2011,195712,0,100,0.05,0.005481265076668933,0
2012,195812,0,100,0.05,0.006891295047826134,0
2013,195912,0,100,0.05,0.006831723793875426,0
2014,196012,0,100,0.05,0.007167799512390047,0
2015,196112,0,100,0.05,0.007130878695170395,0
2016,196212,0,100,0.05,0.008018557172617876,0
2017,196312,0,100,0.05,0.0069684518792200835,0
2018,196412,0,100,0.05,0.006695385709172115,0
2019,196512,0,100,0.05,0.006574282016954385,0
2020,196612,0,100,0.05,0.007302834767906461,0
2021,196712,0,100,0.05,0.007398117113043554,0
2022,196812,0,100,0.05,0.007163766611483879,0
2023,196912,0,100,0.05,0.00725440978014376,0
2024,197012,0,100,0.05,0.007226175053510815,0
2025,197112,0,100,0.05,0.006788152688532136,0
2026,197212,0,100,0.05,0.007294048023759388,0
2027,197312,0,100,0.05,0.007731046662665903,0
2028,197412,0,100,0.05,0.006878113877028227,0
2029,197512,0,100,0.05,0.006817580468486994,0
2030,197612,0,100,0.05,0.0072114052617689595,0
2031,197712,0,100,0.05,0.006147536336793564,0
2032,197812,0,100,0.05,0.007320704638841562,0
2033,197912,0,100,0.05,0.0065472477197181436,0
2034,198012,0,100,0.05,0.008133799958159216,0
2035,198112,0,100,0.05,0.007631721895886585,0
2036,198212,0,100,0.05,0.007606015427736566,0
2037,198312,0,100,0.05,0.007371283913380466,0
2038,198412,0,100,0.05,0.00797768217511475,0
2039,198512,0,100,0.05,0.006735065607936122,0
2040,198612,0,100,0.05,0.006867657328257337,0
2041,198712,0,100,0.05,0.006930687843705528,0
2042,198812,0,100,0.05,0.008925614224281161,0
2043,198912,0,100,0.05,0.0077579607343068345,0
2044,199012,0,100,0.05,0.006934252230275888,0
2045,199112,0,100,0.05,0.007634296296164394,0
2046,199212,0,100,0.05,0.007307790524791926,0
2047,199312,0,100,0.05,0.006943793669051956,0
2048,199412,0,100,0.05,0.007551411428721622,0
2049,199512,0,100,0.05,0.007230171703849919,0
2050,199612,0,100,0.05,0.0071180228656157855,0
2051,199712,0,100,0.05,0.007290119148674421,0
2052,199812,0,100,0.05,0.0070020997396204624,0
2053,199912,0,100,0.05,0.007367114971857518,0
2054,200012,0,100,0.05,0.006944867294514552,0
2055,200112,0,100,0.05,0.008102390358690172,0
2056,200212,0,100,0.05,0.007951631176983937,0
2057,200312,0,100,0.05,0.008540349588729441,0
2058,200412,0,100,0.05,0.007619157784502022,0
2059,200512,0,100,0.05,0.0078068197635002435,0
2060,200612,0,100,0.05,0.0072371142206247895,0
2061,200712,0,100,0.05,0.006817271336913109,0
2062,200812,0,100,0.05,0.007443900865036994,0
2063,200912,0,100,0.05,0.006241818684502505,0
2064,201012,0,100,0.05,0.006898122572456486,0
2065,201112,0,100,0.05,0.006709861001581885,0
2066,201212,0,100,0.05,0.006456102952943184,0
2067,201312,0,100,0.05,0.006734818039694801,0
2068,201412,0,100,0.05,0.007915215131361038,0
2069,201512,0,100,0.05,0.0067952049849554896,0
2070,201612,0,100,0.05,0.007596201432170347,0
2071,201712,0,100,0.05,0.008431336614303292,0
2072,201812,0,100,0.05,0.006716908268281259,0
2073,201912,0,100,0.05,0.005710223930946085,0
2074,202012,0,100,0.05,0.005912688182434067,0
2075,202112,0,100,0.05,0.00842713171907235,0
2076,202212,0,100,0.05,0.008259822017571423,0
2077,202312,0,100,0.05,0.006900357374106534,0
2078,202412,0,100,0.05,0.007279273536405526,0
2079,202512,0,100,0.05,0.007003630913095549,0
2080,202612,0,100,0.05,0.007173481757636182,0
2081,202712,0,100,0.05,0.007565887666423805,0
2082,202812,0,100,0.05,0.007336176873650402,0
2083,202912,0,100,0.05,0.008317561728763394,0
2084,203012,0,100,0.05,0.006128375574480743,0
2085,203112,0,100,0.05,0.0070908972906181585,0
2086,203212,0,100,0.05,0.008803147235885262,0
2087,203312,0,100,0.05,0.007883575771411416,0
2088,203412,0,100,0.05,0.007353420202853158,0
2089,203512,0,100,0.05,0.007274436855514068,0
2090,203612,0,100,0.05,0.007294423961429857,0
2091,203712,0,100,0.05,0.007505666974466294,0
2092,203812,0,100,0.05,0.007438518140697852,0
2093,203912,0,100,0.05,0.0068602519412525,0
2094,204012,0,100,0.05,0.007623216154170223,0
2095,204112,0,100,0.05,0.0083934300072724,0
2096,204212,0,100,0.05,0.0077707419177750125,0
2097,204312,0,100,0.05,0.007463729806477204,0
2098,204412,0,100,0.05,0.006462434116110671,0
2099,204512,0,100,0.05,0.0072568526660325,0
2100,204612,0,100,0.05,0.008631167152198032,0
2101,204712,0,100,0.05,0.00840492538176477,0
2102,204812,0,100,0.05,0.007020223286817781,0
2103,204912,0,100,0.05,0.007315193304093554,0
2104,205012,0,100,0.05,0.007055833582999185,0
2105,205112,0,100,0.05,0.007971321328077464,0
2106,205212,0,100,0.05,0.007655531264317688,0
2107,205312,0,100,0.05,0.007899030429543928,0
2108,205412,0,100,0.05,0.007511636627605185,0
2109,205512,0,100,0.05,0.006567043978138827,0
2110,205612,0,100,0.05,0.006669113011448644,0
2111,205712,0,100,0.05,0.006600621657562442,0
2112,205812,0,100,0.05,0.006991457655094564,0
2113,205912,0,100,0.05,0.007285799209494143,0
2114,206012,0,100,0.05,0.007584211699431762,0
2115,206112,0,100,0.05,0.007583383254823275,0
2116,206212,0,100,0.05,0.008398817065171897,0
2117,206312,0,100,0.05,0.009259506192756816,0
2118,206412,0,100,0.05,0.007303745860117488,0
2119,206512,0,100,0.05,0.006494237491860986,0
2120,206612,0,100,0.05,0.007068712638865691,0
2121,206712,0,100,0.05,0.007268880632473156,0
2122,206812,0,100,0.05,0.006495788872707635,0
2123,206912,0,100,0.05,0.008109341560630128,0
2124,207012,0,100,0.05,0.008666183732275385,0
2125,207112,0,100,0.05,0.007668953080428764,0
2126,207212,0,100,0.05,0.008490150555735454,0
2127,207312,0,100,0.05,0.008575044800527393,0
2128,207412,0,100,0.05,0.007083208666881546,0
2129,207512,0,100,0.05,0.007235050045419484,0
2130,207612,0,100,0.05,0.008494433445448521,0
2131,207712,0,100,0.05,0.007978745776345022,0
2132,207812,0,100,0.05,0.007712623188272118,0
2133,207912,0,100,0.05,0.007234307375038043,0
2134,208012,0,100,0.05,0.007024815771146677,0
2135,208112,0,100,0.05,0.007547882767976261,0
2136,208212,0,100,0.05,0.007338748896727338,0
2137,208312,0,100,0.05,0.00783501667319797,0
2138,208412,0,100,0.05,0.007846199374762363,0
2139,208512,0,100,0.05,0.007855542896431872,0
2140,208612,0,100,0.05,0.0072663633117917925,0
2141,208712,0,100,0.05,0.007275168090709485,0
2142,208812,0,100,0.05,0.007670394820452202,0
2143,208912,0,100,0.05,0.007646549548371695,0
2144,209012,0,100,0.05,0.007236726084083784,0
2145,209112,0,100,0.05,0.00802956901025027,0
2146,209212,0,100,0.05,0.008617624648031778,0
2147,209312,0,100,0.05,0.006759674803470261,0
2148,209412,0,100,0.05,0.007684314803918823,0
2149,209512,0,100,0.05,0.006457806083490141,0
2150,209612,0,100,0.05,0.007845423458493315,0
2151,209712,0,100,0.05,0.007486347523517907,0
2152,209812,0,100,0.05,0.007454679630463943,0
2153,209912,0,100,0.05,0.007937163086608053,0
2154,210012,0,100,0.05,0.008142440830706619,0
2155,210112,0,100,0.05,0.007740345421480015,0
2156,210212,0,100,0.05,0.008237104129511863,0
2157,210312,0,100,0.05,0.008510322934598661,0
2158,210412,0,100,0.05,0.008379947167995852,0
2159,210512,0,100,0.05,0.0070016311795916405,0
2160,210612,0,100,0.05,0.008137419870763551,0
2161,210712,0,100,0.05,0.00790747781706159,0
2162,210812,0,100,0.05,0.008754491439904087,0
2163,210912,0,100,0.05,0.008190402374602855,0
2164,211012,0,100,0.05,0.008532117606373504,0
2165,211112,0,100,0.05,0.008277124528540299,0
2166,211212,0,100,0.05,0.007470804011682049,0
2167,211312,0,100,0.05,0.008179746576352044,0
2168,211412,0,100,0.05,0.008741765329614282,0
2169,211512,0,100,0.05,0.007724800361320377,0
2170,211612,0,100,0.05,0.00808137918182183,0
2171,211712,0,100,0.05,0.008363716932944954,0
2172,211812,0,100,0.05,0.008832484459271655,0
2173,211912,0,100,0.05,0.009026199288200587,0
2174,212012,0,100,0.05,0.00832758772885427,0
2175,212112,0,100,0.05,0.008334854077547789,0
2176,212212,0,100,0.05,0.0075348519836552445,0
2177,212312,0,100,0.05,0.008020338765345515,0
2178,212412,0,100,0.05,0.007790357560734265,0
2179,212512,0,100,0.05,0.007360558052896522,0
2180,212532,0.82,20,0.05,0.007351375903817825,1
2181,212632,0,100,0.05,0.008445202379953116,0
2182,212732,0,100,0.05,0.006017821710556746,0
2183,212832,0,100,0.05,0.0070051603944739325,0
2184,212932,0,100,0.05,0.008900810604682192,0
2185,213032,0,100,0.05,0.008082795763621108,0
2186,213132,0,100,0.05,0.009059472765948158,0
2187,213232,0,100,0.05,0.008309658587095328,0
2188,213332,0,100,0.05,0.008898796537832822,0
2189,213432,0,100,0.05,0.007987970382673666,0
2190,213532,0,100,0.05,0.009082539164228364,0
2191,213632,0,100,0.05,0.008484924856456928,0
2192,213732,0,100,0.05,0.007305852274876088,0
2193,213832,0,100,0.05,0.007527061378350481,0
2194,213932,0,100,0.05,0.00854672178189503,0
2195,214032,0,100,0.05,0.007881915967445821,0
2196,214132,0,100,0.05,0.008535565602360294,0
2197,214232,0,100,0.05,0.00705589618824888,0
2198,214332,0,100,0.05,0.00791958162386436,0
2199,214432,0,100,0.05,0.009559474686393515,0
2200,214532,0,100,0.05,0.008519442616961897,0
2201,214632,0,100,0.05,0.008663584603345953,0
2202,214732,0,100,0.05,0.007923966381931678,0
2203,214832,0,100,0.05,0.008145802952931262,0
2204,214932,0,100,0.05,0.008020593516994268,0
2205,215032,0,100,0.05,0.008982499312842264,0
2206,215132,0,100,0.05,0.006653380197822117,0
2207,215232,0,100,0.05,0.008267170803737827,0
2208,215332,0,100,0.05,0.008007392813451588,0
2209,215432,0,100,0.05,0.007663575675906031,0
2210,215532,0,100,0.05,0.00695777811924927,0
2211,215632,0,100,0.05,0.00832695248129312,0
2212,215732,0,100,0.05,0.007759045128477737,0
2213,215832,0,100,0.05,0.008668551761657,0
2214,215932,0,100,0.05,0.007611281132558361,0
2215,216032,0,100,0.05,0.00833357984723989,0
2216,216132,0,100,0.05,0.00927651288046036,0
2217,216232,0,100,0.05,0.008148273203987628,0
2218,216332,0,100,0.05,0.007950476059922948,0
2219,216432,0,100,0.05,0.008408280978328549,0
2220,216532,0,100,0.05,0.009095132013899275,0
2221,216632,0,100,0.05,0.008092844276688993,0
2222,216732,0,100,0.05,0.007249834063113667,0
2223,216832,0,100,0.05,0.00939062243560329,0
2224,216932,0,100,0.05,0.00789524672611151,0
2225,217032,0,100,0.05,0.007730838293791748,0
2226,217132,0,100,0.05,0.009838522515783552,0
2227,217232,0,100,0.05,0.008842668562429025,0
2228,217332,0,100,0.05,0.008883217923576013,0
2229,217432,0,100,0.05,0.008347451472072862,0
2230,217532,0,100,0.05,0.007807382374303415,0
2231,217632,0,100,0.05,0.00901155471277889,0
2232,217732,0,100,0.05,0.007506380912382156,0
2233,217832,0,100,0.05,0.008549687871709465,0
2234,217932,0,100,0.05,0.008569038960849866,0
2235,218032,0,100,0.05,0.007302808821550571,0
2236,218132,0,100,0.05,0.009233160105650314,0
2237,218232,0,100,0.05,0.008687963191187009,0
2238,218332,0,100,0.05,0.007361090162303299,0
2239,218432,0,100,0.05,0.008352785016177222,0
2240,218532,0,100,0.05,0.007982149929739535,0
2241,218632,0,100,0.05,0.007279910845682025,0
2242,218732,0,100,0.05,0.009122535461792723,0
2243,218832,0,100,0.05,0.007535401246277615,0
2244,218932,0,100,0.05,0.01008215498935897,0
2245,219032,0,100,0.05,0.008355376673862339,0
2246,219132,0,100,0.05,0.007782039192970842,0
2247,219232,0,100,0.05,0.0076312657090602445,0
2248,219332,0,100,0.05,0.008642628237139434,0
2249,219432,0,100,0.05,0.007987253685714677,0
2250,219532,0,100,0.05,0.007446854062727652,0
2251,219632,0,100,0.05,0.008993630310287699,0
2252,219732,0,100,0.05,0.008102152346400543,0
2253,219832,0,100,0.05,0.007625215058214963,0
2254,219932,0,100,0.05,0.007935365642333636,0
2255,220032,0,100,0.05,0.008908080592518672,0
2256,220132,0,100,0.05,0.008464041322295088,0
2257,220232,0,100,0.05,0.00748353571863845,0
2258,220332,0,100,0.05,0.00782963085686788,0
2259,220432,0,100,0.05,0.008425435268436558,0
2260,220532,0,100,0.05,0.007975045320345089,0
2261,220632,0,100,0.05,0.008203677777200937,0
2262,220732,0,100,0.05,0.008447242933907546,0
2263,220832,0,100,0.05,0.007713925349526108,0
2264,220932,0,100,0.05,0.008691472062491813,0
2265,221032,0,100,0.05,0.008735614500183146,0
2266,221132,0,100,0.05,0.008648509661434219,0
2267,221232,0,100,0.05,0.007650650361320004,0
2268,221332,0,100,0.05,0.007020359770976938,0
2269,221432,0,100,0.05,0.0070554781003738755,0
2270,221532,0,100,0.05,0.007931278708856553,0
2271,221632,0,100,0.05,0.008065887760603801,0
2272,221732,0,100,0.05,0.008495821176911705,0
2273,221832,0,100,0.05,0.008983136857859791,0
2274,221932,0,100,0.05,0.007634182751935441,0
2275,222032,0,100,0.05,0.007937482976121828,0
2276,222132,0,100,0.05,0.009364096088102087,0
2277,222232,0,100,0.05,0.006777437847922556,0
2278,222332,0,100,0.05,0.0070593293808633465,0
2279,222432,0,100,0.05,0.00876917356334161,0
2280,222532,0,100,0.05,0.008251861929893493,0
2281,222632,0,100,0.05,0.007274199572857469,0
2282,222732,0,100,0.05,0.008507922395365313,0
2283,222832,0,100,0.05,0.008073196996410842,0
2284,222932,0,100,0.05,0.007678352807997726,0
2285,223032,0,100,0.05,0.009003949173202273,0
2286,223132,0,100,0.05,0.009533950631739571,0
2287,223232,0,100,0.05,0.008113246588036417,0
2288,223332,0,100,0.05,0.00796199765522033,0
2289,223432,0,100,0.05,0.009232210437767207,0
2290,223532,0,100,0.05,0.008733138980751391,0
2291,223632,0,100,0.05,0.008498264843656216,0
2292,223732,0,100,0.05,0.008408439980703406,0
2293,223832,0,100,0.05,0.007413649319787509,0
2294,223932,0,100,0.05,0.008367425207979977,0
2295,224032,0,100,0.05,0.008175968911964447,0
2296,224132,0,100,0.05,0.009681912636151537,0
2297,224232,0,100,0.05,0.008529503441532143,0
2298,224332,0,100,0.05,0.009450874698814005,0
2299,224432,0,100,0.05,0.008702152139740064,0
2300,224532,0,100,0.05,0.0075510745600331575,0
2301,224632,0,100,0.05,0.008271525354939514,0
2302,224732,0,100,0.05,0.00968421039520763,0
2303,224832,0,100,0.05,0.006775467042461969,0
2304,224932,0,100,0.05,0.009485407449537887,0
2305,225032,0,100,0.05,0.008389253239147364,0
2306,225080,0.5680000000000001,48,0.05,0.009083928057710485,1
2307,225180,0,100,0.05,0.009014735952951014,0
2308,225280,0,100,0.05,0.00708371007698588,0
2309,225380,0,100,0.05,0.00743300944159273,0
2310,225480,0,100,0.05,0.009305666638538242,0
2311,225580,0,100,0.05,0.007950436396640725,0
2312,225680,0,100,0.05,0.008265740383649245,0
2313,225780,0,100,0.05,0.0072109883939265275,0
2314,225880,0,100,0.05,0.008736096214852296,0
2315,225980,0,100,0.05,0.008302776963682845,0
2316,226080,0,100,0.05,0.00815984099637717,0
2317,226180,0,100,0.05,0.00712835926678963,0
2318,226280,0,100,0.05,0.009310330072185024,0
2319,226380,0,100,0.05,0.0092295347165782,0
2320,226480,0,100,0.05,0.007152809430845081,0
2321,226580,0,100,0.05,0.008011783112306149,0
2322,226680,0,100,0.05,0.00785683388938196,0
2323,226780,0,100,0.05,0.008343727906467393,0
2324,226880,0,100,0.05,0.00869594641844742,0
2325,226980,0,100,0.05,0.009469263668870553,0
2326,227080,0,100,0.05,0.00860569099895656,0
2327,227180,0,100,0.05,0.0068151230906369166,0
2328,227280,0,100,0.05,0.00848877789103426,0
2329,227380,0,100,0.05,0.008622426827496383,0
2330,227480,0,100,0.05,0.008569955128477887,0
2331,227580,0,100,0.05,0.007906584728043526,0
2332,227680,0,100,0.05,0.008512085570837371,0
2333,227780,0,100,0.05,0.006785799958743155,0
2334,227880,0,100,0.05,0.007459398898645304,0
2335,227980,0,100,0.05,0.00793922962155193,0
2336,228080,0,100,0.05,0.007361063819844276,0
2337,228180,0,100,0.05,0.007992111527128145,0
2338,228280,0,100,0.05,0.007613035267568193,0
2339,228380,0,100,0.05,0.008889693013043144,0
2340,228480,0,100,0.05,0.009268353456864133,0
2341,228580,0,100,0.05,0.008868393384036609,0
2342,228680,0,100,0.05,0.00816896160482429,0
2343,228780,0,100,0.05,0.008557246966520325,0
2344,228880,0,100,0.05,0.008180075290729292,0
2345,228980,0,100,0.05,0.0075346723553957416,0
2346,229080,0,100,0.05,0.006900443219346925,0
2347,229180,0,100,0.05,0.008400010333862156,0
2348,229280,0,100,0.05,0.008851105640351306,0
2349,229380,0,100,0.05,0.009103691841010004,0
2350,229480,0,100,0.05,0.008212162814452313,0
2351,229580,0,100,0.05,0.007475560356979259,0
2352,229680,0,100,0.05,0.008321417634142562,0
2353,229780,0,100,0.05,0.007310389169724658,0
2354,229880,0,100,0.05,0.0075485161482356485,0
2355,229980,0,100,0.05,0.008844082426512613,0
2356,230080,0,100,0.05,0.006795737641805317,0
2357,230180,0,100,0.05,0.008078579285356682,0
2358,230280,0,100,0.05,0.008296789563028142,0
2359,230380,0,100,0.05,0.00857536545547191,0
2360,230480,0,100,0.05,0.00821066643926315,0
2361,230580,0,100,0.05,0.008143701804219744,0
2362,230680,0,100,0.05,0.007041120420908555,0
2363,230780,0,100,0.05,0.007247252668021247,0
2364,230880,0,100,0.05,0.008045450521167367,0
2365,230980,0,100,0.05,0.008778871695976704,0
2366,231080,0,100,0.05,0.008409136217669583,0
2367,231180,0,100,0.05,0.008186298449290917,0
2368,231280,0,100,0.05,0.008726036733423825,0
2369,231380,0,100,0.05,0.008120885578100569,0
2370,231480,0,100,0.05,0.008465284921694547,0
2371,231580,0,100,0.05,0.008187553870957345,0
2372,231680,0,100,0.05,0.00719508295878768,0
2373,231780,0,100,0.05,0.008434772496111692,0
2374,231880,0,100,0.05,0.0075213499867822975,0
2375,231980,0,100,0.05,0.008384048622683622,0
2376,232080,0,100,0.05,0.009186254023225046,0
2377,232180,0,100,0.05,0.00954051098495256,0
2378,232280,0,100,0.05,0.007634901857818477,0
2379,232380,0,100,0.05,0.008166762094479054,0
2380,232480,0,100,0.05,0.00689815197722055,0
2381,232580,0,100,0.05,0.00978944614646025,0
2382,232680,0,100,0.05,0.007949513724888675,0
2383,232780,0,100,0.05,0.00783228659303859,0
2384,232880,0,100,0.05,0.00788366848777514,0
2385,232980,0,100,0.05,0.008016812111309264,0
2386,233080,0,100,0.05,0.008126852652058005,0
2387,233180,0,100,0.05,0.008621587974776048,0
2388,233280,0,100,0.05,0.007202769793802872,0
2389,233380,0,100,0.05,0.009015336721204222,0
2390,233480,0,100,0.05,0.008565826187841595,0
2391,233580,0,100,0.05,0.008114918421488254,0
2392,233680,0,100,0.05,0.00793456651532324,0
2393,233780,0,100,0.05,0.008936168670188635,0
2394,233880,0,100,0.05,0.008202882333425804,0
2395,233980,0,100,0.05,0.008207325124531054,0
2396,234080,0,100,0.05,0.007786648866022006,0
2397,234180,0,100,0.05,0.00684671807277482,0
2398,234280,0,100,0.05,0.008603991229319945,0
2399,234380,0,100,0.05,0.0071080115181393925,0
2400,234480,0,100,0.05,0.008908233006950468,0
2401,234580,0,100,0.05,0.007844169840682298,0
2402,234680,0,100,0.05,0.00890067114145495,0
2403,234780,0,100,0.05,0.008727218696149066,0
2404,234880,0,100,0.05,0.007428487451397814,0
2405,234980,0,100,0.05,0.008711498182965443,0
2406,235080,0,100,0.05,0.008272127134841867,0
2407,235180,0,100,0.05,0.009009585621533915,0
2408,235280,0,100,0.05,0.007533039217814803,0
2409,235380,0,100,0.05,0.008302595036802814,0
2410,235480,0,100,0.05,0.00870076565654017,0
2411,235580,0,100,0.05,0.008613319426076486,0
2412,235680,0,100,0.05,0.007614613029290922,0
2413,235780,0,100,0.05,0.008133878398220986,0
2414,235880,0,100,0.05,0.008032345494721085,0
2415,235980,0,100,0.05,0.00757300979224965,0
2416,236080,0,100,0.05,0.008741928894887679,0
2417,236180,0,100,0.05,0.008554332799394614,0
2418,236280,0,100,0.05,0.008714249103795736,0
2419,236380,0,100,0.05,0.008088340686808805,0
2420,236480,0,100,0.05,0.009107296725851484,0
2421,236580,0,100,0.05,0.007436261361872312,0
2422,236680,0,100,0.05,0.008139652601676062,0
2423,236780,0,100,0.05,0.007656456676195376,0
2424,236880,0,100,0.05,0.007302971960743889,0
2425,236980,0,100,0.05,0.007931377833592705,0
2426,237080,0,100,0.05,0.008689939917530864,0
2427,237180,0,100,0.05,0.00773136482341215,0
2428,237280,0,100,0.05,0.009697062888299114,0
2429,237380,0,100,0.05,0.00783830959815532,0
2430,237480,0,100,0.05,0.009067402755026705,0
2431,237580,0,100,0.05,0.007995969544281252,0
2432,237680,0,100,0.05,0.00777277639019303,0
2433,237780,0,100,0.05,0.008853085638256743,0
2434,237880,0,100,0.05,0.009211063427792397,0
2435,237980,0,100,0.05,0.007447238535387441,0
2436,238080,0,100,0.05,0.008696677083498798,0
2437,238180,0,100,0.05,0.007914627412101255,0
2438,238280,0,100,0.05,0.007374143153720069,0
2439,238380,0,100,0.05,0.009079120083479211,0
2440,238480,0,100,0.05,0.008387113271746785,0
2441,238580,0,100,0.05,0.007979526894632726,0
2442,238680,0,100,0.05,0.00864310662378557,0
2443,238780,0,100,0.05,0.008559525158198085,0
2444,238880,0,100,0.05,0.00875415918417275,0
2445,238980,0,100,0.05,0.009207881321635795,0
2446,239033,0.5229999999999999,53,0.05,0.008109891954106543,1
2447,239133,0,100,0.05,0.008144293104996904,0
2448,239233,0,100,0.05,0.008161350225564093,0
2449,239333,0,100,0.05,0.009462080559460446,0
2450,239433,0,100,0.05,0.00986033971013967,0
2451,239533,0,100,0.05,0.007081534755416214,0
2452,239595,0.44199999999999995,62,0.05,0.008772670670652823,1
2453,239695,0,100,0.05,0.008146872079232708,0
2454,239795,0,100,0.05,0.008177751958137379,0
2455,239895,0,100,0.05,0.008423122583772057,0
2456,239995,0,100,0.05,0.009342091453436296,0
2457,240095,0,100,0.05,0.007981216369662434,0
2458,240195,0,100,0.05,0.00847332286182791,0
2459,240295,0,100,0.05,0.008731958360876889,0
2460,240395,0,100,0.05,0.00876943176961504,0
2461,240495,0,100,0.05,0.010568949634907766,0
2462,240595,0,100,0.05,0.009315181265119463,0
2463,240695,0,100,0.05,0.008322148530860432,0
2464,240795,0,100,0.05,0.008103592155384831,0
2465,240895,0,100,0.05,0.007967533206101506,0
2466,240995,0,100,0.05,0.007693296736106276,0
2467,241095,0,100,0.05,0.009312285375781357,0
2468,241195,0,100,0.05,0.007412262712605298,0
2469,241295,0,100,0.05,0.008590685519156977,0
2470,241395,0,100,0.05,0.008451307554496452,0
2471,241495,0,100,0.05,0.00894698636897374,0
2472,241595,0,100,0.05,0.007327487720176578,0
2473,241695,0,100,0.05,0.007853591862949543,0
2474,241795,0,100,0.05,0.009401365249068476,0
2475,241895,0,100,0.05,0.008529475397954229,0
2476,241995,0,100,0.05,0.009501746310852467,0
2477,242095,0,100,0.05,0.008578932983218691,0
2478,242195,0,100,0.05,0.007816797179402783,0
2479,242295,0,100,0.05,0.008576840833411552,0
2480,242395,0,100,0.05,0.008564740440924652,0
2481,242495,0,100,0.05,0.008281129576498642,0
2482,242595,0,100,0.05,0.007550966336857527,0
2483,242695,0,100,0.05,0.009931452923920005,0
2484,242795,0,100,0.05,0.009508205443853512,0
2485,242895,0,100,0.05,0.007615350837004371,0
2486,242995,0,100,0.05,0.008488936878275127,0
2487,243095,0,100,0.05,0.009109626166173257,0
2488,243195,0,100,0.05,0.007641462485771626,0
2489,243295,0,100,0.05,0.008312857169657946,0
2490,243395,0,100,0.05,0.008384485776768997,0
2491,243495,0,100,0.05,0.00770407315925695,0
2492,243595,0,100,0.05,0.009420555569813588,0
2493,243695,0,100,0.05,0.008910308578633704,0
2494,243795,0,100,0.05,0.008979428430902771,0
2495,243895,0,100,0.05,0.009038819427369163,0
2496,243995,0,100,0.05,0.0069682547889533455,0
2497,244095,0,100,0.05,0.008275989223038778,0
2498,244195,0,100,0.05,0.007759391510626301,0
2499,244295,0,100,0.05,0.009034728820552118,0
2500,244395,0,100,0.05,0.00795873355004005,0
2501,244495,0,100,0.05,0.00803306009795051,0
2502,244595,0,100,0.05,0.00802585920522688,0
2503,244695,0,100,0.05,0.008146950959926472,0
2504,244795,0,100,0.05,0.008915208568214438,0
2505,244895,0,100,0.05,0.008557512221159413,0
2506,244995,0,100,0.05,0.008253231669077649,0
2507,245095,0,100,0.05,0.0091709122719476,0
2508,245195,0,100,0.05,0.008231040541431867,0
2509,245295,0,100,0.05,0.008747469751979224,0
2510,245395,0,100,0.05,0.009267657140735536,0
2511,245495,0,100,0.05,0.008455380008672363,0
2512,245595,0,100,0.05,0.008345639640465379,0
2513,245695,0,100,0.05,0.007906514761270956,0
2514,245795,0,100,0.05,0.008384828048292547,0
2515,245895,0,100,0.05,0.008831105932185892,0
2516,245995,0,100,0.05,0.008398977241595275,0
2517,246095,0,100,0.05,0.008592159928521142,0
2518,246195,0,100,0.05,0.00878008356783539,0
2519,246295,0,100,0.05,0.008099171781796031,0
2520,246395,0,100,0.05,0.008819638832937926,0
2521,246495,0,100,0.05,0.009298808471066877,0
2522,246595,0,100,0.05,0.00903799912019167,0
2523,246695,0,100,0.05,0.008659707954502665,0
2524,246795,0,100,0.05,0.008567302174051293,0
2525,246895,0,100,0.05,0.007311210998450406,0
2526,246995,0,100,0.05,0.007400956865167245,0
2527,247095,0,100,0.05,0.009934043040848337,0
2528,247195,0,100,0.05,0.007542817951471079,0
2529,247295,0,100,0.05,0.008296843443531543,0
2530,247395,0,100,0.05,0.00823234572832007,0
2531,247495,0,100,0.05,0.008650649005139711,0
2532,247595,0,100,0.05,0.008170305494277273,0
2533,247695,0,100,0.05,0.008662608802551404,0
2534,247795,0,100,0.05,0.00847910784126725,0
2535,247895,0,100,0.05,0.009176769963814876,0
2536,247995,0,100,0.05,0.008404297007946298,0
2537,248095,0,100,0.05,0.008023035880178213,0
2538,248195,0,100,0.05,0.008485808741534128,0
2539,248295,0,100,0.05,0.00879735554161016,0
2540,248395,0,100,0.05,0.007347077666199766,0
2541,248495,0,100,0.05,0.009658585978322663,0
2542,248595,0,100,0.05,0.008754981911624781,0
2543,248695,0,100,0.05,0.00853366348776035,0
2544,248795,0,100,0.05,0.007490826979046687,0
2545,248895,0,100,0.05,0.008083420082257362,0
2546,248995,0,100,0.05,0.007532050491427071,0
2547,249095,0,100,0.05,0.008193132327869534,0
2548,249195,0,100,0.05,0.008099324351060205,0
2549,249295,0,100,0.05,0.00800670446944423,0
2550,249395,0,100,0.05,0.008518600590759888,0
2551,249495,0,100,0.05,0.009193697180598974,0
2552,249595,0,100,0.05,0.008499899368034676,0
2553,249695,0,100,0.05,0.009808125158306211,0
2554,249795,0,100,0.05,0.008625120798824356,0
2555,249895,0,100,0.05,0.009257545932196081,0
2556,249995,0,100,0.05,0.007004892450349871,0
2557,250095,0,100,0.05,0.008830280657857657,0
2558,250195,0,100,0.05,0.00874007667574915,0
2559,250295,0,100,0.05,0.008908786262618379,0
2560,250395,0,100,0.05,0.007519690912449733,0
2561,250495,0,100,0.05,0.008864027979434468,0
2562,250595,0,100,0.05,0.008110092660645022,0
2563,250695,0,100,0.05,0.009452385926852002,0
2564,250795,0,100,0.05,0.00790697089745663,0
2565,250895,0,100,0.05,0.008814667969127186,0
2566,250995,0,100,0.05,0.008468957924633288,0
2567,251095,0,100,0.05,0.00850969971041195,0
2568,251195,0,100,0.05,0.007501970545854419,0
2569,251295,0,100,0.05,0.007719671009108424,0
2570,251395,0,100,0.05,0.00755143251240952,0
2571,251495,0,100,0.05,0.008082948950468563,0
2572,251595,0,100,0.05,0.007708548731461633,0
2573,251695,0,100,0.05,0.007785748912137933,0
2574,251795,0,100,0.05,0.009505674710962921,0
2575,251895,0,100,0.05,0.008470431745517999,0
2576,251995,0,100,0.05,0.009033915007021278,0
2577,252095,0,100,0.05,0.00826345813460648,0
2578,252195,0,100,0.05,0.008766963166417554,0
2579,252295,0,100,0.05,0.00858477282396052,0
2580,252395,0,100,0.05,0.00792252142331563,0
2581,252495,0,100,0.05,0.007524309738073498,0
2582,252595,0,100,0.05,0.008047278098529205,0
2583,252695,0,100,0.05,0.008711418444581795,0
2584,252795,0,100,0.05,0.007341960179037415,0
2585,252895,0,100,0.05,0.008681742319313344,0
2586,252995,0,100,0.05,0.008455179053125903,0
2587,253095,0,100,0.05,0.008551627740380353,0
2588,253195,0,100,0.05,0.007595879082218744,0
2589,253295,0,100,0.05,0.00845633846882265,0
2590,253395,0,100,0.05,0.007901307393331081,0
2591,253495,0,100,0.05,0.008561831126571632,0
2592,253595,0,100,0.05,0.008903153894934804,0
2593,253695,0,100,0.05,0.00793425132811535,0
2594,253795,0,100,0.05,0.008886691130464896,0
2595,253895,0,100,0.05,0.008231698393356055,0
2596,253995,0,100,0.05,0.007936914518941194,0
2597,254095,0,100,0.05,0.008665363939944654,0
2598,254195,0,100,0.05,0.007763472932274453,0
2599,254295,0,100,0.05,0.007822731746709905,0
2600,254395,0,100,0.05,0.008361927098594606,0
2601,254495,0,100,0.05,0.007746230266056955,0
2602,254595,0,100,0.05,0.008465814974624664,0
2603,254695,0,100,0.05,0.00858542649890296,0
2604,254795,0,100,0.05,0.008611423469264991,0
2605,254895,0,100,0.05,0.008660333526786418,0
2606,254995,0,100,0.05,0.007051327194785699,0
2607,255095,0,100,0.05,0.008777854589279741,0
2608,255195,0,100,0.05,0.007552639757632278,0
2609,255295,0,100,0.05,0.008967725990805775,0
2610,255395,0,100,0.05,0.008318266772548669,0
2611,255495,0,100,0.05,0.009259024744387716,0
2612,255595,0,100,0.05,0.007641688270960003,0
2613,255695,0,100,0.05,0.007792586361756548,0
2614,255795,0,100,0.05,0.009345196089125238,0
2615,255895,0,100,0.05,0.00780263736814959,0
2616,255995,0,100,0.05,0.0068926743586780505,0
2617,256095,0,100,0.05,0.008769116065232084,0
2618,256195,0,100,0.05,0.007784445231081918,0
2619,256295,0,100,0.05,0.008898838626919314,0
2620,256395,0,100,0.05,0.006942811599001289,0
2621,256495,0,100,0.05,0.007937432276667095,0
2622,256595,0,100,0.05,0.008442185698950198,0
2623,256695,0,100,0.05,0.007778754594401107,0
2624,256795,0,100,0.05,0.009070541422115639,0
2625,256895,0,100,0.05,0.007922535525867715,0
2626,256995,0,100,0.05,0.009361229969072156,0
2627,257095,0,100,0.05,0.009366787632461637,0
2628,257195,0,100,0.05,0.008716475379624172,0
2629,257295,0,100,0.05,0.008246912325848826,0
2630,257395,0,100,0.05,0.00913086617088993,0
2631,257495,0,100,0.05,0.006805673640337772,0
2632,257595,0,100,0.05,0.008859698180458508,0
2633,257695,0,100,0.05,0.006984437416540459,0
2634,257795,0,100,0.05,0.0075039416371146216,0
2635,257895,0,100,0.05,0.009383340828935615,0
2636,257995,0,100,0.05,0.007686402751132846,0
2637,258095,0,100,0.05,0.008964760096860118,0
2638,258195,0,100,0.05,0.00869037545635365,0
2639,258295,0,100,0.05,0.008844609960797244,0
2640,258395,0,100,0.05,0.009231249838194344,0
2641,258495,0,100,0.05,0.00838409890420735,0
2642,258595,0,100,0.05,0.007859234345378354,0
2643,258695,0,100,0.05,0.008086963210371324,0
2644,258795,0,100,0.05,0.008725034466478973,0
2645,258895,0,100,0.05,0.008327028920175507,0
2646,258995,0,100,0.05,0.0076875862921588125,0
2647,259095,0,100,0.05,0.007849426644388586,0
2648,259195,0,100,0.05,0.008160445850226097,0
2649,259295,0,100,0.05,0.008414992727339268,0
2650,259395,0,100,0.05,0.008112530516227708,0
2651,259495,0,100,0.05,0.00746225377835799,0
2652,259595,0,100,0.05,0.007751177726895549,0
2653,259695,0,100,0.05,0.0073025517270434645,0
2654,259795,0,100,0.05,0.00834151680523064,0
2655,259895,0,100,0.05,0.007884106585406699,0
2656,259995,0,100,0.05,0.008073156691971235,0
2657,260095,0,100,0.05,0.008521404456114396,0
2658,260195,0,100,0.05,0.007851182710728608,0
2659,260295,0,100,0.05,0.008132009328110144,0
2660,260395,0,100,0.05,0.007590865584788844,0
2661,260495,0,100,0.05,0.007514820212963969,0
2662,260595,0,100,0.05,0.008127447887090966,0
2663,260695,0,100,0.05,0.007549808124313131,0
2664,260795,0,100,0.05,0.007900950034381822,0
2665,260895,0,100,0.05,0.0079269100172678,0
2666,260995,0,100,0.05,0.0077174589462811125,0
2667,261095,0,100,0.05,0.007526226821937598,0
2668,261195,0,100,0.05,0.007924459404894151,0
2669,261295,0,100,0.05,0.007698438498773612,0
2670,261395,0,100,0.05,0.007505439152591862,0
2671,261495,0,100,0.05,0.007374156796140596,0
2672,261595,0,100,0.05,0.007426061860460322,0
2673,261695,0,100,0.05,0.007648839667672292,0
2674,261795,0,100,0.05,0.007203359418199397,0
2675,261895,0,100,0.05,0.007481450487393886,0
2676,261995,0,100,0.05,0.007848633342655375,0
2677,262095,0,100,0.05,0.007975235667545348,0
2678,262195,0,100,0.05,0.007976709409849719,0
2679,262295,0,100,0.05,0.007241362676722929,0
2680,262395,0,100,0.05,0.007951429879758507,0
2681,262495,0,100,0.05,0.007978905412601307,0
2682,262595,0,100,0.05,0.008221760521992109,0
2683,262695,0,100,0.05,0.0066784159472445025,0
2684,262795,0,100,0.05,0.009023969126283192,0
2685,262895,0,100,0.05,0.0070081197418039665,0
2686,262995,0,100,0.05,0.009281053675804287,0
2687,263095,0,100,0.05,0.008232470562215894,0
2688,263195,0,100,0.05,0.008258473952882922,0
2689,263295,0,100,0.05,0.007150703901133966,0
2690,263395,0,100,0.05,0.007514222317840904,0
2691,263495,0,100,0.05,0.006379792530788108,0
2692,263595,0,100,0.05,0.007369473942671903,0
2693,263695,0,100,0.05,0.007037063963944093,0
2694,263795,0,100,0.05,0.0065898884524358435,0
2695,263895,0,100,0.05,0.008219235278083943,0
2696,263995,0,100,0.05,0.006807704275124706,0
2697,264095,0,100,0.05,0.00824027760187164,0
2698,264195,0,100,0.05,0.008975396392052061,0
2699,264295,0,100,0.05,0.0068955166870728135,0
2700,264395,0,100,0.05,0.0075353881347109564,0
2701,264495,0,100,0.05,0.008243227055936586,0
2702,264595,0,100,0.05,0.007342882705852389,0
2703,264695,0,100,0.05,0.008550643645576202,0
2704,264795,0,100,0.05,0.007497144628432579,0
2705,264895,0,100,0.05,0.007223220209707506,0
2706,264995,0,100,0.05,0.008715214685071259,0
2707,265095,0,100,0.05,0.008153670005849562,0
2708,265195,0,100,0.05,0.007830821117968298,0
2709,265295,0,100,0.05,0.008071791347465478,0
2710,265395,0,100,0.05,0.007502844649134204,0
2711,265495,0,100,0.05,0.007593511618906632,0
2712,265595,0,100,0.05,0.007177659471926745,0
2713,265695,0,100,0.05,0.007370868703001179,0
2714,265795,0,100,0.05,0.008262825238634832,0
2715,265895,0,100,0.05,0.0077520723466295745,0
2716,265995,0,100,0.05,0.008084030877798796,0
2717,266095,0,100,0.05,0.008093823731178418,0
2718,266195,0,100,0.05,0.007343044357257895,0
2719,266295,0,100,0.05,0.0077128895267378535,0
2720,266395,0,100,0.05,0.00722908383293543,0
2721,266495,0,100,0.05,0.0074794685980305075,0
2722,266595,0,100,0.05,0.006449340595281683,0
2723,266695,0,100,0.05,0.007452175383223221,0
2724,266795,0,100,0.05,0.007209822288423311,0
2725,266895,0,100,0.05,0.007605855204164982,0
2726,266995,0,100,0.05,0.007567978444276377,0
2727,267095,0,100,0.05,0.00837807082105428,0
2728,267195,0,100,0.05,0.007767847896902822,0
2729,267295,0,100,0.05,0.006738053759909235,0
2730,267395,0,100,0.05,0.008801501843263395,0
2731,267495,0,100,0.05,0.007792904022498988,0
2732,267595,0,100,0.05,0.00864393506781198,0
2733,267695,0,100,0.05,0.007924321061000227,0
2734,267795,0,100,0.05,0.008085821914719418,0
2735,267895,0,100,0.05,0.008348073409870267,0
2736,267995,0,100,0.05,0.00838176119257696,0
2737,268095,0,100,0.05,0.007991683511645533,0
2738,268195,0,100,0.05,0.006676970401895232,0
2739,268295,0,100,0.05,0.008536965433740988,0
2740,268395,0,100,0.05,0.007404154457617551,0
2741,268495,0,100,0.05,0.007728957926155999,0
2742,268595,0,100,0.05,0.008253508266643622,0
2743,268695,0,100,0.05,0.008635369850089773,0
2744,268795,0,100,0.05,0.008063968266360461,0
2745,268895,0,100,0.05,0.006540892663178965,0
2746,268995,0,100,0.05,0.0073308316757902505,0
2747,269095,0,100,0.05,0.008485811169957742,0
2748,269195,0,100,0.05,0.007660713467630558,0
2749,269295,0,100,0.05,0.008514721577521414,0
2750,269395,0,100,0.05,0.007082663115579635,0
2751,269495,0,100,0.05,0.007472294729086571,0
2752,269595,0,100,0.05,0.007368475081166253,0
2753,269695,0,100,0.05,0.006054040631279349,0
2754,269795,0,100,0.05,0.007709848437807523,0
2755,269895,0,100,0.05,0.00800568422768265,0
2756,269995,0,100,0.05,0.00719242594204843,0
2757,270095,0,100,0.05,0.007535673745442182,0
2758,270195,0,100,0.05,0.008176983792800456,0
2759,270295,0,100,0.05,0.007766656823805534,0
2760,270395,0,100,0.05,0.008318707576254383,0
2761,270495,0,100,0.05,0.008054694424499758,0
2762,270595,0,100,0.05,0.007599980195082025,0
2763,270695,0,100,0.05,0.008353869622806088,0
2764,270795,0,100,0.05,0.007178210521815344,0
2765,270895,0,100,0.05,0.010415531648905017,0
2766,270995,0,100,0.05,0.0075500117632327605,0
2767,271095,0,100,0.05,0.007317985941190272,0
2768,271195,0,100,0.05,0.00779825585836079,0
2769,271295,0,100,0.05,0.00866244142060168,0
2770,271395,0,100,0.05,0.007682783791678958,0
2771,271495,0,100,0.05,0.007419742678757757,0
2772,271595,0,100,0.05,0.0072473057819297535,0
2773,271695,0,100,0.05,0.007281616023392417,0
2774,271795,0,100,0.05,0.007702613074798137,0
2775,271895,0,100,0.05,0.006253075030399486,0
2776,271995,0,100,0.05,0.007509302105172537,0
2777,272095,0,100,0.05,0.00710643761936808,0
2778,272195,0,100,0.05,0.008004985345178284,0
2779,272295,0,100,0.05,0.0077922588830551835,0
2780,272395,0,100,0.05,0.0073524519396596585,0
2781,272495,0,100,0.05,0.007517228357610293,0
2782,272595,0,100,0.05,0.007659729180450086,0
2783,272695,0,100,0.05,0.008868327104719355,0
2784,272795,0,100,0.05,0.0073383034687140025,0
2785,272895,0,100,0.05,0.0073798233385605275,0
2786,272995,0,100,0.05,0.008023644976201467,0
2787,273095,0,100,0.05,0.0079692231642548,0
2788,273195,0,100,0.05,0.007179282224969938,0
2789,273295,0,100,0.05,0.0068979019418475215,0
2790,273395,0,100,0.05,0.00680434426292777,0
2791,273495,0,100,0.05,0.007789010570268147,0
2792,273595,0,100,0.05,0.007511195527913514,0
2793,273695,0,100,0.05,0.007580238439841196,0
2794,273795,0,100,0.05,0.007642200434638653,0
2795,273895,0,100,0.05,0.006713977252366022,0
2796,273995,0,100,0.05,0.007157234780024737,0
2797,273996,0.991,1,0.05,0.0018684833776205778,1
2798,274096,0,100,0.05,0.006807885593734682,0
2799,274196,0,100,0.05,0.008596293791197241,0
2800,274296,0,100,0.05,0.006634458449843806,0
2801,274396,0,100,0.05,0.007393671232857741,0
2802,274496,0,100,0.05,0.007449489296996035,0
2803,274596,0,100,0.05,0.007317842613556422,0
2804,274696,0,100,0.05,0.0073541873274371025,0
2805,274796,0,100,0.05,0.007455786639475263,0
2806,274896,0,100,0.05,0.007290123278507963,0
2807,274996,0,100,0.05,0.00767952848575078,0
2808,275096,0,100,0.05,0.007668627973180265,0
2809,275196,0,100,0.05,0.006616010282596107,0
2810,275296,0,100,0.05,0.00894150486215949,0
2811,275396,0,100,0.05,0.007536633495474235,0
2812,275496,0,100,0.05,0.0068093634897377344,0
2813,275596,0,100,0.05,0.006937620954413432,0
2814,275696,0,100,0.05,0.0077538751333486285,0
2815,275796,0,100,0.05,0.006815954283811152,0
2816,275896,0,100,0.05,0.006848574848845601,0
2817,275996,0,100,0.05,0.007444046846940182,0
2818,276096,0,100,0.05,0.0084888623340521,0
2819,276196,0,100,0.05,0.007368896161788143,0
2820,276296,0,100,0.05,0.007549073481932282,0
2821,276396,0,100,0.05,0.008208406809717416,0
2822,276496,0,100,0.05,0.007062535716686398,0
2823,276596,0,100,0.05,0.006980346409836784,0
2824,276696,0,100,0.05,0.007698237635777332,0
2825,276796,0,100,0.05,0.00696981509681791,0
2826,276896,0,100,0.05,0.007608155405032449,0
2827,276996,0,100,0.05,0.007635308031458407,0
2828,277096,0,100,0.05,0.007517931926995516,0
2829,277196,0,100,0.05,0.007610598040628247,0
2830,277296,0,100,0.05,0.008174854749813675,0
2831,277396,0,100,0.05,0.007550813296693377,0
2832,277496,0,100,0.05,0.006969202111649793,0
2833,277596,0,100,0.05,0.006737061617895961,0
2834,277696,0,100,0.05,0.00852043663879158,0
2835,277796,0,100,0.05,0.008177008129423484,0
2836,277896,0,100,0.05,0.007527239853516221,0
2837,277996,0,100,0.05,0.007141560244490392,0
2838,278096,0,100,0.05,0.007609232267132029,0
2839,278196,0,100,0.05,0.0077373277908191086,0
2840,278296,0,100,0.05,0.007469694825122133,0
2841,278396,0,100,0.05,0.007089508303906768,0
2842,278496,0,100,0.05,0.007127803086186759,0
2843,278596,0,100,0.05,0.007395106910844333,0
2844,278696,0,100,0.05,0.007767343527229968,0
2845,278796,0,100,0.05,0.0072469670046120885,0
2846,278896,0,100,0.05,0.006779900359688327,0
2847,278996,0,100,0.05,0.007252866382623324,0
2848,279096,0,100,0.05,0.00757870986184571,0
2849,279196,0,100,0.05,0.007024539101985283,0
2850,279296,0,100,0.05,0.007468558092368766,0
2851,279396,0,100,0.05,0.006720488591818139,0
2852,279496,0,100,0.05,0.007122813474270515,0
2853,279596,0,100,0.05,0.007153282647486776,0
2854,279696,0,100,0.05,0.007669194668123964,0
2855,279796,0,100,0.05,0.006546849147125613,0
2856,279896,0,100,0.05,0.0068646336124220395,0
2857,279996,0,100,0.05,0.007507710563950241,0
2858,280096,0,100,0.05,0.006585744825424626,0
2859,280196,0,100,0.05,0.007657427665544674,0
2860,280296,0,100,0.05,0.006649738047271967,0
2861,280396,0,100,0.05,0.00748102888930589,0
2862,280496,0,100,0.05,0.007377320359810255,0
2863,280596,0,100,0.05,0.007935579214827158,0
2864,280696,0,100,0.05,0.00768521792953834,0
2865,280796,0,100,0.05,0.00733603150350973,0
2866,280896,0,100,0.05,0.007033327480894513,0
2867,280996,0,100,0.05,0.006314612907881383,0
2868,281096,0,100,0.05,0.008967012424836867,0
2869,281196,0,100,0.05,0.007158525510458275,0
2870,281296,0,100,0.05,0.00835827986127697,0
2871,281396,0,100,0.05,0.007845927833695896,0
2872,281496,0,100,0.05,0.007010628485586494,0
2873,281596,0,100,0.05,0.005758337375591509,0
2874,281696,0,100,0.05,0.007498487825505436,0
2875,281796,0,100,0.05,0.007256878950865939,0
2876,281896,0,100,0.05,0.006748835135949776,0
2877,281996,0,100,0.05,0.006783432011725381,0
2878,282096,0,100,0.05,0.007407604955951683,0
2879,282196,0,100,0.05,0.007017715585534461,0
2880,282296,0,100,0.05,0.006906949708645698,0
2881,282396,0,100,0.05,0.0069199439955991695,0
2882,282496,0,100,0.05,0.007499538058764302,0
2883,282596,0,100,0.05,0.006953299989691004,0
2884,282696,0,100,0.05,0.007416972735372837,0
2885,282796,0,100,0.05,0.007221713822800666,0
2886,282896,0,100,0.05,0.007025798039103392,0
2887,282996,0,100,0.05,0.0067207424732623625,0
2888,283096,0,100,0.05,0.007940969953779131,0
2889,283196,0,100,0.05,0.007396694011986255,0
2890,283202,0.946,6,0.05,0.007733593229204416,1
2891,283302,0,100,0.05,0.006401735512190499,0
2892,283402,0,100,0.05,0.007096043782948982,0
2893,283502,0,100,0.05,0.00677216267620679,0
2894,283602,0,100,0.05,0.007354106524144299,0
2895,283702,0,100,0.05,0.00733076164528029,0
2896,283802,0,100,0.05,0.007813556051114574,0
2897,283902,0,100,0.05,0.00758266697608633,0
2898,284002,0,100,0.05,0.006680104343104176,0
2899,284102,0,100,0.05,0.006820322642452084,0
2900,284202,0,100,0.05,0.008004210707149469,0
2901,284302,0,100,0.05,0.0062553292472148315,0
2902,284402,0,100,0.05,0.006808551813010127,0
2903,284502,0,100,0.05,0.00722295225597918,0
2904,284602,0,100,0.05,0.007110048243193887,0
2905,284702,0,100,0.05,0.006770121403969824,0
2906,284802,0,100,0.05,0.007093642635736614,0
2907,284902,0,100,0.05,0.006614282460068352,0
2908,285002,0,100,0.05,0.007408345614676364,0
2909,285102,0,100,0.05,0.007187810473842546,0
2910,285202,0,100,0.05,0.007051127471204382,0
2911,285302,0,100,0.05,0.006623418322269572,0
2912,285402,0,100,0.05,0.0062627295867423525,0
2913,285502,0,100,0.05,0.008102302054758183,0
2914,285602,0,100,0.05,0.006786753757623955,0
2915,285702,0,100,0.05,0.006370557011687197,0
2916,285802,0,100,0.05,0.007173673131037503,0
2917,285902,0,100,0.05,0.006922120963572524,0
2918,286002,0,100,0.05,0.007094692796235904,0
2919,286102,0,100,0.05,0.007559837157605216,0
2920,286202,0,100,0.05,0.007021830259473063,0
2921,286302,0,100,0.05,0.00561124378175009,0
2922,286402,0,100,0.05,0.007771113747730851,0
2923,286502,0,100,0.05,0.006367602606769651,0
2924,286602,0,100,0.05,0.007035039696493186,0
2925,286702,0,100,0.05,0.008489957408746704,0
2926,286802,0,100,0.05,0.007474315001163631,0
2927,286902,0,100,0.05,0.007069449529517442,0
2928,287002,0,100,0.05,0.007442164852982387,0
2929,287102,0,100,0.05,0.007011055385810323,0
2930,287202,0,100,0.05,0.006876701965811662,0
2931,287302,0,100,0.05,0.00743702568608569,0
2932,287402,0,100,0.05,0.006839752704836428,0
2933,287502,0,100,0.05,0.005919690284645185,0
2934,287602,0,100,0.05,0.0063248297234531495,0
2935,287702,0,100,0.05,0.006654923718888313,0
2936,287802,0,100,0.05,0.006630713454214856,0
2937,287902,0,100,0.05,0.00738123033894226,0
2938,288002,0,100,0.05,0.007218204587697983,0
2939,288102,0,100,0.05,0.0065095287625445055,0
2940,288202,0,100,0.05,0.006944433512398973,0
2941,288302,0,100,0.05,0.0072139931505080315,0
2942,288402,0,100,0.05,0.007008046447881497,0
2943,288502,0,100,0.05,0.00686669656977756,0
2944,288602,0,100,0.05,0.00740212744101882,0
2945,288702,0,100,0.05,0.006170236558536999,0
2946,288802,0,100,0.05,0.0070069398160558195,0
2947,288902,0,100,0.05,0.006774334264919162,0
2948,289002,0,100,0.05,0.00703877584048314,0
2949,289102,0,100,0.05,0.007386976815760136,0
2950,289202,0,100,0.05,0.0067834782414138315,0
2951,289302,0,100,0.05,0.007426881456631236,0
2952,289402,0,100,0.05,0.0066513360070530325,0
2953,289502,0,100,0.05,0.007596917313640006,0
2954,289602,0,100,0.05,0.0065495301398914305,0
2955,289702,0,100,0.05,0.007525445420178585,0
2956,289802,0,100,0.05,0.0074019632115960125,0
2957,289902,0,100,0.05,0.007435150771052577,0
2958,290002,0,100,0.05,0.006268474675016478,0
2959,290102,0,100,0.05,0.006969836680218578,0
2960,290202,0,100,0.05,0.007491693779593333,0
2961,290302,0,100,0.05,0.006992322313017212,0
2962,290402,0,100,0.05,0.006519349272712134,0
2963,290502,0,100,0.05,0.006365899092634209,0
2964,290602,0,100,0.05,0.007771352458512411,0
2965,290702,0,100,0.05,0.007669596786145121,0
2966,290802,0,100,0.05,0.006907989909523167,0
2967,290902,0,100,0.05,0.006739313803700497,0
2968,291002,0,100,0.05,0.007255013558315113,0
2969,291102,0,100,0.05,0.006186922785127535,0
2970,291202,0,100,0.05,0.005896636062534526,0
2971,291302,0,100,0.05,0.006480395947000943,0
2972,291402,0,100,0.05,0.006582866843673401,0
2973,291502,0,100,0.05,0.006557896516169421,0
2974,291602,0,100,0.05,0.006357732973119709,0
2975,291702,0,100,0.05,0.006484529371955432,0
2976,291802,0,100,0.05,0.005885678180493415,0
2977,291902,0,100,0.05,0.006874402516987174,0
2978,292002,0,100,0.05,0.006928440326591953,0
2979,292102,0,100,0.05,0.0062059028015937654,0
2980,292202,0,100,0.05,0.006408154071832542,0
2981,292302,0,100,0.05,0.00670705226220889,0
2982,292402,0,100,0.05,0.007075373903498985,0
2983,292502,0,100,0.05,0.005677142253553029,0
2984,292602,0,100,0.05,0.006088922076451127,0
2985,292702,0,100,0.05,0.007081462907372042,0
2986,292802,0,100,0.05,0.006185479104169644,0
2987,292902,0,100,0.05,0.006792017788102385,0
2988,293002,0,100,0.05,0.00770904928795062,0
2989,293102,0,100,0.05,0.006615005341009237,0
2990,293202,0,100,0.05,0.00677392138983123,0
2991,293302,0,100,0.05,0.006230673408135772,0
2992,293402,0,100,0.05,0.007393804229213857,0
2993,293502,0,100,0.05,0.006025815638131462,0
2994,293602,0,100,0.05,0.0060654344956856225,0
2995,293702,0,100,0.05,0.005965761316765565,0
2996,293802,0,100,0.05,0.007398446921142749,0
2997,293902,0,100,0.05,0.005652852136117872,0
2998,294002,0,100,0.05,0.006393164725741371,0
2999,294102,0,100,0.05,0.006734154734876938,0
3000,294202,0,100,0.05,0.005711590662831441,0
3001,294302,0,100,0.05,0.006090210043475963,0
3002,294402,0,100,0.05,0.006359879203373566,0
3003,294502,0,100,0.05,0.006390166246565059,0
3004,294602,0,100,0.05,0.006352078237832757,0
3005,294702,0,100,0.05,0.006284249650343554,0
3006,294802,0,100,0.05,0.007436866345524322,0
3007,294902,0,100,0.05,0.00627371648704866,0
3008,295002,0,100,0.05,0.006106409701169468,0
3009,295102,0,100,0.05,0.008023104197345674,0
3010,295202,0,100,0.05,0.006068747302342672,0
3011,295302,0,100,0.05,0.005932855937280692,0
3012,295402,0,100,0.05,0.006180731243221089,0
3013,295502,0,100,0.05,0.006550861038267613,0
3014,295602,0,100,0.05,0.006329489150084555,0
3015,295702,0,100,0.05,0.006435241610743106,0
3016,295802,0,100,0.05,0.007486087318393402,0
3017,295902,0,100,0.05,0.006296055817510932,0
3018,296002,0,100,0.05,0.006611028159968555,0
3019,296102,0,100,0.05,0.00650070994743146,0
3020,296202,0,100,0.05,0.006611360422684811,0
3021,296302,0,100,0.05,0.005975946079124697,0
3022,296402,0,100,0.05,0.006386467427655589,0
3023,296502,0,100,0.05,0.006312466640665661,0
3024,296602,0,100,0.05,0.005316876246361062,0
3025,296702,0,100,0.05,0.006558550555200782,0
3026,296802,0,100,0.05,0.006841034260287415,0
3027,296902,0,100,0.05,0.006464562889304943,0
3028,297002,0,100,0.05,0.006361921396455727,0
3029,297102,0,100,0.05,0.005556241258746013,0
3030,297202,0,100,0.05,0.006305716519709677,0
3031,297302,0,100,0.05,0.006462803749018349,0
3032,297402,0,100,0.05,0.005807628058246337,0
3033,297502,0,100,0.05,0.005445956999319605,0
3034,297602,0,100,0.05,0.006991720807272941,0
3035,297702,0,100,0.05,0.006217108581331558,0
3036,297802,0,100,0.05,0.006030675364891067,0
3037,297902,0,100,0.05,0.006530476302141324,0
3038,298002,0,100,0.05,0.006145282092620619,0
3039,298102,0,100,0.05,0.0063360441551776605,0
3040,298202,0,100,0.05,0.0065874998609069734,0
3041,298302,0,100,0.05,0.00657599149417365,0
3042,298402,0,100,0.05,0.00604992650274653,0
3043,298502,0,100,0.05,0.005723552659037523,0
3044,298602,0,100,0.05,0.0063310561538673935,0
3045,298702,0,100,0.05,0.00571139326057164,0
3046,298802,0,100,0.05,0.005485822684422601,0
3047,298902,0,100,0.05,0.005996364503516816,0
3048,299002,0,100,0.05,0.005431971997022628,0
3049,299102,0,100,0.05,0.006487908642739058,0
3050,299202,0,100,0.05,0.006526246564462781,0
3051,299302,0,100,0.05,0.006277392509800848,0
3052,299402,0,100,0.05,0.006320992024266161,0
3053,299502,0,100,0.05,0.00650759331532754,0
3054,299602,0,100,0.05,0.006800562847056426,0
3055,299702,0,100,0.05,0.005824940738966689,0
3056,299802,0,100,0.05,0.00636624050734099,0
3057,299902,0,100,0.05,0.006443489015218802,0
3058,300000,0,98,0.05,0.007004535724931605,0
