episode,frames,episode_reward,episode_len,epsilon,loss,success
1,100,0,100,0.9994722222222222,5.561683754395758e-05,0
2,187,0.21699999999999997,87,0.9990130555555555,2.8316062431760406e-05,1
3,287,0,100,0.9984852777777777,2.2718242780683796e-05,0
4,387,0,100,0.9979575,8.145520853304333e-06,0
5,487,0,100,0.9974297222222223,7.975849387094058e-06,0
6,587,0,100,0.9969019444444445,7.947243741455168e-06,0
7,687,0,100,0.9963741666666667,6.24333106316044e-06,0
8,787,0,100,0.9958463888888889,5.597559616035141e-06,0
9,887,0,100,0.9953186111111111,5.41422692094784e-06,0
10,987,0,100,0.9947908333333333,5.855606947307023e-06,0
11,1087,0,100,0.9942630555555556,3.462213098828215e-05,0
12,1187,0,100,0.9937352777777778,1.0221166805877146e-05,0
13,1287,0,100,0.9932075,4.825612395507051e-06,0
14,1387,0,100,0.9926797222222222,4.065104321853141e-06,0
15,1487,0,100,0.9921519444444444,4.032782055105599e-06,0
16,1587,0,100,0.9916241666666666,2.6129566407462335e-06,0
17,1687,0,100,0.9910963888888888,2.643766175651763e-06,0
18,1787,0,100,0.9905686111111112,2.9023304125530557e-06,0
19,1887,0,100,0.9900408333333334,2.971068953456779e-06,0
20,1987,0,100,0.9895130555555556,2.188580595543499e-06,0
21,2008,0.8109999999999999,21,0.9894022222222222,7.778214828135788e-05,1
22,2108,0,100,0.9888744444444444,0.00011368381947249873,0
23,2208,0,100,0.9883466666666667,2.5684030688353233e-05,0
24,2308,0,100,0.9878188888888889,7.050014000924421e-06,0
25,2408,0,100,0.9872911111111111,4.873544932024743e-06,0
26,2508,0,100,0.9867633333333333,7.742912332560081e-06,0
27,2608,0,100,0.9862355555555555,4.107299932911701e-06,0
28,2637,0.739,29,0.9860825,3.6192973782127753e-06,1
29,2737,0,100,0.9855547222222222,7.128614026896685e-05,0
30,2837,0,100,0.9850269444444445,1.1981829836713586e-05,0
31,2937,0,100,0.9844991666666667,1.2364177572408152e-05,0
32,3037,0,100,0.9839713888888889,0.00012527535422918846,0
33,3137,0,100,0.9834436111111111,5.044466444360296e-05,0
34,3237,0,100,0.9829158333333333,1.5267083040271245e-05,0
35,3337,0,100,0.9823880555555555,1.0783862983316794e-05,0
36,3437,0,100,0.9818602777777777,7.536288831033744e-06,0
37,3527,0.18999999999999995,90,0.9813852777777777,6.265636660726967e-06,1
38,3627,0,100,0.9808575,5.436526823814347e-06,0
39,3727,0,100,0.9803297222222223,7.007233264175738e-06,0
40,3827,0,100,0.9798019444444445,6.619931378963884e-06,0
41,3927,0,100,0.9792741666666667,5.092160153026271e-06,0
42,4027,0,100,0.9787463888888889,2.6661491308459517e-05,0
43,4127,0,100,0.9782186111111111,9.091654169424146e-05,0
44,4227,0,100,0.9776908333333333,7.262085617185221e-05,0
45,4327,0,100,0.9771630555555556,2.3445984793397657e-05,0
46,4427,0,100,0.9766352777777778,2.10966307417948e-05,0
47,4527,0,100,0.9761075,1.1311110399674363e-05,0
48,4627,0,100,0.9755797222222222,7.313300002351752e-06,0
49,4727,0,100,0.9750519444444444,6.681785991986544e-06,0
50,4827,0,100,0.9745241666666666,5.312121301130901e-06,0
51,4927,0,100,0.9739963888888888,6.8154574694290205e-06,0
52,4996,0.379,69,0.9736322222222222,6.163321835220563e-06,1
53,5096,0,100,0.9731044444444444,5.396438308707729e-05,0
54,5196,0,100,0.9725766666666666,6.262576805056597e-05,0
55,5296,0,100,0.9720488888888889,1.8135034383703897e-05,0
56,5374,0.29799999999999993,78,0.9716372222222223,3.2058631457123105e-05,1
57,5474,0,100,0.9711094444444445,1.3911848759562417e-05,0
58,5574,0,100,0.9705816666666667,1.492981710953245e-05,0
59,5674,0,100,0.9700538888888889,9.860931361345138e-06,0
60,5774,0,100,0.9695261111111111,1.0580728494460345e-05,0
61,5874,0,100,0.9689983333333333,9.926659902248503e-06,0
62,5974,0,100,0.9684705555555555,7.294593460756005e-06,0
63,6074,0,100,0.9679427777777778,5.4210322809922217e-05,0
64,6174,0,100,0.967415,3.377337914571399e-05,0
65,6274,0,100,0.9668872222222222,2.3592144657413883e-05,0
66,6374,0,100,0.9663594444444444,6.463644195719099e-05,0
67,6474,0,100,0.9658316666666666,2.1135447534561537e-05,0
68,6574,0,100,0.9653038888888889,1.1640470702332096e-05,0
69,6674,0,100,0.9647761111111111,1.6179340543658328e-05,0
70,6774,0,100,0.9642483333333334,1.3184952540541418e-05,0
71,6874,0,100,0.9637205555555556,1.3709582997307735e-05,0
72,6974,0,100,0.9631927777777778,1.2010946832106129e-05,0
73,7074,0,100,0.962665,4.888563345048169e-05,0
74,7174,0,100,0.9621372222222222,8.794972609393881e-05,0
75,7274,0,100,0.9616094444444444,2.931101939338987e-05,0
76,7374,0,100,0.9610816666666666,2.0733303983888618e-05,0
77,7474,0,100,0.9605538888888889,2.725612715948955e-05,0
78,7574,0,100,0.9600261111111111,2.0361562937978307e-05,0
79,7674,0,100,0.9594983333333333,1.5780486758103508e-05,0
80,7774,0,100,0.9589705555555555,1.3440205966617214e-05,0
81,7874,0,100,0.9584427777777778,1.2859582736837183e-05,0
82,7974,0,100,0.957915,1.2891353835584595e-05,0
83,8074,0,100,0.9573872222222222,5.677160254890623e-05,0
84,8174,0,100,0.9568594444444445,4.1883508893079124e-05,0
85,8274,0,100,0.9563316666666667,2.7369420981813162e-05,0
86,8374,0,100,0.9558038888888889,3.413372376599e-05,0
87,8474,0,100,0.9552761111111111,3.086885142238316e-05,0
88,8574,0,100,0.9547483333333333,1.97218017274281e-05,0
89,8674,0,100,0.9542205555555555,2.0272301753720967e-05,0
90,8774,0,100,0.9536927777777777,1.8668694351617888e-05,0
91,8874,0,100,0.953165,1.7447628060835995e-05,0
92,8876,0.982,2,0.9531544444444444,1.5306033674278297e-05,1
93,8976,0,100,0.9526266666666666,6.758386117780902e-05,0
94,9076,0,100,0.9520988888888889,7.405459284200333e-05,0
95,9176,0,100,0.9515711111111111,4.795111422026821e-05,0
96,9276,0,100,0.9510433333333334,3.866670896968571e-05,0
97,9376,0,100,0.9505155555555556,6.3681887322673e-05,0
98,9476,0,100,0.9499877777777778,2.7157787071701024e-05,0
99,9517,0.631,41,0.9497713888888889,2.277007370583128e-05,1
100,9617,0,100,0.9492436111111111,6.5748077167882e-05,0
101,9717,0,100,0.9487158333333333,2.8401420099726237e-05,0
102,9817,0,100,0.9481880555555555,2.689692815692979e-05,0
103,9917,0,100,0.9476602777777778,2.1329540732040187e-05,0
104,10017,0,100,0.9471325,4.139047915487026e-05,0
105,10117,0,100,0.9466047222222223,7.341890850511845e-05,0
106,10217,0,100,0.9460769444444445,5.6299085308637586e-05,0
107,10317,0,100,0.9455491666666667,5.1867749480152267e-05,0
108,10417,0,100,0.9450213888888889,3.438796371483477e-05,0
109,10517,0,100,0.9444936111111111,3.411424399928365e-05,0
110,10617,0,100,0.9439658333333334,4.784691154782195e-05,0
111,10699,0.262,82,0.9435330555555556,2.813270590394961e-05,1
112,10799,0,100,0.9430052777777778,2.6240459446853493e-05,0
113,10899,0,100,0.9424775,3.764103991670709e-05,0
114,10999,0,100,0.9419497222222222,6.859701886241965e-05,0
115,11048,0.5589999999999999,49,0.9416911111111111,9.128084282713886e-05,1
116,11148,0,100,0.9411633333333334,8.654989951537573e-05,0
117,11248,0,100,0.9406355555555556,7.706585671257926e-05,0
118,11348,0,100,0.9401077777777778,5.269558336294722e-05,0
119,11448,0,100,0.93958,4.1242643164878244e-05,0
120,11548,0,100,0.9390522222222222,3.73282306100009e-05,0
121,11648,0,100,0.9385244444444445,5.241921665401605e-05,0
122,11748,0,100,0.9379966666666667,5.001637520763324e-05,0
123,11848,0,100,0.9374688888888889,3.682431370179984e-05,0
124,11948,0,100,0.9369411111111111,2.8948026711077545e-05,0
125,12048,0,100,0.9364133333333333,9.779833311768016e-05,0
126,12050,0.982,2,0.9364027777777778,0.00014179451682139188,1
127,12150,0,100,0.935875,0.00011914325827092398,0
128,12241,0.18099999999999994,91,0.9353947222222222,7.899116067014952e-05,1
129,12341,0,100,0.9348669444444444,5.787489577414817e-05,0
130,12412,0.361,71,0.9344922222222223,5.0051360695235906e-05,1
131,12512,0,100,0.9339644444444445,4.61427695609018e-05,0
132,12612,0,100,0.9334366666666667,4.2023416781376e-05,0
133,12661,0.5589999999999999,49,0.9331780555555556,4.4657598905638336e-05,1
134,12761,0,100,0.9326502777777778,4.550727752757666e-05,0
135,12861,0,100,0.9321225,2.980006899633736e-05,0
136,12961,0,100,0.9315947222222223,2.912703402216721e-05,0
137,13061,0,100,0.9310669444444445,9.827763671637512e-05,0
138,13161,0,100,0.9305391666666667,0.00011341433324560057,0
139,13261,0,100,0.9300113888888889,7.864996759963106e-05,0
140,13361,0,100,0.9294836111111111,6.468182709795656e-05,0
141,13461,0,100,0.9289558333333333,5.449938407764421e-05,0
142,13561,0,100,0.9284280555555555,4.4030988019585495e-05,0
143,13661,0,100,0.9279002777777778,4.077635516296141e-05,0
144,13761,0,100,0.9273725,4.658040445065126e-05,0
145,13861,0,100,0.9268447222222223,4.554305519377522e-05,0
146,13961,0,100,0.9263169444444445,4.192582505311293e-05,0
147,14061,0,100,0.9257891666666667,8.41828871944017e-05,0
148,14161,0,100,0.9252613888888889,9.475654349444084e-05,0
149,14261,0,100,0.9247336111111111,8.329264128406066e-05,0
150,14361,0,100,0.9242058333333334,6.073882362215954e-05,0
151,14461,0,100,0.9236780555555556,6.998479515459622e-05,0
152,14561,0,100,0.9231502777777778,5.2822241550529724e-05,0
153,14661,0,100,0.9226225,4.745859707327327e-05,0
154,14686,0.775,25,0.9224905555555556,5.265484032861423e-05,1
155,14786,0,100,0.9219627777777778,8.185728804164682e-05,0
156,14798,0.892,12,0.9218994444444445,5.955004750527829e-05,1
157,14898,0,100,0.9213716666666667,7.927454898890574e-05,0
158,14998,0,100,0.9208438888888889,4.244066898081655e-05,0
159,15047,0.5589999999999999,49,0.9205852777777778,0.00013162697664205442,1
160,15067,0.82,20,0.9204797222222222,0.00012691058018390322,1
161,15167,0,100,0.9199519444444444,0.0001705015239895147,0
162,15267,0,100,0.9194241666666667,0.00013417156635114224,0
163,15367,0,100,0.9188963888888889,8.313983807965997e-05,0
164,15467,0,100,0.9183686111111111,7.442235323651403e-05,0
165,15567,0,100,0.9178408333333333,7.559460296761244e-05,0
166,15667,0,100,0.9173130555555555,6.356810672514257e-05,0
167,15767,0,100,0.9167852777777777,5.797871088361717e-05,0
168,15867,0,100,0.9162575,6.511268793474301e-05,0
169,15967,0,100,0.9157297222222223,5.2913533836544956e-05,0
170,16067,0,100,0.9152019444444445,9.26321154111065e-05,0
171,16167,0,100,0.9146741666666667,0.00014147687459626469,0
172,16267,0,100,0.9141463888888889,8.409596946876263e-05,0
173,16367,0,100,0.9136186111111111,8.483429675834486e-05,0
174,16467,0,100,0.9130908333333333,7.867031052228413e-05,0
175,16567,0,100,0.9125630555555555,0.00010268891153828008,0
176,16667,0,100,0.9120352777777778,7.798814147463417e-05,0
177,16767,0,100,0.9115075,7.137050430173986e-05,0
178,16867,0,100,0.9109797222222222,8.248982783698011e-05,0
179,16913,0.586,46,0.9107369444444444,7.154225012646234e-05,1
180,16950,0.667,37,0.9105416666666667,9.404874657087242e-05,1
181,17050,0,100,0.9100138888888889,0.00012755630017636578,0
182,17150,0,100,0.9094861111111111,0.00012199821347167017,0
183,17250,0,100,0.9089583333333333,0.0001168306664658303,0
184,17350,0,100,0.9084305555555555,8.669270209793467e-05,0
185,17353,0.973,3,0.9084147222222222,4.492035441217013e-05,1
186,17453,0,100,0.9078869444444444,0.00010497482207938447,0
187,17553,0,100,0.9073591666666667,9.039166872753412e-05,0
188,17653,0,100,0.9068313888888889,8.288987861305941e-05,0
189,17753,0,100,0.9063036111111111,6.660631266640849e-05,0
190,17853,0,100,0.9057758333333333,7.10471005004365e-05,0
191,17953,0,100,0.9052480555555555,6.143702657936955e-05,0
192,18053,0,100,0.9047202777777777,0.00011202359854905808,0
193,18153,0,100,0.9041925,0.00013376199211052154,0
194,18253,0,100,0.9036647222222223,0.00011876961541929632,0
195,18353,0,100,0.9031369444444445,0.00010653768449628843,0
196,18453,0,100,0.9026091666666667,9.919923712004675e-05,0
197,18553,0,100,0.9020813888888889,8.880457644409035e-05,0
198,18631,0.29799999999999993,78,0.9016697222222222,8.043203004676914e-05,1
199,18731,0,100,0.9011419444444444,7.294933567209228e-05,0
200,18831,0,100,0.9006141666666667,7.706167463766177e-05,0
201,18931,0,100,0.9000863888888889,7.046567654469982e-05,0
202,19031,0,100,0.8995586111111111,0.0001358816165884491,0
203,19131,0,100,0.8990308333333333,0.0001492035627234145,0
204,19231,0,100,0.8985030555555555,0.0001284697234223131,0
205,19331,0,100,0.8979752777777777,9.726346075694892e-05,0
206,19431,0,100,0.8974475,0.00010037630045189871,0
207,19531,0,100,0.8969197222222223,8.510052810379421e-05,0
208,19631,0,100,0.8963919444444445,9.344452431832906e-05,0
209,19731,0,100,0.8958641666666667,0.00010319028464436997,0
210,19831,0,100,0.8953363888888889,8.282885528387851e-05,0
211,19931,0,100,0.8948086111111111,7.501006408347166e-05,0
212,20031,0,100,0.8942808333333333,0.00012313731262111104,0
213,20131,0,100,0.8937530555555555,0.00014925243300240254,0
214,20231,0,100,0.8932252777777778,0.00011792001749199698,0
215,20331,0,100,0.8926975,0.00010972717216645834,0
216,20431,0,100,0.8921697222222222,0.0001208473468432203,0
217,20442,0.901,11,0.8921116666666666,9.943656616748989e-05,1
218,20542,0,100,0.891583888888889,0.0001078899581807491,0
219,20642,0,100,0.8910561111111112,0.00010147574170332518,0
220,20742,0,100,0.8905283333333334,9.438780949494685e-05,0
221,20842,0,100,0.8900005555555556,9.699331683805213e-05,0
222,20942,0,100,0.8894727777777778,9.104201519221532e-05,0
223,21042,0,100,0.888945,0.00011703490445142961,0
224,21075,0.703,33,0.8887708333333333,0.00015366766445257588,1
225,21175,0,100,0.8882430555555556,0.00013816255041092517,0
226,21275,0,100,0.8877152777777778,0.00012776450648743776,0
227,21375,0,100,0.8871875,0.00010357989947806345,0
228,21475,0,100,0.8866597222222222,9.615983086405322e-05,0
229,21575,0,100,0.8861319444444444,9.508749119049753e-05,0
230,21580,0.955,5,0.8861055555555556,0.00010062467335956172,1
231,21680,0,100,0.8855777777777778,0.00011322227968776134,0
232,21780,0,100,0.88505,0.0001114626441267319,0
233,21808,0.748,28,0.8849022222222223,0.00010477929501056289,1
234,21908,0,100,0.8843744444444445,9.588442131644115e-05,0
235,22008,0,100,0.8838466666666667,8.584071954828687e-05,0
236,22108,0,100,0.8833188888888889,0.00018979455959197366,0
237,22208,0,100,0.8827911111111111,0.00013071445780951763,0
238,22308,0,100,0.8822633333333333,0.00011351537992595695,0
239,22408,0,100,0.8817355555555556,0.00011111147870906279,0
240,22508,0,100,0.8812077777777778,0.0001024634184068418,0
241,22608,0,100,0.88068,0.00010136656610484351,0
242,22708,0,100,0.8801522222222222,0.000107913593401463,0
243,22808,0,100,0.8796244444444444,0.00010778744112030836,0
244,22813,0.955,5,0.8795980555555556,0.00013643386118928903,1
245,22913,0,100,0.8790702777777778,0.00011879251140271663,0
246,23013,0,100,0.8785425,0.00014378001878867508,0
247,23113,0,100,0.8780147222222222,0.00017745871657098177,0
248,23213,0,100,0.8774869444444444,0.00015104456280823797,0
249,23313,0,100,0.8769591666666666,0.0001546852542742272,0
250,23413,0,100,0.8764313888888888,0.00012356745577562833,0
251,23513,0,100,0.8759036111111111,0.0001183538646546367,0
252,23613,0,100,0.8753758333333334,0.0001269902663989342,0
253,23713,0,100,0.8748480555555556,0.00010587294772449241,0
254,23813,0,100,0.8743202777777778,0.00010235171912427176,0
255,23913,0,100,0.8737925,0.0001011706061399309,0
256,24013,0,100,0.8732647222222223,0.00012920967375976033,0
257,24113,0,100,0.8727369444444444,0.0001444525366241578,0
258,24213,0,100,0.8722091666666667,0.00015292901276552583,0
259,24313,0,100,0.8716813888888889,0.00013882503104468925,0
260,24413,0,100,0.8711536111111111,0.00012736101230984787,0
261,24513,0,100,0.8706258333333333,0.00014299961785582127,0
262,24591,0.29799999999999993,78,0.8702141666666667,0.00011965113688534191,1
263,24621,0.73,30,0.8700558333333334,0.0001224799422440507,1
264,24721,0,100,0.8695280555555556,0.00012558820890262723,0
265,24821,0,100,0.8690002777777778,0.00010633625595801277,0
266,24921,0,100,0.8684725,0.0001051697614002478,0
267,25021,0,100,0.8679447222222223,0.00012781869698301308,0
268,25121,0,100,0.8674169444444444,0.00015985471836756914,0
269,25221,0,100,0.8668891666666667,0.00013247091299490422,0
270,25321,0,100,0.8663613888888889,0.0001460719574970426,0
271,25421,0,100,0.8658336111111111,0.00012730767779430607,0
272,25521,0,100,0.8653058333333333,0.00013883182778954507,0
273,25621,0,100,0.8647780555555555,0.00012225712185681914,0
274,25721,0,100,0.8642502777777779,0.00010697198036723421,0
275,25766,0.595,45,0.8640127777777777,0.00012457293228686063,1
276,25866,0,100,0.8634850000000001,0.00011129439142678166,0
277,25966,0,100,0.8629572222222223,0.00013268773014715407,0
278,26066,0,100,0.8624294444444445,0.00012613108605364688,0
279,26166,0,100,0.8619016666666667,0.0001398280142529984,0
280,26266,0,100,0.8613738888888889,0.0001288713426583854,0
281,26366,0,100,0.8608461111111111,0.000122052344140684,0
282,26466,0,100,0.8603183333333333,0.00012111978204302431,0
283,26566,0,100,0.8597905555555556,0.00011997920297289966,0
284,26666,0,100,0.8592627777777778,9.838841722739744e-05,0
285,26766,0,100,0.858735,0.00011535180290593416,0
286,26866,0,100,0.8582072222222222,0.00011658299188638922,0
287,26966,0,100,0.8576794444444444,0.00010559087777437526,0
288,27066,0,100,0.8571516666666666,0.00014133616658000393,0
289,27166,0,100,0.8566238888888889,0.00013662298621056835,0
290,27190,0.784,24,0.8564972222222222,0.00015218345697576297,1
291,27290,0,100,0.8559694444444444,0.0001515293342163204,0
292,27390,0,100,0.8554416666666667,0.0001294900388165843,0
293,27490,0,100,0.8549138888888889,0.00014228257605282125,0
294,27590,0,100,0.8543861111111111,0.00011181491548995836,0
295,27690,0,100,0.8538583333333334,0.00014304156064099516,0
296,27790,0,100,0.8533305555555556,0.00014825878515694056,0
297,27890,0,100,0.8528027777777778,0.00011149273579576402,0
298,27990,0,100,0.852275,0.0001169051748001948,0
299,28074,0.244,84,0.8518316666666667,0.00017835501524218888,1
300,28174,0,100,0.8513038888888889,0.00014007668514750548,0
301,28274,0,100,0.8507761111111112,0.00013602615676063578,0
302,28374,0,100,0.8502483333333334,0.0001448072659331956,0
303,28474,0,100,0.8497205555555556,0.0001234556768577022,0
304,28574,0,100,0.8491927777777778,0.00013982928396217176,0
305,28674,0,100,0.848665,0.00012635361888897024,0
306,28774,0,100,0.8481372222222222,0.0001323082670205622,0
307,28874,0,100,0.8476094444444444,0.00012705511808235314,0
308,28974,0,100,0.8470816666666667,0.00011779384080000455,0
309,29074,0,100,0.8465538888888888,0.00015901888034932198,0
310,29174,0,100,0.8460261111111111,0.00017586609468708047,0
311,29274,0,100,0.8454983333333334,0.00017044943127984878,0
312,29374,0,100,0.8449705555555556,0.00013374096530242242,0
313,29459,0.235,85,0.8445219444444445,0.00013859470056880075,1
314,29559,0,100,0.8439941666666666,0.00011863716918014688,0
315,29659,0,100,0.8434663888888889,0.00015649682538423804,0
316,29759,0,100,0.8429386111111111,0.00012491919282183516,0
317,29859,0,100,0.8424108333333333,0.00011994952856184682,0
318,29959,0,100,0.8418830555555555,0.00011361632419720991,0
319,30059,0,100,0.8413552777777777,0.00016367189706215869,0
320,30159,0,100,0.8408275000000001,0.00014310996934000287,0
321,30259,0,100,0.8402997222222222,0.00015596320816257502,0
322,30359,0,100,0.8397719444444445,0.0001425392820237903,0
323,30459,0,100,0.8392441666666667,0.00012332798789429944,0
324,30559,0,100,0.8387163888888889,0.00013692029559024378,0
325,30659,0,100,0.8381886111111111,0.00012862719468103022,0
326,30759,0,100,0.8376608333333333,0.0001202457158069592,0
327,30859,0,100,0.8371330555555556,0.0001199259775239625,0
328,30959,0,100,0.8366052777777777,0.00013833683962729992,0
329,31059,0,100,0.8360775,0.0001442938890068035,0
330,31159,0,100,0.8355497222222222,0.0001549931777663005,0
331,31259,0,100,0.8350219444444444,0.00016794749280961695,0
332,31359,0,100,0.8344941666666666,0.0001643278399569681,0
333,31459,0,100,0.8339663888888889,0.00014410205991225667,0
334,31559,0,100,0.8334386111111112,0.00017551678873132915,0
335,31659,0,100,0.8329108333333334,0.00013722523690375965,0
336,31759,0,100,0.8323830555555556,0.00017412145136404432,0
337,31859,0,100,0.8318552777777778,0.00013670669144630665,0
338,31959,0,100,0.8313275,0.00013513787611373117,0
339,32059,0,100,0.8307997222222222,0.00014783710776100634,0
340,32159,0,100,0.8302719444444444,0.00013458070234264596,0
341,32259,0,100,0.8297441666666667,0.00015682266788644484,0
342,32359,0,100,0.8292163888888889,0.00017787588330975268,0
343,32459,0,100,0.8286886111111111,0.00017231534968232154,0
344,32559,0,100,0.8281608333333333,0.0001587693573856086,0
345,32659,0,100,0.8276330555555556,0.00014110106860243832,0
346,32759,0,100,0.8271052777777778,0.00014901666094374377,0
347,32859,0,100,0.8265775,0.00013611015952847083,0
348,32959,0,100,0.8260497222222223,0.00013187094004024402,0
349,33059,0,100,0.8255219444444445,0.00015746667380881263,0
350,33159,0,100,0.8249941666666667,0.0001773409930683556,0
351,33259,0,100,0.8244663888888889,0.00018961523257530645,0
352,33359,0,100,0.8239386111111111,0.00016679307280355714,0
353,33459,0,100,0.8234108333333333,0.00016652874872306712,0
354,33559,0,100,0.8228830555555555,0.00017236158577361494,0
355,33659,0,100,0.8223552777777778,0.00014371387727805994,0
356,33759,0,100,0.8218275,0.00017021125053361173,0
357,33859,0,100,0.8212997222222223,0.0001359294717440207,0
358,33959,0,100,0.8207719444444445,0.00015559524433228944,0
359,34059,0,100,0.8202441666666667,0.0001556029315906926,0
360,34159,0,100,0.8197163888888889,0.0001758367451839149,0
361,34234,0.32499999999999996,75,0.8193205555555556,0.00018746342839828382,1
362,34334,0,100,0.8187927777777778,0.00017333432364466717,0
363,34434,0,100,0.818265,0.00017169345572256133,0
364,34534,0,100,0.8177372222222222,0.0001762418754879036,0
365,34634,0,100,0.8172094444444444,0.0001656352985810372,0
366,34734,0,100,0.8166816666666666,0.00016917296634346712,0
367,34834,0,100,0.8161538888888888,0.00015138988370381413,0
368,34934,0,100,0.8156261111111112,0.0001684432552610815,0
369,35034,0,100,0.8150983333333334,0.00016764220701588782,0
370,35134,0,100,0.8145705555555556,0.0001911095318973821,0
371,35174,0.6399999999999999,40,0.8143594444444444,0.0001599698979589448,1
372,35274,0,100,0.8138316666666667,0.0001810080831637606,0
373,35374,0,100,0.8133038888888889,0.000197262471774593,0
374,35474,0,100,0.8127761111111111,0.00015406934326165356,0
375,35574,0,100,0.8122483333333333,0.00017808471788157475,0
376,35674,0,100,0.8117205555555556,0.00015142513893806608,0
377,35774,0,100,0.8111927777777778,0.00016618310946796554,0
378,35830,0.4959999999999999,56,0.8108972222222222,0.00016925523920820394,1
379,35930,0,100,0.8103694444444445,0.00014917676084223784,0
380,36030,0,100,0.8098416666666667,0.00016824688558699562,0
381,36130,0,100,0.8093138888888889,0.0001828372269483225,0
382,36230,0,100,0.8087861111111111,0.00018586926516945824,0
383,36330,0,100,0.8082583333333333,0.00018377607713773614,0
384,36430,0,100,0.8077305555555556,0.00019782841480264323,0
385,36530,0,100,0.8072027777777777,0.00015361044794190093,0
386,36630,0,100,0.806675,0.00016405941167249694,0
387,36730,0,100,0.8061472222222222,0.00017313951408141293,0
388,36830,0,100,0.8056194444444444,0.00016390949849665049,0
389,36851,0.8109999999999999,21,0.8055086111111112,0.00012613516446435824,1
390,36951,0,100,0.8049808333333334,0.0001526770758027851,0
391,37051,0,100,0.8044530555555556,0.00017405707658326718,0
392,37105,0.514,54,0.8041680555555556,0.00018898428121853308,1
393,37205,0,100,0.8036402777777778,0.00017243221063836244,0
394,37305,0,100,0.8031125,0.00019803925290034385,0
395,37405,0,100,0.8025847222222222,0.0001672304867861385,0
396,37505,0,100,0.8020569444444444,0.00022475064659374766,0
397,37605,0,100,0.8015291666666666,0.0001739863985312695,0
398,37705,0,100,0.8010013888888889,0.00018508775347072514,0
399,37805,0,100,0.8004736111111111,0.00016573968265220173,0
400,37905,0,100,0.7999458333333334,0.0002100472685197019,0
401,38005,0,100,0.7994180555555556,0.00019758811322390102,0
402,38105,0,100,0.7988902777777778,0.00020697353746072623,0
403,38205,0,100,0.7983625,0.00018220314069367305,0
404,38305,0,100,0.7978347222222222,0.00015145034922170453,0
405,38405,0,100,0.7973069444444445,0.00015506711813941364,0
406,38505,0,100,0.7967791666666667,0.00020916392917570193,0
407,38605,0,100,0.7962513888888889,0.0002035982241795864,0
408,38705,0,100,0.7957236111111111,0.00019794702227954986,0
409,38805,0,100,0.7951958333333333,0.0002002825892486726,0
410,38894,0.19899999999999995,89,0.7947261111111111,0.00020674756046134738,1
411,38994,0,100,0.7941983333333333,0.00018139140907805996,0
412,39092,0.118,98,0.7936811111111111,0.00017919745105431578,1
413,39192,0,100,0.7931533333333334,0.00019053348740271758,0
414,39292,0,100,0.7926255555555556,0.00019277048706499046,0
415,39392,0,100,0.7920977777777778,0.00023484755420213332,0
416,39492,0,100,0.79157,0.00018753967460725108,0
417,39592,0,100,0.7910422222222222,0.0002069023660806124,0
418,39692,0,100,0.7905144444444445,0.0001819312322186306,0
419,39792,0,100,0.7899866666666666,0.00019201224276912398,0
420,39892,0,100,0.7894588888888889,0.00018638668891071575,0
421,39992,0,100,0.7889311111111111,0.00021697112841138734,0
422,40092,0,100,0.7884033333333333,0.0002161448546758038,0
423,40192,0,100,0.7878755555555556,0.00023926874509925256,0
424,40292,0,100,0.7873477777777778,0.00016684856829670024,0
425,40392,0,100,0.7868200000000001,0.00020250347164619598,0
426,40492,0,100,0.7862922222222223,0.00017987879347856507,0
427,40592,0,100,0.7857644444444445,0.00019179369188350394,0
428,40692,0,100,0.7852366666666667,0.00023321858840063213,0
429,40792,0,100,0.7847088888888889,0.00019161599437211407,0
430,40892,0,100,0.7841811111111111,0.00016699605621397495,0
431,40992,0,100,0.7836533333333333,0.00020425276314199438,0
432,41092,0,100,0.7831255555555555,0.00025161813318845815,0
433,41192,0,100,0.7825977777777778,0.00021710693188651932,0
434,41292,0,100,0.78207,0.0002157392312619777,0
435,41392,0,100,0.7815422222222222,0.00022254649979004172,0
436,41492,0,100,0.7810144444444445,0.0002043499789760972,0
437,41592,0,100,0.7804866666666667,0.00022692659349559107,0
438,41692,0,100,0.7799588888888889,0.0002566840121653513,0
439,41792,0,100,0.7794311111111111,0.00019221342830860521,0
440,41892,0,100,0.7789033333333334,0.00021444944351969752,0
441,41992,0,100,0.7783755555555556,0.0002363206632071524,0
442,42092,0,100,0.7778477777777778,0.00026202036167887854,0
443,42192,0,100,0.77732,0.0002243742205791932,0
444,42292,0,100,0.7767922222222222,0.0002499996004917193,0
445,42392,0,100,0.7762644444444444,0.00022635678065853428,0
446,42492,0,100,0.7757366666666666,0.0002209742457489483,0
447,42592,0,100,0.7752088888888888,0.00024443284204608064,0
448,42692,0,100,0.7746811111111112,0.00021664781979779946,0
449,42792,0,100,0.7741533333333334,0.00018636161488757352,0
450,42892,0,100,0.7736255555555556,0.00023312333743888303,0
451,42992,0,100,0.7730977777777778,0.00020285559574404033,0
452,43092,0,100,0.77257,0.0002575607281687553,0
453,43192,0,100,0.7720422222222223,0.0002561260332004167,0
454,43292,0,100,0.7715144444444444,0.0002388381861965172,0
455,43392,0,100,0.7709866666666667,0.0002503021886514034,0
456,43492,0,100,0.7704588888888889,0.0002188117290279479,0
457,43592,0,100,0.7699311111111111,0.00023101445753127337,0
458,43692,0,100,0.7694033333333333,0.0002550596718720044,0
459,43792,0,100,0.7688755555555555,0.00020994211336073932,0
460,43892,0,100,0.7683477777777779,0.00020963790393579984,0
461,43992,0,100,0.76782,0.00025479663183432423,0
462,44032,0.6399999999999999,40,0.7676088888888889,0.00024071659699984594,1
463,44074,0.622,42,0.7673872222222222,0.00023046292300846072,1
464,44174,0,100,0.7668594444444444,0.0002317701551328355,0
465,44274,0,100,0.7663316666666666,0.00023118198998417939,0
466,44374,0,100,0.765803888888889,0.00022365016062394716,0
467,44474,0,100,0.765276111111111,0.0002457642300942098,0
468,44574,0,100,0.7647483333333334,0.00023446473827789304,0
469,44674,0,100,0.7642205555555556,0.00023877756646470516,0
470,44774,0,100,0.7636927777777778,0.0002660265275335405,0
471,44874,0,100,0.763165,0.00023293353620829294,0
472,44974,0,100,0.7626372222222222,0.00024398361390922218,0
473,45074,0,100,0.7621094444444445,0.00023501459898398025,0
474,45174,0,100,0.7615816666666667,0.00025586779778677735,0
475,45274,0,100,0.7610538888888889,0.00023918522443636903,0
476,45370,0.136,96,0.7605472222222223,0.0003074798753838574,1
477,45470,0,100,0.7600194444444445,0.00026005361298302886,0
478,45570,0,100,0.7594916666666667,0.0002195390000815678,0
479,45618,0.5680000000000001,48,0.7592383333333333,0.00025899397799851914,1
480,45718,0,100,0.7587105555555556,0.00025051554239325925,0
481,45818,0,100,0.7581827777777778,0.0003006544613344886,0
482,45918,0,100,0.757655,0.0002440500948796398,0
483,46018,0,100,0.7571272222222222,0.0003103169223686564,0
484,46118,0,100,0.7565994444444445,0.00025576306421498885,0
485,46218,0,100,0.7560716666666667,0.0002446167693415191,0
486,46318,0,100,0.7555438888888889,0.00025690696813398975,0
487,46418,0,100,0.7550161111111111,0.00026478284129552774,0
488,46420,0.982,2,0.7550055555555556,0.0003890959851560183,1
489,46520,0,100,0.7544777777777778,0.0002334922524096328,0
490,46620,0,100,0.75395,0.00026965413551806707,0
491,46720,0,100,0.7534222222222222,0.00021068786503747105,0
492,46820,0,100,0.7528944444444444,0.0002655806850816589,0
493,46920,0,100,0.7523666666666666,0.00023019391817797442,0
494,47020,0,100,0.751838888888889,0.00022785886703786674,0
495,47120,0,100,0.7513111111111112,0.0002311930263749673,0
496,47220,0,100,0.7507833333333334,0.0002469906660189736,0
497,47320,0,100,0.7502555555555556,0.0002643494551375625,0
498,47405,0.235,85,0.7498069444444444,0.00027861592123586246,1
499,47505,0,100,0.7492791666666667,0.0002413895788777154,0
500,47605,0,100,0.7487513888888889,0.0002790847278083675,0
501,47705,0,100,0.7482236111111111,0.00026563088034890824,0
502,47775,0.37,70,0.7478541666666667,0.00023153642661262504,1
503,47875,0,100,0.7473263888888889,0.00027662209191475995,0
504,47975,0,100,0.7467986111111111,0.0002644654710456962,0
505,48075,0,100,0.7462708333333333,0.00033304704440524803,0
506,48175,0,100,0.7457430555555555,0.00026577766475384125,0
507,48275,0,100,0.7452152777777779,0.000263963921861432,0
508,48375,0,100,0.7446875,0.00024502753312845017,0
509,48475,0,100,0.7441597222222223,0.0002723210028671019,0
510,48575,0,100,0.7436319444444445,0.0003045015201678325,0
511,48675,0,100,0.7431041666666667,0.00025909017351295917,0
512,48775,0,100,0.7425763888888889,0.00025684571850433715,0
513,48791,0.856,16,0.7424919444444444,0.0001977209908545774,1
514,48891,0,100,0.7419641666666666,0.00024469577172567367,0
515,48991,0,100,0.7414363888888889,0.00029545093511842426,0
516,49091,0,100,0.7409086111111112,0.00032298971062118655,0
517,49191,0,100,0.7403808333333334,0.00026155199828281183,0
518,49291,0,100,0.7398530555555556,0.00027034914564865175,0
519,49391,0,100,0.7393252777777778,0.000323766271230852,0
520,49491,0,100,0.7387975,0.00029393843717116395,0
521,49591,0,100,0.7382697222222223,0.00025887102929118556,0
522,49691,0,100,0.7377419444444444,0.00029276310615387045,0
523,49791,0,100,0.7372141666666667,0.00024930431798566135,0
524,49872,0.2709999999999999,81,0.7367866666666667,0.0003262484540216435,1
525,49972,0,100,0.7362588888888889,0.00028419901349479914,0
526,50072,0,100,0.7357311111111111,0.0003004504529599217,0
527,50172,0,100,0.7352033333333333,0.000339729254883423,0
528,50272,0,100,0.7346755555555555,0.00030749249155633153,0
529,50372,0,100,0.7341477777777778,0.00025798738381126895,0
530,50472,0,100,0.73362,0.0002579963589596446,0
531,50572,0,100,0.7330922222222223,0.00026922801986074775,0
532,50672,0,100,0.7325644444444445,0.00027835046654217877,0
533,50768,0.136,96,0.7320577777777778,0.000302618583759795,1
534,50868,0,100,0.73153,0.0002701438035001047,0
535,50968,0,100,0.7310022222222222,0.00029105741101375314,0
536,51068,0,100,0.7304744444444444,0.00026940447671222503,0
537,51168,0,100,0.7299466666666667,0.00026058271705551304,0
538,51268,0,100,0.729418888888889,0.00028007541091938035,0
539,51368,0,100,0.7288911111111112,0.0002498321315215435,0
540,51468,0,100,0.7283633333333334,0.00029475570903741754,0
541,51568,0,100,0.7278355555555556,0.0003157961263787001,0
542,51668,0,100,0.7273077777777778,0.0002646855611601495,0
543,51768,0,100,0.72678,0.00024581141900853254,0
544,51868,0,100,0.7262522222222223,0.00035368984423257645,0
545,51968,0,100,0.7257244444444445,0.000249722071494034,0
546,52068,0,100,0.7251966666666667,0.00034552306544355816,0
547,52168,0,100,0.7246688888888889,0.00027591886901063846,0
548,52268,0,100,0.7241411111111111,0.0002904977052094182,0
549,52368,0,100,0.7236133333333333,0.0002533624847274041,0
550,52468,0,100,0.7230855555555555,0.0002899922023789259,0
551,52525,0.487,57,0.7227847222222222,0.0003093821684607272,1
552,52625,0,100,0.7222569444444444,0.00023376625415039598,0
553,52725,0,100,0.7217291666666668,0.0002968530618454679,0
554,52825,0,100,0.7212013888888889,0.00027270126265648286,0
555,52925,0,100,0.7206736111111112,0.000321094176160841,0
556,53025,0,100,0.7201458333333334,0.00024193991332140284,0
557,53125,0,100,0.7196180555555556,0.0003582700912738801,0
558,53208,0.253,83,0.71918,0.00042143533464257483,1
559,53308,0,100,0.7186522222222222,0.0003225049059983576,0
560,53408,0,100,0.7181244444444445,0.0002898867565090768,0
561,53508,0,100,0.7175966666666667,0.00035094933802611196,0
562,53608,0,100,0.717068888888889,0.0003100665548117831,0
563,53708,0,100,0.7165411111111111,0.0003016250721520919,0
564,53808,0,100,0.7160133333333334,0.0002731561124528525,0
565,53908,0,100,0.7154855555555555,0.0002853783219325123,0
566,54008,0,100,0.7149577777777778,0.00030295027150714307,0
567,54108,0,100,0.71443,0.000283451162140409,0
568,54208,0,100,0.7139022222222222,0.00029584449981484795,0
569,54308,0,100,0.7133744444444445,0.0002798657773018931,0
570,54408,0,100,0.7128466666666666,0.00029977362508361695,0
571,54508,0,100,0.712318888888889,0.00025829123689618427,0
572,54608,0,100,0.711791111111111,0.00030027632376004474,0
573,54708,0,100,0.7112633333333334,0.00027788842275185745,0
574,54808,0,100,0.7107355555555556,0.00031173833696811925,0
575,54908,0,100,0.7102077777777778,0.000284349868852587,0
576,55008,0,100,0.7096800000000001,0.000355399868258246,0
577,55108,0,100,0.7091522222222222,0.00036353973348013824,0
578,55208,0,100,0.7086244444444445,0.0003321081637113821,0
579,55308,0,100,0.7080966666666666,0.0003391364455455914,0
580,55408,0,100,0.7075688888888889,0.0004198415704559011,0
581,55508,0,100,0.7070411111111112,0.0002598968721940764,0
582,55608,0,100,0.7065133333333333,0.0003037191692601482,0
583,55708,0,100,0.7059855555555556,0.00029905211202276407,0
584,55808,0,100,0.7054577777777777,0.0002718689406538033,0
585,55908,0,100,0.7049300000000001,0.00030313075654703425,0
586,55969,0.45099999999999996,61,0.7046080555555556,0.00032694966994611485,1
587,56069,0,100,0.7040802777777777,0.0002885657116712537,0
588,56169,0,100,0.7035525,0.00038539811323062167,0
589,56269,0,100,0.7030247222222222,0.0003197759939939715,0
590,56369,0,100,0.7024969444444444,0.000301127984712366,0
591,56444,0.32499999999999996,75,0.7021011111111111,0.00031798206531675533,1
592,56544,0,100,0.7015733333333334,0.00027399909955420297,0
593,56644,0,100,0.7010455555555555,0.00029078954914439235,0
594,56744,0,100,0.7005177777777778,0.000300734676020511,0
595,56844,0,100,0.69999,0.0003268594735345687,0
596,56944,0,100,0.6994622222222222,0.00030037312932108763,0
597,56968,0.784,24,0.6993355555555556,0.00026962052121840924,1
598,57068,0,100,0.6988077777777777,0.0003578788842787617,0
599,57168,0,100,0.69828,0.00034698107290751065,0
600,57268,0,100,0.6977522222222222,0.0003244190697660088,0
601,57322,0.514,54,0.6974672222222222,0.00028938351176664045,1
602,57422,0,100,0.6969394444444444,0.000299782041911385,0
603,57522,0,100,0.6964116666666667,0.00027452665301098023,0
604,57622,0,100,0.695883888888889,0.0003176019186139456,0
605,57722,0,100,0.6953561111111111,0.0003071469326096121,0
606,57822,0,100,0.6948283333333334,0.00033682252116705056,0
607,57922,0,100,0.6943005555555555,0.0003196179502629093,0
608,58022,0,100,0.6937727777777778,0.00035923963696404826,0
609,58122,0,100,0.693245,0.00031668432779042633,0
610,58222,0,100,0.6927172222222222,0.0004051028446701821,0
611,58322,0,100,0.6921894444444444,0.0002843989885150222,0
612,58422,0,100,0.6916616666666666,0.00036917097346304215,0
613,58522,0,100,0.6911338888888889,0.00029402372318145355,0
614,58622,0,100,0.6906061111111111,0.0003730904003532487,0
615,58722,0,100,0.6900783333333333,0.0003032146267287317,0
616,58822,0,100,0.6895505555555556,0.00034927197679280654,0
617,58922,0,100,0.6890227777777778,0.0003315432298040832,0
618,59022,0,100,0.688495,0.0003027619441127172,0
619,59122,0,100,0.6879672222222222,0.000367583141560317,0
620,59222,0,100,0.6874394444444445,0.0003127911333285738,0
621,59322,0,100,0.6869116666666667,0.00036136146143689985,0
622,59422,0,100,0.6863838888888889,0.00035924967529354034,0
623,59522,0,100,0.6858561111111111,0.0003213947455151356,0
624,59622,0,100,0.6853283333333333,0.0003255107529912493,0
625,59657,0.685,35,0.6851436111111111,0.00030127210453169287,1
626,59757,0,100,0.6846158333333333,0.0002673196751493379,0
627,59857,0,100,0.6840880555555555,0.0003130871626854059,0
628,59957,0,100,0.6835602777777778,0.00033586059864319394,0
629,60057,0,100,0.6830324999999999,0.0003095264988405688,0
630,60157,0,100,0.6825047222222222,0.00034478698376915417,0
631,60257,0,100,0.6819769444444445,0.0003847399979167676,0
632,60357,0,100,0.6814491666666667,0.0003169415232150641,0
633,60457,0,100,0.6809213888888889,0.00033870374492835255,0
634,60557,0,100,0.6803936111111111,0.00032427734966404385,0
635,60657,0,100,0.6798658333333334,0.00037140287789952706,0
636,60757,0,100,0.6793380555555556,0.000317675222941034,0
637,60857,0,100,0.6788102777777778,0.00036748409518622794,0
638,60957,0,100,0.6782825,0.0002850109292558045,0
639,61057,0,100,0.6777547222222222,0.0003295296930082259,0
640,61157,0,100,0.6772269444444444,0.00033996679187112025,0
641,61257,0,100,0.6766991666666666,0.000332058763015084,0
642,61357,0,100,0.676171388888889,0.00033121706890597123,0
643,61457,0,100,0.6756436111111112,0.00032350667050195625,0
644,61557,0,100,0.6751158333333334,0.0003283911448670551,0
645,61638,0.2709999999999999,81,0.6746883333333333,0.0003240923658638537,1
646,61738,0,100,0.6741605555555555,0.0004013398155439063,0
647,61741,0.973,3,0.6741447222222222,0.00033615790016483516,1
648,61841,0,100,0.6736169444444444,0.0003073734058853006,0
649,61941,0.09999999999999998,100,0.6730891666666667,0.00029136636898329015,1
650,62041,0,100,0.6725613888888888,0.0003226990688199294,0
651,62115,0.33399999999999996,74,0.6721708333333334,0.00033608337567735315,1
652,62145,0.73,30,0.6720125,0.0002552303262442971,1
653,62245,0,100,0.6714847222222222,0.0003820062604063423,0
654,62345,0,100,0.6709569444444444,0.00031675034977524775,0
655,62445,0,100,0.6704291666666666,0.0003591254334605765,0
656,62545,0,100,0.669901388888889,0.0003481308917980641,0
657,62645,0,100,0.6693736111111112,0.00030009665821125966,0
658,62745,0,100,0.6688458333333334,0.00034333776358835166,0
659,62845,0,100,0.6683180555555556,0.0003559739960473962,0
660,62945,0,100,0.6677902777777778,0.0003167285929157515,0
661,63045,0,100,0.6672625000000001,0.00030818625986285043,0
662,63145,0,100,0.6667347222222222,0.0003735456808863091,0
663,63245,0,100,0.6662069444444445,0.0003775009204400703,0
664,63345,0,100,0.6656791666666667,0.0003673627405441948,0
665,63445,0,100,0.6651513888888889,0.0003487242863047868,0
666,63545,0,100,0.6646236111111111,0.0004043240687315119,0
667,63645,0,100,0.6640958333333333,0.00039399504483299096,0
668,63745,0,100,0.6635680555555556,0.00029863314401154637,0
669,63845,0,100,0.6630402777777777,0.00037146168535400647,0
670,63945,0,100,0.6625125000000001,0.00031070636192453093,0
671,64045,0,100,0.6619847222222223,0.0003999668896358344,0
672,64145,0,100,0.6614569444444445,0.00034362656442681326,0
673,64245,0,100,0.6609291666666667,0.00032458999779919393,0
674,64345,0,100,0.6604013888888889,0.00036176389603497227,0
675,64445,0,100,0.6598736111111112,0.00041700395468069473,0
676,64545,0,100,0.6593458333333333,0.00029714643889747097,0
677,64625,0.2799999999999999,80,0.6589236111111112,0.0003668851895326952,1
678,64725,0,100,0.6583958333333333,0.0003303535145823844,0
679,64825,0,100,0.6578680555555556,0.00035643594645080157,0
680,64925,0,100,0.6573402777777778,0.0003329115129599813,0
681,65025,0,100,0.6568125,0.0003648922605680127,0
682,65125,0,100,0.6562847222222222,0.0004030923768732464,0
683,65225,0,100,0.6557569444444444,0.0003783500676217955,0
684,65325,0,100,0.6552291666666668,0.0003795382726457319,0
685,65425,0,100,0.6547013888888888,0.00033323158808343576,0
686,65525,0,100,0.6541736111111112,0.0003172342122343252,0
687,65625,0,100,0.6536458333333334,0.000311123830069846,0
688,65642,0.847,17,0.6535561111111111,0.00048796136337948744,1
689,65742,0,100,0.6530283333333333,0.0003671247221973317,0
690,65842,0,100,0.6525005555555556,0.0004168813092474011,0
691,65942,0,100,0.6519727777777778,0.00035079546501947333,0
692,66042,0,100,0.651445,0.0003854089904780267,0
693,66065,0.7929999999999999,23,0.6513236111111111,0.000400745584161284,1
694,66165,0,100,0.6507958333333334,0.0003333547873262432,0
695,66265,0,100,0.6502680555555556,0.0003511308272572933,0
696,66365,0,100,0.6497402777777779,0.00035230455145210724,0
697,66465,0,100,0.6492125,0.0003298847131736693,0
698,66565,0,100,0.6486847222222223,0.0003480474512980436,0
699,66665,0,100,0.6481569444444445,0.0004031137446690991,0
700,66765,0,100,0.6476291666666667,0.00038011688458936986,0
701,66865,0,100,0.6471013888888889,0.0003063612740879762,0
702,66965,0,100,0.6465736111111111,0.0004281341283058282,0
703,66978,0.883,13,0.6465050000000001,0.0002902751551188815,1
704,67078,0,100,0.6459772222222222,0.0003894699334341567,0
705,67178,0,100,0.6454494444444445,0.0003683032339904457,0
706,67278,0,100,0.6449216666666666,0.00044837210974947085,0
707,67296,0.838,18,0.6448266666666667,0.0003386625537839589,1
708,67396,0,100,0.644298888888889,0.0003300290004699491,0
709,67496,0,100,0.6437711111111111,0.00033145363111543704,0
710,67596,0,100,0.6432433333333334,0.0003462313388081384,0
711,67696,0,100,0.6427155555555556,0.00035180054666852814,0
712,67796,0,100,0.6421877777777778,0.0003465643333402113,0
713,67896,0,100,0.6416600000000001,0.0003539486000954639,0
714,67996,0,100,0.6411322222222222,0.00036650733498390766,0
715,68096,0,100,0.6406044444444445,0.0003844596671478939,0
716,68196,0,100,0.6400766666666666,0.0003516447324727778,0
717,68296,0,100,0.639548888888889,0.0003622594683110947,0
718,68396,0,100,0.639021111111111,0.00037591310794596214,0
719,68496,0,100,0.6384933333333334,0.00038290263455564855,0
720,68596,0,100,0.6379655555555557,0.00040760069459793157,0
721,68696,0,100,0.6374377777777778,0.0003829818621670711,0
722,68796,0,100,0.6369100000000001,0.00043556301312491996,0
723,68896,0,100,0.6363822222222222,0.0003971300730336225,0
724,68996,0,100,0.6358544444444445,0.0003541259400299168,0
725,69096,0,100,0.6353266666666666,0.0003671378974468098,0
726,69196,0,100,0.6347988888888889,0.0004167049700845382,0
727,69296,0,100,0.6342711111111112,0.00033838576113339515,0
728,69396,0,100,0.6337433333333333,0.0004494777839863673,0
729,69496,0,100,0.6332155555555556,0.00037711034128733444,0
730,69596,0,100,0.6326877777777777,0.0003769041565101361,0
731,69696,0,100,0.63216,0.00033084098171457297,0
732,69796,0,100,0.6316322222222222,0.0004090289165469585,0
733,69896,0,100,0.6311044444444445,0.0003747057963119005,0
734,69996,0,100,0.6305766666666667,0.00034727393827779454,0
735,70095,0.10899999999999999,99,0.6300541666666666,0.0003855002282532473,1
736,70195,0,100,0.6295263888888889,0.00038295990489132235,0
737,70295,0,100,0.6289986111111112,0.00033484441781183704,0
738,70395,0,100,0.6284708333333333,0.0003841219304376864,0
739,70495,0,100,0.6279430555555556,0.0003706716355009121,0
740,70595,0,100,0.6274152777777777,0.0003903752307633113,0
741,70695,0,100,0.6268875,0.0004134356520444271,0
742,70795,0,100,0.6263597222222222,0.000341336361161666,0
743,70895,0,100,0.6258319444444445,0.00038935593165660974,0
744,70995,0,100,0.6253041666666667,0.0003712932972848648,0
745,71095,0,100,0.6247763888888889,0.00038320261646731526,0
746,71195,0,100,0.6242486111111112,0.00036723147459269965,0
747,71295,0,100,0.6237208333333333,0.0004121374858368654,0
748,71395,0,100,0.6231930555555556,0.0003888457064203976,0
749,71495,0,100,0.6226652777777778,0.0004115417211505701,0
750,71595,0,100,0.6221375,0.0004373717270573252,0
751,71695,0,100,0.6216097222222222,0.00033014558021022823,0
752,71795,0,100,0.6210819444444444,0.00038771771509345856,0
753,71895,0,100,0.6205541666666667,0.0004177100299420999,0
754,71995,0,100,0.6200263888888888,0.0003693368592212209,0
755,72095,0,100,0.6194986111111112,0.00033071983914851444,0
756,72195,0,100,0.6189708333333334,0.0004475073178946332,0
757,72225,0.73,30,0.6188125,0.0004810356743594942,1
758,72325,0,100,0.6182847222222222,0.0004418980338232359,0
759,72425,0,100,0.6177569444444444,0.00038168042679899373,0
760,72525,0,100,0.6172291666666667,0.0004221350124134915,0
761,72625,0,100,0.6167013888888889,0.0003609673725804896,0
762,72725,0,100,0.6161736111111111,0.00043157382286153735,0
763,72825,0,100,0.6156458333333333,0.00037967398759064964,0
764,72925,0,100,0.6151180555555555,0.0004683281703546527,0
765,73025,0,100,0.6145902777777777,0.0003915708804197493,0
766,73125,0,100,0.6140625,0.0004524471602417179,0
767,73225,0,100,0.6135347222222223,0.00044151473564852495,0
768,73325,0,100,0.6130069444444445,0.00041532505254508577,0
769,73405,0.2799999999999999,80,0.6125847222222223,0.00037856758867746974,1
770,73505,0,100,0.6120569444444445,0.000361654353873746,0
771,73605,0,100,0.6115291666666667,0.0003902218190341955,0
772,73705,0,100,0.6110013888888889,0.00037256553549013915,0
773,73805,0,100,0.6104736111111111,0.0003857290868108976,0
774,73905,0,100,0.6099458333333334,0.0003765197085158434,0
775,73963,0.478,58,0.6096397222222223,0.0003251992376166966,1
776,74063,0,100,0.6091119444444444,0.00038929355581785786,0
777,74163,0,100,0.6085841666666667,0.00042448942447663283,0
778,74263,0,100,0.6080563888888889,0.000386806779752078,0
779,74363,0,100,0.6075286111111111,0.0004323279143864056,0
780,74463,0,100,0.6070008333333333,0.0004581800756568555,0
781,74563,0,100,0.6064730555555555,0.0003887999601647607,0
782,74625,0.44199999999999995,62,0.6061458333333334,0.0003692431438403512,1
783,74725,0,100,0.6056180555555556,0.00038816299704194537,0
784,74825,0,100,0.6050902777777778,0.0004858041102488642,0
785,74925,0,100,0.6045625,0.0003839642486309458,0
786,75025,0,100,0.6040347222222222,0.00044948652048333316,0
787,75125,0,100,0.6035069444444445,0.0004253918942049495,0
788,75225,0,100,0.6029791666666666,0.0005033301748517261,0
789,75325,0,100,0.6024513888888889,0.0004439259552964359,0
790,75425,0,100,0.6019236111111111,0.00041493330616503954,0
791,75525,0,100,0.6013958333333334,0.000428618505175109,0
792,75625,0,100,0.6008680555555556,0.00044805528425058584,0
793,75725,0,100,0.6003402777777778,0.00044300752630078934,0
794,75825,0,100,0.5998125000000001,0.0005009162130954792,0
795,75925,0,100,0.5992847222222222,0.0003672440117588849,0
796,76025,0,100,0.5987569444444445,0.00045712075607298177,0
797,76125,0,100,0.5982291666666667,0.00041407599885133093,0
798,76225,0,100,0.5977013888888889,0.00042635868667275647,0
799,76325,0,100,0.5971736111111111,0.00044705988155328667,0
800,76425,0,100,0.5966458333333333,0.00042051424406963633,0
801,76525,0,100,0.5961180555555556,0.0004623653979979281,0
802,76625,0,100,0.5955902777777777,0.0003971632042521378,0
803,76725,0,100,0.5950625,0.0004527750948182074,0
804,76825,0,100,0.5945347222222223,0.0004106015124125406,0
805,76901,0.31599999999999995,76,0.5941336111111111,0.0005143634984242932,1
806,77001,0,100,0.5936058333333334,0.0004449338855192764,0
807,77101,0,100,0.5930780555555556,0.00037784446376463163,0
808,77201,0,100,0.5925502777777778,0.0004938046170354937,0
809,77301,0,100,0.5920225,0.00048715679033193736,0
810,77401,0,100,0.5914947222222222,0.0003551079540557112,0
811,77501,0,100,0.5909669444444445,0.0003917368689508294,0
812,77601,0,100,0.5904391666666666,0.00035275366482892426,0
813,77701,0,100,0.5899113888888889,0.0003619574365802691,0
814,77801,0,100,0.5893836111111111,0.00043206761496549005,0
815,77901,0,100,0.5888558333333334,0.00042359952691185755,0
816,78001,0,100,0.5883280555555556,0.0004492169795412337,0
817,78101,0,100,0.5878002777777778,0.00043855217361851826,0
818,78201,0,100,0.5872725000000001,0.0005170692558749579,0
819,78213,0.892,12,0.5872091666666667,0.0005314413841309337,1
820,78313,0,100,0.5866813888888889,0.0004214217663320596,0
821,78413,0,100,0.5861536111111112,0.00047407912225025937,0
822,78513,0,100,0.5856258333333333,0.0003999973677127855,0
823,78613,0,100,0.5850980555555556,0.00046174654864444164,0
824,78643,0.73,30,0.5849397222222222,0.00040627869881670143,1
825,78743,0,100,0.5844119444444444,0.0003980259956733789,0
826,78843,0,100,0.5838841666666668,0.0005388683844284969,0
827,78943,0,100,0.5833563888888889,0.0004903058041236363,0
828,79043,0,100,0.5828286111111112,0.000487624293382396,0
829,79143,0,100,0.5823008333333334,0.0005250507853634189,0
830,79243,0,100,0.5817730555555556,0.00044794698525947753,0
831,79343,0,100,0.5812452777777778,0.0005140572498930851,0
832,79443,0,100,0.5807175,0.00045977377725648695,0
833,79543,0,100,0.5801897222222223,0.00040611222546431234,0
834,79643,0,100,0.5796619444444444,0.00047403264899912754,0
835,79743,0,100,0.5791341666666667,0.0004538813231192762,0
836,79843,0,100,0.5786063888888889,0.000490853682422312,0
837,79943,0,100,0.5780786111111111,0.0004205306999574532,0
838,80043,0,100,0.5775508333333333,0.0005745049598044716,0
839,80143,0,100,0.5770230555555556,0.0005045959263952682,0
840,80243,0,100,0.5764952777777779,0.0004176885760534788,0
841,80343,0,100,0.5759675,0.00046062308643740835,0
842,80380,0.667,37,0.5757722222222222,0.0003745053892654707,1
843,80480,0,100,0.5752444444444444,0.0004710335851996206,0
844,80580,0,100,0.5747166666666668,0.00047402849839272676,0
845,80646,0.4059999999999999,66,0.5743683333333334,0.0004112105877786896,1
846,80746,0,100,0.5738405555555556,0.0004656480009725783,0
847,80846,0,100,0.5733127777777778,0.00046394990597036667,0
848,80946,0,100,0.5727850000000001,0.0004646191081701545,0
849,81046,0,100,0.5722572222222222,0.000513212696678238,0
850,81146,0,100,0.5717294444444445,0.00041843107355816757,0
851,81246,0,100,0.5712016666666666,0.00047054023008968215,0
852,81346,0,100,0.5706738888888889,0.00044670769148069667,0
853,81446,0,100,0.5701461111111111,0.0003754730595392175,0
854,81546,0,100,0.5696183333333333,0.0004035832062800182,0
855,81646,0,100,0.5690905555555557,0.0004001572851848323,0
856,81746,0,100,0.5685627777777778,0.0004650293399390648,0
857,81846,0,100,0.5680350000000001,0.0004755277126969304,0
858,81946,0,100,0.5675072222222222,0.000456993332318234,0
859,82046,0,100,0.5669794444444445,0.00047556142664689104,0
860,82146,0,100,0.5664516666666667,0.00047814517693041126,0
861,82246,0,100,0.5659238888888889,0.00043680088216206057,0
862,82346,0,100,0.5653961111111112,0.00041235290573240493,0
863,82446,0,100,0.5648683333333333,0.00045362457243754763,0
864,82546,0,100,0.5643405555555556,0.0005008285726580652,0
865,82646,0,100,0.5638127777777777,0.000510505421225389,0
866,82746,0,100,0.563285,0.0005155179604480509,0
867,82846,0,100,0.5627572222222222,0.000440783468184236,0
868,82946,0,100,0.5622294444444444,0.0005326615542799118,0
869,83046,0,100,0.5617016666666668,0.0004934129286993993,0
870,83146,0,100,0.5611738888888889,0.0005056417048763251,0
871,83246,0,100,0.5606461111111112,0.00044118795969552596,0
872,83346,0,100,0.5601183333333333,0.0005111076479443,0
873,83446,0,100,0.5595905555555556,0.00045225349076645217,0
874,83546,0,100,0.5590627777777778,0.0004714804895411362,0
875,83646,0,100,0.558535,0.0004891582721757004,0
876,83746,0,100,0.5580072222222223,0.0003828878951026127,0
877,83846,0,100,0.5574794444444444,0.00042118762037716804,0
878,83946,0,100,0.5569516666666667,0.0004261818060695077,0
879,84046,0,100,0.5564238888888888,0.00045414738146064336,0
880,84146,0,100,0.5558961111111111,0.0004818794188759057,0
881,84246,0,100,0.5553683333333334,0.0004680026904316037,0
882,84346,0,100,0.5548405555555556,0.00040526830201997654,0
883,84446,0,100,0.5543127777777779,0.0005295179210224887,0
884,84546,0,100,0.553785,0.0005002335712197236,0
885,84646,0,100,0.5532572222222223,0.0004770477980491705,0
886,84724,0.29799999999999993,78,0.5528455555555556,0.00047723045859945554,1
887,84824,0,100,0.5523177777777778,0.0005110562751360704,0
888,84924,0,100,0.55179,0.0004930400584635208,0
889,85024,0,100,0.5512622222222223,0.0004908113104102086,0
890,85124,0,100,0.5507344444444444,0.000452356468886137,0
891,85224,0,100,0.5502066666666667,0.00044441791738790925,0
892,85324,0,100,0.5496788888888888,0.00044578123677638357,0
893,85424,0,100,0.5491511111111111,0.0004903359850504785,0
894,85524,0,100,0.5486233333333334,0.0004088031813444104,0
895,85624,0,100,0.5480955555555556,0.00041157272484269923,0
896,85712,0.20799999999999996,88,0.5476311111111112,0.0004415938687584871,1
897,85812,0,100,0.5471033333333333,0.000494103328201163,0
898,85912,0,100,0.5465755555555556,0.00042783291584783003,0
899,86012,0,100,0.5460477777777778,0.000411713389949,0
900,86042,0.73,30,0.5458894444444444,0.0004093713687325362,1
901,86142,0,100,0.5453616666666667,0.00044642133219895185,0
902,86242,0,100,0.5448338888888888,0.00046485808346915294,0
903,86342,0,100,0.5443061111111112,0.000491337780313188,0
904,86442,0,100,0.5437783333333334,0.0004629652565199649,0
905,86542,0,100,0.5432505555555556,0.0004411350601731101,0
906,86642,0,100,0.5427227777777778,0.0005392995180591243,0
907,86733,0.18099999999999994,91,0.5422425,0.0005420978533028585,1
908,86833,0,100,0.5417147222222223,0.00046526045189239086,0
909,86889,0.4959999999999999,56,0.5414191666666667,0.00043729920311566924,1
910,86989,0,100,0.5408913888888889,0.00038410418474086325,0
911,87089,0,100,0.5403636111111111,0.0005785383403417655,0
912,87189,0,100,0.5398358333333333,0.0004626935166743351,0
913,87289,0,100,0.5393080555555556,0.00046391719279199607,0
914,87389,0,100,0.5387802777777778,0.0004514571679101209,0
915,87489,0,100,0.5382525,0.00047433004328922834,0
916,87589,0,100,0.5377247222222222,0.0005090532335088937,0
917,87689,0,100,0.5371969444444444,0.0005025679444952403,0
918,87789,0,100,0.5366691666666666,0.0004655983398697572,0
919,87889,0,100,0.5361413888888888,0.00046421257098700153,0
920,87989,0,100,0.5356136111111112,0.0004703678499572561,0
921,88089,0,100,0.5350858333333334,0.0005228834235822433,0
922,88189,0,100,0.5345580555555556,0.00041000099932716696,0
923,88289,0,100,0.5340302777777778,0.0004977888511348283,0
924,88389,0,100,0.5335025,0.000517748898564605,0
925,88489,0,100,0.5329747222222223,0.0004755047030266724,0
926,88589,0,100,0.5324469444444444,0.0005039215181750478,0
927,88689,0,100,0.5319191666666667,0.0004168707036296837,0
928,88789,0,100,0.5313913888888889,0.0004966769540624227,0
929,88889,0,100,0.5308636111111111,0.00043200630701903717,0
930,88989,0,100,0.5303358333333333,0.00040417944146611264,0
931,89067,0.29799999999999993,78,0.5299241666666668,0.0004517162953841482,1
932,89124,0.487,57,0.5296233333333333,0.00045416833100924185,1
933,89224,0,100,0.5290955555555555,0.00044774349491490285,0
934,89324,0,100,0.5285677777777777,0.0004678527258147369,0
935,89424,0,100,0.5280400000000001,0.0004590637394176156,0
936,89524,0,100,0.5275122222222223,0.0005337006685294909,0
937,89624,0,100,0.5269844444444445,0.00043187846313230693,0
938,89724,0,100,0.5264566666666667,0.0004802975607526605,0
939,89824,0,100,0.5259288888888889,0.0005268388384502032,0
940,89924,0,100,0.5254011111111111,0.00041216293189791034,0
941,90024,0,100,0.5248733333333333,0.0004594193779485067,0
942,90030,0.946,6,0.5248416666666667,0.00042980716049593565,1
943,90110,0.2799999999999999,80,0.5244194444444444,0.00047141924837887925,1
944,90210,0,100,0.5238916666666666,0.0004234960519170272,0
945,90247,0.667,37,0.5236963888888889,0.00039131781660536354,1
946,90347,0,100,0.5231686111111111,0.0004119242899832898,0
947,90447,0,100,0.5226408333333334,0.0004723252949042944,0
948,90516,0.379,69,0.5222766666666667,0.0004797775948026211,1
949,90616,0,100,0.5217488888888889,0.00038406511037464953,0
950,90716,0,100,0.5212211111111111,0.0005295578573350213,0
951,90816,0,100,0.5206933333333335,0.00044369280454702674,0
952,90916,0,100,0.5201655555555555,0.0004589027764086495,0
953,91016,0,100,0.5196377777777779,0.0004375455463014077,0
954,91074,0.478,58,0.5193316666666667,0.000663454970294722,1
955,91089,0.865,15,0.5192525,0.0005095511476004807,1
956,91189,0,100,0.5187247222222222,0.0005040505989018129,0
957,91289,0,100,0.5181969444444445,0.0005639998648621258,0
958,91389,0,100,0.5176691666666666,0.000495399716674001,0
959,91428,0.649,39,0.5174633333333334,0.0004845616138668564,1
960,91528,0,100,0.5169355555555556,0.000526351279913797,0
961,91628,0,100,0.5164077777777778,0.0004888755119100097,0
962,91728,0,100,0.5158799999999999,0.0004378157592691423,0
963,91828,0,100,0.5153522222222222,0.0004563588932069251,0
964,91928,0,100,0.5148244444444445,0.0004167765139209223,0
965,92028,0,100,0.5142966666666667,0.0005221061671181814,0
966,92128,0,100,0.5137688888888889,0.00044709729805617824,0
967,92228,0,100,0.513241111111111,0.0003792611755125108,0
968,92328,0,100,0.5127133333333334,0.0004155450729740551,0
969,92428,0,100,0.5121855555555556,0.0004588577025424456,0
970,92528,0,100,0.5116577777777778,0.0004642325057648122,0
971,92628,0,100,0.5111300000000001,0.0005397964306757785,0
972,92692,0.42399999999999993,64,0.5107922222222222,0.0004110249512905284,1
973,92792,0,100,0.5102644444444444,0.0004666832511429675,0
974,92801,0.919,9,0.5102169444444444,0.00037568026325768896,1
975,92901,0,100,0.5096891666666667,0.0005063540369519614,0
976,93001,0,100,0.509161388888889,0.0005072249090881087,0
977,93101,0,100,0.5086336111111112,0.0004943856375757605,0
978,93184,0.253,83,0.5081955555555556,0.0004896864535901359,1
979,93284,0,100,0.5076677777777778,0.000416736007828149,0
980,93384,0,100,0.5071399999999999,0.0005282411408552434,0
981,93429,0.595,45,0.5069025,0.00035981594563862826,1
982,93529,0,100,0.5063747222222222,0.0004199050405077287,0
983,93629,0,100,0.5058469444444444,0.0005258476968447212,0
984,93729,0,100,0.5053191666666667,0.000500738412301871,0
985,93829,0,100,0.5047913888888889,0.00042820060640224255,0
986,93929,0,100,0.5042636111111112,0.0005170331148838159,0
987,94029,0,100,0.5037358333333334,0.0005029679399740416,0
988,94129,0,100,0.5032080555555556,0.00044959750870475544,0
989,94229,0,100,0.5026802777777777,0.0005758706734195584,0
990,94329,0,100,0.5021525,0.00046625815226434495,0
991,94429,0.09999999999999998,100,0.5016247222222223,0.000536385325158335,1
992,94529,0,100,0.5010969444444445,0.0004765349732042523,0
993,94629,0,100,0.5005691666666666,0.0004851475666873739,0
994,94729,0,100,0.5000413888888888,0.00043442361822599196,0
995,94829,0,100,0.49951361111111114,0.00044184737176692577,0
996,94929,0,100,0.49898583333333335,0.0004801686096470803,0
997,95029,0,100,0.49845805555555567,0.0003866410721093416,0
998,95129,0,100,0.49793027777777776,0.0004680729371102643,0
999,95229,0,100,0.49740249999999997,0.0005700804441585206,0
1000,95329,0,100,0.4968747222222223,0.00043679149071977006,0
1001,95429,0,100,0.4963469444444445,0.0005114867216616403,0
1002,95529,0,100,0.4958191666666667,0.00042513106534897816,0
1003,95629,0,100,0.4952913888888889,0.0005191743177419994,0
1004,95729,0,100,0.4947636111111111,0.0005400371537689352,0
1005,95829,0,100,0.4942358333333333,0.0004317293267376954,0
1006,95929,0,100,0.49370805555555564,0.00045757550888083645,0
1007,96029,0,100,0.49318027777777773,0.0005341785118071129,0
1008,96129,0,100,0.49265250000000005,0.0005931591494299937,0
1009,96163,0.694,34,0.49247305555555554,0.0004148571129275404,1
1010,96263,0,100,0.49194527777777775,0.0005100357533228817,0
1011,96363,0,100,0.49141750000000006,0.0005359060096816392,0
1012,96463,0,100,0.49088972222222227,0.00048227682111246395,0
1013,96563,0,100,0.49036194444444436,0.0004247435607976513,0
1014,96663,0,100,0.4898341666666667,0.0005048015623833634,0
1015,96752,0.19899999999999995,89,0.4893644444444444,0.0005246206547893594,1
1016,96852,0,100,0.4888366666666667,0.0004690040985587984,0
1017,96952,0,100,0.4883088888888889,0.0005445913360381383,0
1018,97052,0,100,0.4877811111111111,0.000560198391576705,0
1019,97152,0,100,0.4872533333333334,0.0004659600696322741,0
1020,97252,0,100,0.4867255555555555,0.0004884257879893994,0
1021,97329,0.30699999999999994,77,0.48631916666666675,0.0004578258099704195,1
1022,97429,0,100,0.48579138888888884,0.0005278340096629108,0
1023,97529,0,100,0.48526361111111116,0.0005425266228121472,0
1024,97563,0.694,34,0.48508416666666665,0.0005525708497503621,1
1025,97663,0,100,0.48455638888888886,0.0005567228529616841,0
1026,97763,0,100,0.4840286111111112,0.0005539518693694845,0
1027,97863,0,100,0.4835008333333334,0.000531453127914574,0
1028,97963,0,100,0.4829730555555556,0.0004895354496329674,0
1029,97977,0.874,14,0.48289916666666666,0.0008366328443766438,1
1030,98077,0,100,0.482371388888889,0.0005326294987389701,0
1031,98082,0.955,5,0.482345,0.00043346828606445343,1
1032,98182,0,100,0.48181722222222223,0.0005087632299182588,0
1033,98190,0.9279999999999999,8,0.48177500000000006,0.0003786310062423581,1
1034,98290,0,100,0.48124722222222227,0.000452857631862571,0
1035,98304,0.874,14,0.48117333333333334,0.0004393351342254651,1
1036,98396,0.17199999999999993,92,0.4806877777777777,0.0004906922593996253,1
1037,98496,0,100,0.48016000000000003,0.0005438565270014805,0
1038,98596,0,100,0.47963222222222224,0.00047578290221281347,0
1039,98696,0,100,0.47910444444444444,0.0005065087187540485,0
1040,98796,0,100,0.47857666666666676,0.0005860384935658658,0
1041,98896,0,100,0.47804888888888886,0.0004499573481734842,0
1042,98996,0,100,0.4775211111111112,0.0005636593495728448,0
1043,99096,0,100,0.4769933333333334,0.000565931896926486,0
1044,99196,0,100,0.4764655555555556,0.00046127622917992996,0
1045,99272,0.31599999999999995,76,0.4760644444444445,0.0006031715547578642,1
1046,99372,0,100,0.4755366666666666,0.0005064310153102269,0
1047,99472,0,100,0.4750088888888889,0.0005276613396199537,0
1048,99572,0,100,0.47448111111111113,0.000540277079489897,0
1049,99638,0.4059999999999999,66,0.47413277777777785,0.0005987408190831599,1
1050,99738,0,100,0.47360499999999994,0.0004713513075330411,0
1051,99838,0,100,0.47307722222222226,0.0005499672188670956,0
1052,99938,0,100,0.47254944444444447,0.0005481294761193567,0
1053,100038,0,100,0.4720216666666667,0.0004986180549894925,0
1054,100138,0,100,0.4714938888888889,0.0005303537197323748,0
1055,100238,0,100,0.4709661111111111,0.0005117743671871722,0
1056,100338,0,100,0.4704383333333334,0.00047184297422063536,0
1057,100438,0,100,0.4699105555555556,0.0005472729698522016,0
1058,100538,0,100,0.4693827777777778,0.00048889445970417,0
1059,100638,0,100,0.468855,0.0005109476227880805,0
1060,100738,0,100,0.46832722222222223,0.0004709473315961077,0
1061,100838,0,100,0.46779944444444443,0.00044897217558173,0
1062,100938,0,100,0.46727166666666675,0.0004531931936071487,0
1063,101038,0,100,0.46674388888888896,0.0004905539540050086,0
1064,101138,0,100,0.46621611111111105,0.0005152403902320657,0
1065,101238,0,100,0.46568833333333337,0.00047621028679714075,0
1066,101285,0.577,47,0.46544027777777774,0.0005784264733634661,1
1067,101385,0,100,0.46491249999999995,0.0005297427830737434,0
1068,101485,0,100,0.46438472222222227,0.0004421680358791491,0
1069,101585,0,100,0.4638569444444445,0.0005082115580080426,0
1070,101685,0,100,0.4633291666666667,0.0005115278069206397,0
1071,101785,0,100,0.4628013888888889,0.0004538488883554237,0
1072,101885,0,100,0.4622736111111111,0.0005063782007346162,0
1073,101985,0,100,0.4617458333333334,0.0005186277435495867,0
1074,102085,0,100,0.4612180555555556,0.0005342494478827576,0
1075,102185,0,100,0.4606902777777778,0.0006315592783357715,0
1076,102285,0,100,0.46016250000000003,0.0005002416452407488,0
1077,102385,0,100,0.45963472222222224,0.0005165590836259071,0
1078,102485,0,100,0.45910694444444444,0.0005592966711265035,0
1079,102585,0,100,0.45857916666666676,0.0006116204496356658,0
1080,102685,0,100,0.45805138888888886,0.0005617051685112528,0
1081,102785,0,100,0.45752361111111106,0.0005636267516820226,0
1082,102817,0.712,32,0.4573547222222223,0.0005811716146126855,1
1083,102917,0,100,0.4568269444444444,0.0006379682208353188,0
1084,103017,0,100,0.4562991666666667,0.0005412090644313139,0
1085,103117,0,100,0.4557713888888889,0.000517276636310271,0
1086,103217,0,100,0.4552436111111111,0.000514473093644483,0
1087,103317,0,100,0.45471583333333343,0.0006211884844378801,0
1088,103417,0,100,0.4541880555555555,0.0005946354190746205,0
1089,103517,0,100,0.45366027777777773,0.0005656091366836335,0
1090,103617,0,100,0.45313250000000005,0.0005347245230950648,0
1091,103717,0,100,0.45260472222222226,0.0005964704634970985,0
1092,103817,0,100,0.4520769444444446,0.0004951476307905977,0
1093,103917,0,100,0.45154916666666667,0.0005221869882007013,0
1094,104017,0,100,0.4510213888888889,0.0005887209413776872,0
1095,104117,0,100,0.4504936111111112,0.0005206583960534771,0
1096,104217,0,100,0.4499658333333334,0.0005199187944526784,0
1097,104317,0,100,0.4494380555555555,0.0004841141167707974,0
1098,104417,0,100,0.4489102777777778,0.0005381292157471762,0
1099,104517,0,100,0.4483825,0.0005584890722093405,0
1100,104617,0,100,0.4478547222222222,0.0005472433172690216,0
1101,104717,0,100,0.44732694444444454,0.0005799693926019244,0
1102,104817,0,100,0.44679916666666664,0.0005573453863325995,0
1103,104917,0,100,0.44627138888888895,0.0005810531321185408,0
1104,104952,0.685,35,0.44608666666666674,0.0005827530767419375,1
1105,105052,0,100,0.44555888888888884,0.0005541624050965766,0
1106,105152,0,100,0.44503111111111116,0.0005739212067055633,0
1107,105252,0,100,0.44450333333333336,0.0005777112381474581,0
1108,105352,0,100,0.44397555555555557,0.0006005633256063448,0
1109,105452,0,100,0.4434477777777779,0.0005852925426643196,0
1110,105552,0,100,0.44292,0.000529436903016176,0
1111,105652,0,100,0.4423922222222222,0.0006640280580177205,0
1112,105752,0,100,0.4418644444444445,0.0004692253102984978,0
1113,105852,0,100,0.4413366666666667,0.0005625401880388381,0
1114,105952,0,100,0.4408088888888889,0.000529982669686433,0
1115,106052,0,100,0.4402811111111111,0.000603406206028012,0
1116,106152,0,100,0.43975333333333333,0.0005563448381144553,0
1117,106252,0,100,0.43922555555555565,0.0005248469581420067,0
1118,106329,0.30699999999999994,77,0.43881916666666665,0.0006073675209666941,1
1119,106409,0.2799999999999999,80,0.43839694444444444,0.0005380777830396255,1
1120,106509,0,100,0.43786916666666664,0.0004953592874517199,0
1121,106609,0,100,0.43734138888888896,0.0005252735765679973,0
1122,106709,0,100,0.43681361111111117,0.0004789712274214253,0
1123,106809,0,100,0.4362858333333334,0.0005113118125882466,0
1124,106909,0,100,0.4357580555555556,0.0005809591436991468,0
1125,107009,0,100,0.4352302777777778,0.0004951709049055352,0
1126,107109,0,100,0.4347025000000001,0.000600257237056212,0
1127,107209,0,100,0.4341747222222222,0.0006942587090452434,0
1128,107309,0,100,0.4336469444444444,0.0005178609138965839,0
1129,107409,0,100,0.4331191666666667,0.0006489297904045088,0
1130,107509,0,100,0.43259138888888893,0.0006240249402617337,0
1131,107609,0,100,0.43206361111111113,0.0005661797185894102,0
1132,107709,0,100,0.43153583333333334,0.0006229852741671493,0
1133,107809,0,100,0.43100805555555555,0.000552481334816548,0
1134,107909,0,100,0.43048027777777775,0.000629032864671899,0
1135,108009,0,100,0.42995250000000007,0.0006398837576853111,0
1136,108109,0,100,0.4294247222222223,0.0005727107087295735,0
1137,108209,0,100,0.4288969444444445,0.0005630355101311579,0
1138,108309,0,100,0.4283691666666667,0.0006127047086556558,0
1139,108409,0,100,0.4278413888888889,0.0005422412553161848,0
1140,108509,0,100,0.4273136111111112,0.0004312800785919535,0
1141,108609,0,100,0.4267858333333333,0.0005951142758567584,0
1142,108616,0.9369999999999999,7,0.42674888888888896,0.0006464931918474447,1
1143,108716,0,100,0.42622111111111116,0.0005438342963043397,0
1144,108816,0,100,0.42569333333333337,0.0005083190481673228,0
1145,108916,0,100,0.4251655555555556,0.0005752162101271096,0
1146,109016,0,100,0.4246377777777778,0.0007044442240839999,0
1147,109116,0,100,0.4241100000000001,0.0006108093908551382,0
1148,109216,0,100,0.4235822222222222,0.0006728626638869173,0
1149,109316,0,100,0.4230544444444444,0.0005313099994600634,0
1150,109416,0,100,0.4225266666666667,0.0005032550931355217,0
1151,109516,0,100,0.4219988888888889,0.0005892892155316076,0
1152,109616,0,100,0.42147111111111113,0.0006500460841198219,0
1153,109716,0,100,0.42094333333333334,0.0005103811102526379,0
1154,109737,0.8109999999999999,21,0.42083250000000005,0.0005857751301456508,1
1155,109837,0,100,0.42030472222222226,0.0005283703765599057,0
1156,109937,0,100,0.41977694444444447,0.0006184973142444505,0
1157,110037,0,100,0.4192491666666668,0.0006412977754007442,0
1158,110137,0,100,0.4187213888888889,0.0006010475132643478,0
1159,110156,0.829,19,0.4186211111111112,0.0003493201212749179,1
1160,110256,0,100,0.4180933333333333,0.0005113624332443578,0
1161,110356,0,100,0.4175655555555555,0.0006135139816615265,0
1162,110456,0,100,0.41703777777777784,0.0005898062008054694,0
1163,110556,0,100,0.41651000000000005,0.0005217193291900912,0
1164,110656,0,100,0.41598222222222214,0.0005320659763674484,0
1165,110756,0,100,0.41545444444444446,0.0005276363027587649,0
1166,110856,0,100,0.41492666666666667,0.0005854481610367657,0
1167,110956,0,100,0.414398888888889,0.0006013118772534654,0
1168,111056,0,100,0.4138711111111112,0.0005668838254496222,0
1169,111156,0,100,0.4133433333333333,0.0005911334345000796,0
1170,111256,0,100,0.4128155555555556,0.0006470237606117735,0
1171,111356,0,100,0.4122877777777778,0.0006211808749503689,0
1172,111456,0,100,0.41176,0.000728200303929043,0
1173,111556,0,100,0.41123222222222233,0.0005320007742193411,0
1174,111656,0,100,0.4107044444444444,0.0005887619492568775,0
1175,111756,0,100,0.41017666666666663,0.0005674507238654769,0
1176,111856,0,100,0.40964888888888895,0.000612933511765732,0
1177,111956,0,100,0.40912111111111116,0.0006609542208752827,0
1178,112056,0,100,0.40859333333333336,0.0006765025003551273,0
1179,112077,0.8109999999999999,21,0.40848249999999997,0.0006204875410600964,1
1180,112148,0.361,71,0.40810777777777785,0.0005387092989084022,1
1181,112248,0,100,0.40757999999999994,0.0005507673356623854,0
1182,112348,0,100,0.40705222222222226,0.0005442516547554988,0
1183,112448,0,100,0.40652444444444447,0.0005302547122846591,0
1184,112548,0,100,0.4059966666666667,0.0006486676781059941,0
1185,112632,0.244,84,0.4055533333333333,0.0005336347048363504,1
1186,112711,0.2889999999999999,79,0.4051363888888889,0.0006103340901627464,1
1187,112811,0,100,0.4046086111111111,0.0007315079261752544,0
1188,112911,0,100,0.40408083333333344,0.0005524476399659761,0
1189,113011,0,100,0.40355305555555565,0.0006104839719773736,0
1190,113111,0,100,0.40302527777777775,0.0006129486033205467,0
1191,113211,0,100,0.40249750000000006,0.0006412505132175284,0
1192,113311,0,100,0.40196972222222227,0.0005281996018311474,0
1193,113411,0,100,0.4014419444444445,0.0005949786441487958,0
1194,113496,0.235,85,0.4009933333333334,0.0006021565268918708,1
1195,113596,0,100,0.4004655555555555,0.0005198841206583893,0
1196,113696,0,100,0.39993777777777784,0.0006625236452237005,0
1197,113796,0,100,0.39941000000000004,0.0005602738889865577,0
1198,113896,0,100,0.39888222222222225,0.0006170471043878933,0
1199,113996,0,100,0.39835444444444446,0.0004667162406258285,0
1200,114096,0,100,0.39782666666666666,0.0005661447048623813,0
1201,114196,0,100,0.39729888888888887,0.0006480755007214612,0
1202,114296,0,100,0.3967711111111112,0.0005641981686858344,0
1203,114396,0,100,0.3962433333333334,0.0005560107042401796,0
1204,114496,0,100,0.3957155555555556,0.000644487986137392,0
1205,114596,0,100,0.3951877777777778,0.0005835223349276931,0
1206,114696,0,100,0.39466,0.0006700378861205536,0
1207,114796,0,100,0.39413222222222233,0.0005643341652466915,0
1208,114896,0,100,0.3936044444444444,0.0005437384207107243,0
1209,114996,0,100,0.39307666666666663,0.0005074033416167368,0
1210,115071,0.32499999999999996,75,0.39268083333333337,0.0006722627933292339,1
1211,115171,0,100,0.3921530555555556,0.0005820214312552707,0
1212,115271,0,100,0.3916252777777778,0.0005341856946506595,0
1213,115371,0,100,0.3910975,0.0005639598314155592,0
1214,115471,0,100,0.3905697222222223,0.000551757792927674,0
1215,115571,0,100,0.3900419444444445,0.0005525853045401163,0
1216,115618,0.577,47,0.3897938888888889,0.0004592541559720709,1
1217,115718,0,100,0.3892661111111112,0.0004968532259954372,0
1218,115818,0,100,0.3887383333333334,0.0005709171851776773,0
1219,115918,0,100,0.3882105555555555,0.0005611670518555911,0
1220,116018,0,100,0.3876827777777778,0.0005467620932904538,0
1221,116118,0,100,0.387155,0.0006527916801860556,0
1222,116218,0,100,0.38662722222222223,0.0005339042591367615,0
1223,116318,0,100,0.38609944444444455,0.0005538642964529572,0
1224,116418,0,100,0.38557166666666665,0.0005426097261806717,0
1225,116518,0,100,0.38504388888888885,0.0006002796846951242,0
1226,116588,0.37,70,0.38467444444444443,0.00043323608655815147,1
1227,116688,0,100,0.38414666666666675,0.0005942843318189261,0
1228,116788,0,100,0.38361888888888895,0.0005909596043420606,0
1229,116888,0,100,0.38309111111111105,0.0006265997928130673,0
1230,116988,0,100,0.38256333333333337,0.0005978386044080253,0
1231,117088,0,100,0.3820355555555556,0.0006034339546749834,0
1232,117188,0,100,0.3815077777777778,0.0006610941546023241,0
1233,117288,0,100,0.3809800000000001,0.0005773036413302179,0
1234,117388,0,100,0.3804522222222222,0.0006180664134444669,0
1235,117488,0,100,0.3799244444444445,0.0007407050005713245,0
1236,117588,0,100,0.3793966666666667,0.0005872085557348328,0
1237,117682,0.15400000000000003,94,0.3789005555555556,0.0005278298372007718,1
1238,117703,0.8109999999999999,21,0.3787897222222223,0.0006112455756963408,1
1239,117803,0,100,0.3782619444444444,0.0005724175174691481,0
1240,117903,0,100,0.3777341666666667,0.000508430735244474,0
1241,118003,0,100,0.3772063888888889,0.0005822164042547229,0
1242,118103,0,100,0.3766786111111111,0.000555210789279954,0
1243,118203,0,100,0.37615083333333343,0.0004992893835878931,0
1244,118303,0,100,0.37562305555555553,0.000501082985283574,0
1245,118390,0.21699999999999997,87,0.37516388888888896,0.0005568680762839852,1
1246,118490,0,100,0.37463611111111117,0.000567801611541654,0
1247,118590,0,100,0.37410833333333327,0.000546710744529264,0
1248,118690,0,100,0.3735805555555556,0.0005763565832239692,0
1249,118790,0,100,0.3730527777777778,0.000617634922855359,0
1250,118890,0,100,0.3725250000000001,0.0005357815603201743,0
1251,118990,0,100,0.3719972222222223,0.000574937541532563,0
1252,119090,0,100,0.3714694444444444,0.0005611682519884198,0
1253,119190,0,100,0.3709416666666667,0.000562427976692561,0
1254,119290,0,100,0.37041388888888893,0.0006393245465005748,0
1255,119390,0,100,0.36988611111111114,0.0005068331878646859,0
1256,119490,0,100,0.36935833333333334,0.0005047891062713461,0
1257,119590,0,100,0.36883055555555555,0.000510062914545415,0
1258,119690,0,100,0.36830277777777776,0.0006138242545421235,0
1259,119790,0,100,0.3677750000000001,0.0006213589517574292,0
1260,119890,0,100,0.3672472222222223,0.0006475863746891264,0
1261,119990,0,100,0.3667194444444445,0.000524313759906363,0
1262,120090,0,100,0.3661916666666667,0.0005811179388547316,0
1263,120190,0,100,0.3656638888888889,0.0006285424606539891,0
1264,120290,0,100,0.3651361111111112,0.0005355829593463569,0
1265,120390,0,100,0.3646083333333334,0.0005793693869782146,0
1266,120490,0,100,0.3640805555555555,0.000600321711608558,0
1267,120590,0,100,0.36355277777777784,0.0005887022671231534,0
1268,120690,0,100,0.36302500000000004,0.0005076358428595995,0
1269,120790,0,100,0.36249722222222225,0.0006123222375754267,0
1270,120890,0,100,0.36196944444444445,0.0005602422161973664,0
1271,120938,0.5680000000000001,48,0.3617161111111111,0.0005606336918996627,1
1272,121038,0,100,0.36118833333333333,0.0005375430428466643,0
1273,121138,0,100,0.36066055555555565,0.0005427610573678975,0
1274,121238,0,100,0.36013277777777786,0.0005335525508780848,0
1275,121338,0,100,0.35960499999999995,0.0005755772828706541,0
1276,121419,0.2709999999999999,81,0.35917750000000004,0.0006250580894023491,1
1277,121519,0,100,0.35864972222222224,0.0005132211080854177,0
1278,121619,0,100,0.35812194444444445,0.0006476533352542901,0
1279,121719,0,100,0.35759416666666666,0.0005854013135103742,0
1280,121819,0,100,0.357066388888889,0.0005954478910643957,0
1281,121919,0,100,0.3565386111111112,0.00048817699214851015,0
1282,122019,0,100,0.3560108333333334,0.000593791912906454,0
1283,122119,0,100,0.3554830555555556,0.0005639935567887732,0
1284,122219,0,100,0.3549552777777778,0.0005886924758306123,0
1285,122319,0,100,0.3544275,0.000498087022715481,0
1286,122419,0,100,0.3538997222222223,0.000577458327061322,0
1287,122519,0,100,0.3533719444444444,0.0005934321963650291,0
1288,122619,0,100,0.3528441666666666,0.0005437748799158726,0
1289,122719,0,100,0.35231638888888894,0.0004903012964859954,0
1290,122819,0,100,0.35178861111111115,0.0005708742995921057,0
1291,122919,0,100,0.35126083333333336,0.0005956359711126424,0
1292,123019,0,100,0.35073305555555556,0.0006511939145275392,0
1293,123119,0,100,0.35020527777777777,0.0005603899886409636,0
1294,123219,0,100,0.3496775000000001,0.0006023623194778338,0
1295,123316,0.127,97,0.3491655555555556,0.0005245357994128201,1
1296,123416,0,100,0.3486377777777778,0.0006525560349109582,0
1297,123516,0,100,0.34811000000000003,0.0006152843235031469,0
1298,123616,0,100,0.34758222222222224,0.0004976641663961345,0
1299,123716,0,100,0.34705444444444444,0.0005021252840742819,0
1300,123816,0,100,0.34652666666666676,0.0005286651376445661,0
1301,123916,0,100,0.34599888888888886,0.0005432260881207185,0
1302,124016,0,100,0.3454711111111112,0.0005066633220485528,0
1303,124116,0,100,0.3449433333333334,0.0005353063119400758,0
1304,124216,0,100,0.3444155555555556,0.0005241923556604888,0
1305,124316,0,100,0.3438877777777779,0.0005657483779941685,0
1306,124416,0,100,0.34336,0.000623035502503626,0
1307,124516,0,100,0.3428322222222222,0.000515090625412995,0
1308,124616,0,100,0.3423044444444445,0.0006090806774591329,0
1309,124716,0,100,0.34177666666666673,0.0005079380156530533,0
1310,124816,0,100,0.3412488888888888,0.0006754051502502989,0
1311,124916,0,100,0.34072111111111114,0.0005356606785426266,0
1312,125016,0,100,0.34019333333333335,0.0005273328212206252,0
1313,125116,0,100,0.33966555555555555,0.000484881774027599,0
1314,125216,0,100,0.33913777777777787,0.000599048285803292,0
1315,125316,0,100,0.33860999999999997,0.0006110170790270785,0
1316,125416,0,100,0.3380822222222223,0.0006352675683956477,0
1317,125516,0,100,0.3375544444444445,0.0005818022924358957,0
1318,125616,0,100,0.3370266666666667,0.0005890196746622678,0
1319,125716,0,100,0.3364988888888889,0.0005682311817872687,0
1320,125797,0.2709999999999999,81,0.3360713888888889,0.000504035196273536,1
1321,125897,0,100,0.3355436111111112,0.000590536462404998,0
1322,125997,0,100,0.3350158333333334,0.0004904182153040893,0
1323,126097,0,100,0.3344880555555555,0.0006177070213743718,0
1324,126197,0,100,0.3339602777777778,0.0006164945590353455,0
1325,126297,0,100,0.3334325,0.0004796411150528002,0
1326,126397,0,100,0.3329047222222222,0.0005033718773483997,0
1327,126497,0,100,0.33237694444444454,0.0005061873428348917,0
1328,126597,0,100,0.33184916666666664,0.0005530025057669263,0
1329,126697,0,100,0.33132138888888896,0.0005576422761805588,0
1330,126797,0,100,0.33079361111111116,0.0006261199264554307,0
1331,126897,0,100,0.33026583333333337,0.000495111333384557,0
1332,126997,0,100,0.3297380555555556,0.0005501414809987182,0
1333,127097,0,100,0.3292102777777778,0.0006155535665311617,0
1334,127197,0,100,0.3286825,0.0005947553432633868,0
1335,127297,0,100,0.3281547222222223,0.0005691039284647559,0
1336,127397,0,100,0.3276269444444445,0.0005540659843245522,0
1337,127497,0,100,0.3270991666666666,0.000639994440425653,0
1338,127597,0,100,0.3265713888888889,0.0004803152142267209,0
1339,127697,0,100,0.32604361111111113,0.0006126803130246117,0
1340,127797,0,100,0.32551583333333345,0.0005396662890052539,0
1341,127897,0,100,0.32498805555555554,0.0006524142426133039,0
1342,127997,0,100,0.32446027777777775,0.0006262186046660645,0
1343,128097,0,100,0.32393250000000007,0.0006031454895128264,0
1344,128197,0,100,0.3234047222222223,0.0005926019133767113,0
1345,128297,0,100,0.3228769444444445,0.0005256720384204527,0
1346,128397,0,100,0.3223491666666667,0.0006392679279088043,0
1347,128497,0,100,0.3218213888888889,0.0005906186032370897,0
1348,128597,0,100,0.3212936111111111,0.0005724114986514905,0
1349,128697,0,100,0.3207658333333334,0.00047782650726730936,0
1350,128711,0.874,14,0.3206919444444445,0.0005888749609377035,1
1351,128811,0,100,0.3201641666666667,0.0006026564491912723,0
1352,128911,0,100,0.3196363888888889,0.0005842725853290176,0
1353,129011,0,100,0.3191086111111112,0.0006142664430808509,0
1354,129111,0,100,0.3185808333333333,0.0006345819366106298,0
1355,129211,0,100,0.3180530555555555,0.0005980859259580029,0
1356,129311,0,100,0.31752527777777784,0.0006418042794757639,0
1357,129411,0,100,0.31699750000000004,0.0005814038917378639,0
1358,129511,0,100,0.31646972222222225,0.0006655823654000415,0
1359,129611,0,100,0.31594194444444446,0.0006552446084970143,0
1360,129612,0.991,1,0.31593666666666675,0.0013355613918974996,1
1361,129712,0,100,0.31540888888888885,0.0005236176932157833,0
1362,129812,0,100,0.31488111111111117,0.0005774284322978929,0
1363,129912,0,100,0.3143533333333334,0.0005451965548127192,0
1364,130012,0,100,0.3138255555555556,0.0007139486592495814,0
1365,130112,0,100,0.3132977777777779,0.0006136879794030392,0
1366,130212,0,100,0.31277,0.0005613354809611337,0
1367,130312,0,100,0.3122422222222222,0.00060735411796486,0
1368,130412,0,100,0.3117144444444445,0.0005688470022141701,0
1369,130512,0,100,0.3111866666666667,0.0005173869401551201,0
1370,130612,0,100,0.31065888888888893,0.0005632991722086444,0
1371,130712,0,100,0.31013111111111114,0.000606644457366201,0
1372,130812,0,100,0.30960333333333334,0.0006802783501916565,0
1373,130912,0,100,0.30907555555555555,0.00046266934634331847,0
1374,131012,0,100,0.30854777777777787,0.0005711790953500895,0
1375,131112,0,100,0.30801999999999996,0.0007323214915959397,0
1376,131212,0,100,0.3074922222222223,0.0005837807721400167,0
1377,131312,0,100,0.3069644444444445,0.0006131417092547053,0
1378,131412,0,100,0.3064366666666667,0.000771412347057776,0
1379,131512,0,100,0.305908888888889,0.0005559934286793577,0
1380,131612,0,100,0.3053811111111111,0.0005424392304485082,0
1381,131712,0,100,0.3048533333333333,0.0005715890258579748,0
1382,131812,0,100,0.3043255555555556,0.0005986310093430802,0
1383,131912,0,100,0.30379777777777783,0.000640894204043434,0
1384,132012,0,100,0.30326999999999993,0.0005040407637716271,0
1385,132112,0,100,0.30274222222222225,0.00065318462248797,0
1386,132179,0.3969999999999999,67,0.30238861111111115,0.0006333824161113476,1
1387,132279,0,100,0.30186083333333336,0.0006888581393286586,0
1388,132379,0,100,0.30133305555555556,0.0006041625537909568,0
1389,132479,0,100,0.3008052777777779,0.0005879206225654343,0
1390,132579,0,100,0.3002775,0.0005782711052597733,0
1391,132679,0,100,0.2997497222222223,0.0005924255255013122,0
1392,132779,0,100,0.2992219444444445,0.0004870868766010972,0
1393,132879,0,100,0.2986941666666667,0.0005979508606469608,0
1394,132979,0,100,0.2981663888888889,0.0005829455352068181,0
1395,133079,0,100,0.2976386111111111,0.0005926065486346487,0
1396,133179,0,100,0.2971108333333333,0.0006282524736889172,0
1397,133279,0,100,0.29658305555555564,0.0007081655857473379,0
1398,133379,0,100,0.29605527777777785,0.0005938398356011021,0
1399,133479,0,100,0.29552749999999994,0.0005992983015312347,0
1400,133579,0,100,0.29499972222222226,0.00046900642704713393,0
1401,133679,0,100,0.29447194444444447,0.0006132023183454294,0
1402,133779,0,100,0.2939441666666667,0.0006071104467991973,0
1403,133879,0,100,0.293416388888889,0.0006200557979900623,0
1404,133979,0,100,0.2928886111111111,0.0005993219458105159,0
1405,134079,0,100,0.2923608333333334,0.0006524395425367402,0
1406,134179,0,100,0.2918330555555556,0.0005531605996657163,0
1407,134279,0,100,0.2913052777777778,0.0005617824737419141,0
1408,134379,0,100,0.2907775,0.0006479942055011633,0
1409,134479,0,100,0.29024972222222223,0.0005725482867273968,0
1410,134579,0,100,0.28972194444444443,0.0005434926559973974,0
1411,134679,0,100,0.28919416666666675,0.0005908915160398465,0
1412,134779,0,100,0.28866638888888896,0.0006250781355811342,0
1413,134879,0,100,0.28813861111111105,0.0004942062054033158,0
1414,134979,0,100,0.28761083333333337,0.00064444789524714,0
1415,135079,0,100,0.2870830555555556,0.0006291886262624757,0
1416,135179,0,100,0.2865552777777779,0.000589210464459029,0
1417,135279,0,100,0.2860275,0.0005881684825362754,0
1418,135379,0,100,0.2854997222222222,0.0006856914129457437,0
1419,135479,0,100,0.2849719444444445,0.0005511939384814468,0
1420,135579,0,100,0.2844441666666667,0.0005460221418979927,0
1421,135679,0,100,0.2839163888888889,0.0005021231024875306,0
1422,135779,0,100,0.28338861111111113,0.0006417490118474234,0
1423,135879,0,100,0.28286083333333334,0.0005871670128544793,0
1424,135979,0,100,0.28233305555555555,0.0006060183343470271,0
1425,136079,0,100,0.28180527777777786,0.0005118583040166413,0
1426,136179,0,100,0.28127750000000007,0.0006927530682150973,0
1427,136279,0,100,0.2807497222222223,0.0005842608049351838,0
1428,136379,0,100,0.2802219444444445,0.0005285392163568758,0
1429,136479,0,100,0.2796941666666667,0.0005957347943331115,0
1430,136579,0,100,0.279166388888889,0.0006613857543561608,0
1431,136679,0,100,0.2786386111111111,0.0006592621600793791,0
1432,136779,0,100,0.2781108333333333,0.0005320134848443559,0
1433,136879,0,100,0.2775830555555556,0.000644764874050452,0
1434,136979,0,100,0.27705527777777783,0.0006517297108803177,0
1435,137079,0,100,0.27652750000000004,0.0005497727124748053,0
1436,137179,0,100,0.27599972222222224,0.0006030684475990711,0
1437,137279,0,100,0.27547194444444445,0.0006809217793488642,0
1438,137379,0,100,0.27494416666666677,0.0006127294916950631,0
1439,137479,0,100,0.274416388888889,0.000562066780985333,0
1440,137579,0,100,0.27388861111111107,0.0005554784995183582,0
1441,137679,0,100,0.2733608333333334,0.0005392998618117417,0
1442,137779,0,100,0.2728330555555556,0.0006061777869035723,0
1443,137879,0,100,0.2723052777777778,0.0005632476948449038,0
1444,137979,0,100,0.2717775000000001,0.0005657728984442656,0
1445,138079,0,100,0.2712497222222222,0.0006623746763943927,0
1446,138179,0,100,0.2707219444444444,0.00070235862476693,0
1447,138279,0,100,0.27019416666666674,0.0005927577027250664,0
1448,138379,0,100,0.26966638888888894,0.00047793916273803917,0
1449,138479,0,100,0.26913861111111115,0.0005429989093681798,0
1450,138579,0,100,0.26861083333333335,0.0005210905633066432,0
1451,138679,0,100,0.26808305555555556,0.0006693965962040238,0
1452,138779,0,100,0.2675552777777779,0.0005906761484220624,0
1453,138879,0,100,0.2670275000000001,0.0005757812987576471,0
1454,138979,0,100,0.2664997222222222,0.0006094008233776549,0
1455,139079,0,100,0.2659719444444445,0.0006066292438481469,0
1456,139179,0,100,0.2654441666666667,0.0005687759022112005,0
1457,139279,0,100,0.2649163888888889,0.0006327918162423884,0
1458,139379,0,100,0.2643886111111112,0.0007080479836440645,0
1459,139479,0,100,0.2638608333333333,0.0006904222110460978,0
1460,139579,0,100,0.26333305555555553,0.0005778723336698022,0
1461,139675,0.136,96,0.262826388888889,0.0005351408938925791,1
1462,139775,0,100,0.2622986111111111,0.0005266310788647388,0
1463,139875,0,100,0.2617708333333334,0.0005833171147605754,0
1464,139975,0,100,0.2612430555555556,0.000576417794873123,0
1465,140075,0,100,0.2607152777777778,0.0005932238620880526,0
1466,140175,0,100,0.2601875,0.0006974753227405018,0
1467,140275,0,100,0.2596597222222222,0.0006374928831428406,0
1468,140375,0,100,0.25913194444444443,0.0006434352634823881,0
1469,140475,0,100,0.25860416666666675,0.0005956199737920542,0
1470,140575,0,100,0.25807638888888895,0.0004832450740286731,0
1471,140675,0,100,0.25754861111111116,0.0006436012157791992,0
1472,140775,0,100,0.25702083333333337,0.0005736598402290838,0
1473,140875,0,100,0.25649305555555557,0.0006098489600844914,0
1474,140975,0,100,0.2559652777777779,0.0006788815513573354,0
1475,141075,0,100,0.2554375000000001,0.0006441357177391182,0
1476,141175,0,100,0.2549097222222222,0.0006628288651700132,0
1477,141275,0,100,0.2543819444444445,0.0005854986900521908,0
1478,141375,0,100,0.2538541666666667,0.0006775503481185296,0
1479,141475,0,100,0.2533263888888889,0.0006217198759986786,0
1480,141575,0,100,0.2527986111111111,0.0005733351714297896,0
1481,141675,0,100,0.25227083333333333,0.0007338222194084665,0
1482,141761,0.22599999999999998,86,0.25181694444444447,0.0008822110329103537,1
1483,141861,0,100,0.2512891666666667,0.0006162878180111875,0
1484,141961,0,100,0.2507613888888889,0.0006075025959580671,0
1485,142061,0,100,0.2502336111111112,0.0007010841372175491,0
1486,142161,0,100,0.2497058333333334,0.0006184058248618385,0
1487,142261,0,100,0.2491780555555556,0.0006232241226098267,0
1488,142361,0,100,0.24865027777777782,0.0005808681582857389,0
1489,142364,0.973,3,0.2486344444444445,0.0001987132466941451,1
1490,142464,0,100,0.2481066666666667,0.0006202892955116113,0
1491,142564,0,100,0.24757888888888901,0.0005822739654831821,0
1492,142664,0,100,0.2470511111111111,0.0006215219398291083,0
1493,142764,0,100,0.24652333333333332,0.0006134979516718886,0
1494,142864,0,100,0.24599555555555563,0.0006521376025557401,0
1495,142964,0,100,0.24546777777777784,0.0005903570574446349,0
1496,143064,0,100,0.24494000000000005,0.000658358518849127,0
1497,143164,0,100,0.24441222222222225,0.0006244146989411092,0
1498,143264,0,100,0.24388444444444446,0.0005083438911970006,0
1499,143364,0,100,0.24335666666666667,0.0005881331569617032,0
1500,143464,0,100,0.24282888888888898,0.0005787499909638427,0
1501,143476,0.892,12,0.24276555555555568,0.00047934502799762413,1
1502,143576,0,100,0.24223777777777777,0.0005442485770618077,0
1503,143676,0,100,0.24170999999999998,0.0005955345685651991,0
1504,143776,0,100,0.2411822222222223,0.0006215203985630069,0
1505,143876,0,100,0.2406544444444445,0.000703465979458997,0
1506,143976,0,100,0.2401266666666667,0.000671136978562572,0
1507,144076,0,100,0.23959888888888892,0.0006515687880892073,0
1508,144176,0,100,0.23907111111111112,0.0006921434219111689,0
1509,144276,0,100,0.23854333333333333,0.0006190285536285955,0
1510,144376,0,100,0.23801555555555565,0.0006760058532017865,0
1511,144476,0,100,0.23748777777777774,0.0006319945740688126,0
1512,144576,0,100,0.23696000000000006,0.000489307500902214,0
1513,144676,0,100,0.23643222222222227,0.000596219213475706,0
1514,144776,0,100,0.23590444444444447,0.0005922460764122661,0
1515,144876,0,100,0.2353766666666668,0.0005505108359648148,0
1516,144915,0.649,39,0.23517083333333333,0.0005494228997775234,1
1517,145015,0,100,0.23464305555555554,0.0007648227026948006,0
1518,145115,0,100,0.23411527777777785,0.0006145840394310653,0
1519,145215,0,100,0.23358750000000006,0.0006061512441374362,0
1520,145315,0,100,0.23305972222222215,0.0006328468285209964,0
1521,145415,0,100,0.23253194444444447,0.0006003506512206513,0
1522,145515,0,100,0.23200416666666668,0.0006515759309695568,0
1523,145615,0,100,0.231476388888889,0.0005464403746736935,0
1524,145678,0.43299999999999994,63,0.23114388888888893,0.0006671720306806651,1
1525,145778,0,100,0.23061611111111113,0.0005307520595670212,0
1526,145878,0,100,0.23008833333333334,0.0006005853917667992,0
1527,145978,0,100,0.22956055555555566,0.0006018678056716454,0
1528,146078,0,100,0.22903277777777786,0.0006372538490541046,0
1529,146178,0,100,0.22850499999999996,0.0005973492466000607,0
1530,146278,0,100,0.22797722222222228,0.0006605883972224546,0
1531,146378,0,100,0.22744944444444448,0.0006026263651438057,0
1532,146478,0,100,0.2269216666666667,0.000658511309302412,0
1533,146578,0,100,0.226393888888889,0.000596343335637357,0
1534,146678,0,100,0.2258661111111111,0.0006369559020822635,0
1535,146778,0,100,0.2253383333333333,0.0005391270710606477,0
1536,146878,0,100,0.22481055555555562,0.0006687610103472253,0
1537,146978,0,100,0.22428277777777783,0.0005711751896888017,0
1538,147014,0.6759999999999999,36,0.2240927777777778,0.0005824320022737891,1
1539,147114,0,100,0.223565,0.0006186689440073678,0
1540,147214,0,100,0.22303722222222222,0.0006906446539142053,0
1541,147314,0,100,0.22250944444444454,0.0005434777196933283,0
1542,147414,0,100,0.22198166666666674,0.0007696116661827546,0
1543,147514,0,100,0.22145388888888884,0.0005785596173882368,0
1544,147614,0,100,0.22092611111111116,0.0005813581550319214,0
1545,147714,0,100,0.22039833333333336,0.0005424811976263299,0
1546,147814,0,100,0.21987055555555557,0.0006266885347577045,0
1547,147914,0,100,0.21934277777777778,0.0005391637110733427,0
1548,148014,0,100,0.21881499999999998,0.0006033494116854854,0
1549,148100,0.22599999999999998,86,0.21836111111111112,0.000533766596142181,1
1550,148200,0,100,0.21783333333333332,0.0005934648930269759,0
1551,148300,0,100,0.21730555555555564,0.0005790832739148755,0
1552,148400,0,100,0.21677777777777785,0.0005423385275207693,0
1553,148500,0,100,0.21625000000000005,0.0007152931865130086,0
1554,148600,0,100,0.21572222222222226,0.000620105834932474,0
1555,148700,0,100,0.21519444444444447,0.0006082696239900542,0
1556,148800,0,100,0.21466666666666667,0.0006234044540906325,0
1557,148900,0,100,0.214138888888889,0.0006455727831053082,0
1558,149000,0,100,0.2136111111111112,0.0005226540775402099,0
1559,149100,0,100,0.2130833333333333,0.0007031726042623632,0
1560,149200,0,100,0.2125555555555556,0.0005448193883785279,0
1561,149300,0,100,0.21202777777777781,0.0006521101140242536,0
1562,149400,0,100,0.21150000000000002,0.0005372779130266281,0
1563,149500,0,100,0.21097222222222223,0.0006206478787498782,0
1564,149600,0,100,0.21044444444444443,0.0005813278621644713,0
1565,149700,0,100,0.20991666666666675,0.0005431578323623398,0
1566,149800,0,100,0.20938888888888896,0.0005911953668328351,0
1567,149900,0,100,0.20886111111111116,0.0005170293653281988,0
1568,150000,0,100,0.20833333333333337,0.0007003062819421757,0
1569,150058,0.478,58,0.20802722222222225,0.0005644624650123095,1
1570,150158,0,100,0.20749944444444446,0.0005624961143621477,0
1571,150258,0,100,0.20697166666666666,0.0005890286590874894,0
1572,150358,0,100,0.20644388888888898,0.0005796128077417962,0
1573,150458,0,100,0.20591611111111108,0.0007035244978033006,0
1574,150558,0,100,0.2053883333333334,0.0005697138827235903,0
1575,150658,0,100,0.2048605555555556,0.0006045535969315097,0
1576,150758,0,100,0.2043327777777778,0.000696750448551029,0
1577,150858,0,100,0.20380500000000012,0.0006772040125360945,0
1578,150958,0,100,0.20327722222222222,0.0005491246349993162,0
1579,151058,0,100,0.20274944444444443,0.0006662224191677523,0
1580,151158,0,100,0.20222166666666674,0.0006184431294241221,0
1581,151258,0,100,0.20169388888888895,0.000606049197158427,0
1582,151358,0,100,0.20116611111111116,0.0006260808183287736,0
1583,151458,0,100,0.20063833333333336,0.0005493046718038386,0
1584,151558,0,100,0.20011055555555557,0.0006536389097891515,0
1585,151658,0,100,0.19958277777777778,0.0006552307023957837,0
1586,151758,0,100,0.1990550000000001,0.0006121481081936508,0
1587,151858,0,100,0.1985272222222222,0.0005449248928198358,0
1588,151958,0,100,0.1979994444444445,0.0006372271105647087,0
1589,152058,0,100,0.1974716666666667,0.0006493030249112053,0
1590,152138,0.2799999999999999,80,0.1970494444444445,0.0005677442134583543,1
1591,152238,0,100,0.1965216666666667,0.000665386284381384,0
1592,152338,0,100,0.1959938888888889,0.0006174453088169684,0
1593,152438,0,100,0.19546611111111123,0.0006554380144370952,0
1594,152538,0,100,0.19493833333333332,0.000586824515266926,0
1595,152638,0,100,0.19441055555555553,0.0005969632983760675,0
1596,152738,0,100,0.19388277777777785,0.0006318849374656565,0
1597,152838,0,100,0.19335500000000005,0.0006050646177027375,0
1598,152938,0,100,0.19282722222222226,0.0005961026246950496,0
1599,153038,0,100,0.19229944444444447,0.0006067068483389448,0
1600,153138,0,100,0.19177166666666667,0.0006064119259463041,0
1601,153238,0,100,0.191243888888889,0.00047399392740771874,0
1602,153338,0,100,0.1907161111111112,0.0006627043081971351,0
1603,153438,0,100,0.1901883333333333,0.0006389006881727255,0
1604,153538,0,100,0.1896605555555556,0.000592972958475002,0
1605,153638,0,100,0.18913277777777782,0.0006369045125393314,0
1606,153738,0,100,0.18860500000000002,0.0005922463721071835,0
1607,153838,0,100,0.18807722222222234,0.0006762654775957344,0
1608,153938,0,100,0.18754944444444444,0.0005586398762898171,0
1609,154038,0,100,0.18702166666666664,0.0005316013835545163,0
1610,154138,0,100,0.18649388888888896,0.0005751842732934165,0
1611,154238,0,100,0.18596611111111117,0.0006610243267641635,0
1612,154338,0,100,0.18543833333333337,0.0005542752332985401,0
1613,154438,0,100,0.18491055555555558,0.0005879008689589682,0
1614,154538,0,100,0.18438277777777778,0.000589019127364736,0
1615,154638,0,100,0.1838550000000001,0.0005250981390054221,0
1616,154738,0,100,0.1833272222222223,0.0006036844324626145,0
1617,154838,0,100,0.1827994444444444,0.000530569267066312,0
1618,154938,0,100,0.18227166666666672,0.0005988597417672281,0
1619,155038,0,100,0.18174388888888893,0.000702144121096353,0
1620,155114,0.31599999999999995,76,0.18134277777777785,0.0006741978818593596,1
1621,155214,0,100,0.18081500000000006,0.0005803472026673262,0
1622,155314,0,100,0.18028722222222227,0.0005744832342315931,0
1623,155414,0,100,0.17975944444444447,0.0005370286698780547,0
1624,155514,0,100,0.17923166666666668,0.0005942441667139064,0
1625,155614,0,100,0.178703888888889,0.0005379934977645462,0
1626,155714,0,100,0.1781761111111112,0.0005670614928385475,0
1627,155814,0,100,0.1776483333333333,0.0006419387761707185,0
1628,155914,0,100,0.17712055555555561,0.0005572611236857484,0
1629,156014,0,100,0.17659277777777782,0.0005442108586794348,0
1630,156114,0,100,0.17606500000000003,0.0004753616547532147,0
1631,156214,0,100,0.17553722222222223,0.0005047246432150132,0
1632,156314,0,100,0.17500944444444444,0.0005593251586833503,0
1633,156414,0,100,0.17448166666666676,0.000611047484089795,0
1634,156514,0,100,0.17395388888888896,0.0005129106391905224,0
1635,156614,0,100,0.17342611111111117,0.0006197868779781857,0
1636,156714,0,100,0.17289833333333338,0.000595820081216516,0
1637,156814,0,100,0.17237055555555558,0.0005622810736531391,0
1638,156914,0,100,0.1718427777777778,0.000568980258249212,0
1639,157014,0,100,0.1713150000000001,0.0006238137621403439,0
1640,157114,0,100,0.1707872222222222,0.0005647108615085016,0
1641,157214,0,100,0.1702594444444444,0.0005933235668635461,0
1642,157314,0,100,0.16973166666666673,0.0006445987867482472,0
1643,157414,0,100,0.16920388888888893,0.0005362663592677564,0
1644,157514,0,100,0.16867611111111125,0.0006273598504049005,0
1645,157614,0,100,0.16814833333333334,0.0005662241570098558,0
1646,157714,0,100,0.16762055555555555,0.0005382893830392277,0
1647,157814,0,100,0.16709277777777787,0.0004896152932633413,0
1648,157914,0,100,0.16656500000000007,0.0005970211650128477,0
1649,158014,0,100,0.16603722222222228,0.0005794721931306413,0
1650,158114,0,100,0.1655094444444445,0.0006191717513138428,0
1651,158214,0,100,0.1649816666666667,0.000555335366698273,0
1652,158314,0,100,0.1644538888888889,0.000575581935372611,0
1653,158331,0.847,17,0.16436416666666664,0.0004074598597499597,1
1654,158431,0,100,0.16383638888888896,0.0005062707181059523,0
1655,158531,0,100,0.16330861111111117,0.0006820063496343209,0
1656,158631,0,100,0.16278083333333337,0.0005168166351359105,0
1657,158731,0,100,0.1622530555555557,0.00045874418006860653,0
1658,158831,0,100,0.1617252777777778,0.0005657914343828452,0
1659,158931,0,100,0.1611975,0.0006118105784844374,0
1660,159031,0,100,0.1606697222222223,0.0005764812894631178,0
1661,159131,0,100,0.16014194444444452,0.0005793040999196819,0
1662,159159,0.748,28,0.15999416666666677,0.0005519112606374879,1
1663,159259,0,100,0.15946638888888898,0.0005393690198252444,0
1664,159359,0,100,0.15893861111111107,0.000598579673714994,0
1665,159459,0,100,0.1584108333333334,0.0005231785579235293,0
1666,159559,0,100,0.1578830555555556,0.0005882246913097333,0
1667,159659,0,100,0.1573552777777778,0.0006172026066997205,0
1668,159759,0,100,0.15682750000000012,0.0005314175459352555,0
1669,159859,0,100,0.15629972222222221,0.00048471456746483453,0
1670,159959,0,100,0.15577194444444442,0.0005511919539640075,0
1671,160059,0,100,0.15524416666666674,0.0005222052737008198,0
1672,160159,0,100,0.15471638888888894,0.0006073407429721555,0
1673,160259,0,100,0.15418861111111115,0.0005860726756509394,0
1674,160359,0,100,0.15366083333333336,0.0005288597388425842,0
1675,160459,0,100,0.15313305555555556,0.0006213520253731986,0
1676,160559,0,100,0.15260527777777788,0.00042443206726602514,0
1677,160659,0,100,0.1520775000000001,0.0004891484070321894,0
1678,160759,0,100,0.15154972222222218,0.0005871371039756923,0
1679,160859,0,100,0.1510219444444445,0.0005214979925221996,0
1680,160959,0,100,0.1504941666666667,0.0006000306807254674,0
1681,161059,0,100,0.1499663888888889,0.0005963906965916977,0
1682,161159,0,100,0.14943861111111123,0.0006418250360729871,0
1683,161170,0.901,11,0.14938055555555563,0.0005693192294777625,1
1684,161270,0,100,0.14885277777777783,0.0006239577637825277,0
1685,161370,0,100,0.14832500000000004,0.0005536019095598022,0
1686,161470,0,100,0.14779722222222225,0.0005899718538421439,0
1687,161570,0,100,0.14726944444444445,0.0005926637927768752,0
1688,161670,0,100,0.14674166666666666,0.0006174870477843796,0
1689,161770,0,100,0.14621388888888898,0.0005056692366633797,0
1690,161870,0,100,0.14568611111111118,0.0005097627183567965,0
1691,161970,0,100,0.1451583333333334,0.0005831433239654871,0
1692,162070,0,100,0.1446305555555556,0.0006050119928841014,0
1693,162170,0,100,0.1441027777777778,0.0005475946630758699,0
1694,162270,0,100,0.14357500000000012,0.0005978145440167282,0
1695,162370,0,100,0.14304722222222221,0.0005571378723107045,0
1696,162470,0,100,0.14251944444444442,0.0006436942453001394,0
1697,162570,0,100,0.14199166666666674,0.0005675871962012025,0
1698,162670,0,100,0.14146388888888894,0.0005619921993638854,0
1699,162770,0,100,0.14093611111111115,0.0004873361646241392,0
1700,162870,0,100,0.14040833333333336,0.0005475296105578309,0
1701,162970,0,100,0.13988055555555556,0.000480545058453572,0
1702,163070,0,100,0.13935277777777777,0.0006411904601554851,0
1703,163170,0,100,0.1388250000000001,0.0005066744338546414,0
1704,163270,0,100,0.1382972222222223,0.0006001134906182414,0
1705,163370,0,100,0.1377694444444445,0.000553506041323999,0
1706,163470,0,100,0.1372416666666667,0.0005160642843111418,0
1707,163570,0,100,0.1367138888888889,0.0006104228507319931,0
1708,163670,0,100,0.13618611111111123,0.0005680708727959427,0
1709,163770,0,100,0.13565833333333333,0.0005131684142543236,0
1710,163870,0,100,0.13513055555555553,0.0005509658177470556,0
1711,163970,0,100,0.13460277777777785,0.0005566182913025841,0
1712,164070,0,100,0.13407500000000006,0.0007048063150796224,0
1713,164170,0,100,0.13354722222222226,0.0005885081407177495,0
1714,164270,0,100,0.13301944444444447,0.0006110686563988566,0
1715,164370,0,100,0.13249166666666667,0.0005697373006114503,0
1716,164470,0,100,0.131963888888889,0.0005633158254204318,0
1717,164570,0,100,0.1314361111111112,0.0006096906319726259,0
1718,164670,0,100,0.1309083333333333,0.00047742772185301876,0
1719,164770,0,100,0.1303805555555556,0.0004995367069022905,0
1720,164870,0,100,0.12985277777777782,0.0005408605721459026,0
1721,164970,0,100,0.12932500000000002,0.0005658534069152665,0
1722,165070,0,100,0.12879722222222234,0.00068978690142103,0
1723,165170,0,100,0.12826944444444444,0.0006561069466988556,0
1724,165270,0,100,0.12774166666666664,0.0005367424153882894,0
1725,165370,0,100,0.12721388888888896,0.0005254523468829575,0
1726,165470,0,100,0.12668611111111117,0.0006522407269949327,0
1727,165570,0,100,0.12615833333333337,0.0005331357692921301,0
1728,165670,0,100,0.12563055555555558,0.0006541893057510607,0
1729,165770,0,100,0.12510277777777778,0.0005783727693051332,0
1730,165870,0,100,0.1245750000000001,0.0006771098670287757,0
1731,165970,0,100,0.12404722222222231,0.0005751903747295728,0
1732,165981,0.901,11,0.1239891666666667,0.000485057506011799,1
1733,166081,0,100,0.12346138888888891,0.0007086088676442159,0
1734,166181,0,100,0.12293361111111112,0.0005278269015616388,0
1735,166281,0,100,0.12240583333333344,0.0005838638599379919,0
1736,166381,0,100,0.12187805555555553,0.000629045299901918,0
1737,166481,0,100,0.12135027777777785,0.0005469397221895633,0
1738,166581,0,100,0.12082250000000005,0.0006892741713818395,0
1739,166681,0,100,0.12029472222222226,0.0005699229251331417,0
1740,166781,0,100,0.11976694444444458,0.0005180206867953529,0
1741,166881,0,100,0.11923916666666667,0.0005970915532088839,0
1742,166981,0,100,0.11871138888888888,0.000553961225959938,0
1743,167081,0,100,0.1181836111111112,0.0006218072452611523,0
1744,167181,0,100,0.1176558333333334,0.0004948399189015618,0
1745,167281,0,100,0.1171280555555555,0.0005512192047171993,0
1746,167381,0,100,0.11660027777777782,0.0004495863817282952,0
1747,167481,0,100,0.11607250000000002,0.0006074661829188699,0
1748,167553,0.352,72,0.11569250000000009,0.0005266325506959725,1
1749,167653,0,100,0.11516472222222218,0.0005615472736462834,0
1750,167753,0,100,0.1146369444444445,0.0005465114256367088,0
1751,167853,0,100,0.1141091666666667,0.0005334611430953373,0
1752,167953,0,100,0.11358138888888891,0.0005117382462049136,0
1753,168053,0,100,0.11305361111111123,0.0004910096514504403,0
1754,168153,0,100,0.11252583333333332,0.0005771916617959505,0
1755,168191,0.6579999999999999,38,0.1123252777777779,0.0006553140435579209,1
1756,168291,0,100,0.1117975000000001,0.0005568359308381332,0
1757,168391,0,100,0.1112697222222222,0.0005858096318115713,0
1758,168491,0,100,0.11074194444444452,0.0005689750756573631,0
1759,168591,0,100,0.11021416666666672,0.0005474451903137379,0
1760,168691,0,100,0.10968638888888893,0.0004927176381170284,0
1761,168791,0,100,0.10915861111111114,0.0005912849157175515,0
1762,168891,0,100,0.10863083333333334,0.0005637988980379305,0
1763,168991,0,100,0.10810305555555555,0.0004950518886835198,0
1764,169091,0,100,0.10757527777777787,0.0005353735716198571,0
1765,169191,0,100,0.10704750000000007,0.0005137476882373449,0
1766,169291,0,100,0.10651972222222228,0.0006516375638238969,0
1767,169391,0,100,0.10599194444444449,0.00048065087274153486,0
1768,169491,0,100,0.10546416666666669,0.0005795330961700528,0
1769,169591,0,100,0.10493638888888901,0.0006899026228711591,0
1770,169691,0,100,0.1044086111111111,0.00047788413965463403,0
1771,169791,0,100,0.10388083333333331,0.0005468614811616135,0
1772,169891,0,100,0.10335305555555563,0.0005681515148535254,0
1773,169991,0,100,0.10282527777777783,0.0005588435453682905,0
1774,170091,0,100,0.10229750000000004,0.0005120523922960274,0
1775,170191,0,100,0.10176972222222225,0.0005769153697838192,0
1776,170291,0,100,0.10124194444444445,0.0004852515477250563,0
1777,170391,0,100,0.10071416666666666,0.0005537795763666509,0
1778,170491,0,100,0.10018638888888898,0.0005199937904035323,0
1779,170591,0,100,0.09965861111111118,0.0005057548981130821,0
1780,170691,0,100,0.09913083333333339,0.0005820582959859166,0
1781,170791,0,100,0.0986030555555556,0.0005978552667511394,0
1782,170891,0,100,0.0980752777777778,0.0005084389216790441,0
1783,170991,0,100,0.09754750000000012,0.0006209193595714169,0
1784,171091,0,100,0.09701972222222222,0.0005402285077434498,0
1785,171191,0,100,0.09649194444444442,0.0005852199822948024,0
1786,171291,0,100,0.09596416666666674,0.0005423886774951824,0
1787,171391,0,100,0.09543638888888895,0.0006122733722077101,0
1788,171491,0,100,0.09490861111111115,0.0005146336588586565,0
1789,171591,0,100,0.09438083333333336,0.0006066665839171038,0
1790,171691,0,100,0.09385305555555556,0.000555278621686739,0
1791,171791,0,100,0.09332527777777788,0.0005888187374875997,0
1792,171891,0,100,0.09279750000000009,0.000618826224199438,0
1793,171991,0,100,0.09226972222222218,0.00063201263317751,0
1794,172091,0,100,0.0917419444444445,0.0005996448535006494,0
1795,172191,0,100,0.09121416666666671,0.0006239350684336387,0
1796,172291,0,100,0.09068638888888891,0.0006155723826304894,0
1797,172391,0,100,0.09015861111111123,0.0006055447900871514,0
1798,172491,0,100,0.08963083333333333,0.0005789057065703673,0
1799,172591,0,100,0.08910305555555553,0.0006050792201131117,0
1800,172691,0,100,0.08857527777777785,0.0005494465471565491,0
1801,172791,0,100,0.08804750000000006,0.0005435347746970365,0
1802,172831,0.6399999999999999,40,0.0878363888888889,0.0005174635436560493,1
1803,172931,0,100,0.08730861111111121,0.0005352390457119327,0
1804,172985,0.514,54,0.08702361111111112,0.0005574325266395506,1
1805,173085,0,100,0.08649583333333333,0.0005253927057128749,0
1806,173185,0,100,0.08596805555555564,0.0005753819501478574,0
1807,173285,0,100,0.08544027777777785,0.0006559292588644894,0
1808,173385,0,100,0.08491249999999995,0.0005707554298714967,0
1809,173485,0,100,0.08438472222222226,0.000616017001120781,0
1810,173585,0,100,0.08385694444444447,0.0005378556475625373,0
1811,173685,0,100,0.08332916666666668,0.0006910049259022344,0
1812,173785,0,100,0.082801388888889,0.0005991976221775985,0
1813,173885,0,100,0.08227361111111109,0.0006222535570486798,0
1814,173985,0,100,0.0817458333333334,0.000544401851366274,0
1815,174085,0,100,0.08121805555555561,0.0007078521100629587,0
1816,174185,0,100,0.08069027777777782,0.0006119615091665765,0
1817,174285,0,100,0.08016250000000003,0.0006078133262781193,0
1818,174385,0,100,0.07963472222222223,0.00047697335208795265,0
1819,174485,0,100,0.07910694444444444,0.0005120142519081127,0
1820,174585,0,100,0.07857916666666676,0.0005871671032218729,0
1821,174685,0,100,0.07805138888888896,0.0005864960207327386,0
1822,174785,0,100,0.07752361111111106,0.0006279641454239027,0
1823,174885,0,100,0.07699583333333337,0.0005441050400258973,0
1824,174985,0,100,0.07646805555555558,0.0006013355810864596,0
1825,175085,0,100,0.0759402777777779,0.0005952930936473422,0
1826,175185,0,100,0.0754125000000001,0.0005400261410613893,0
1827,175285,0,100,0.0748847222222222,0.0005050615026266314,0
1828,175385,0,100,0.07435694444444452,0.0005701776743080699,0
1829,175485,0,100,0.07382916666666672,0.0005879160586482612,0
1830,175585,0,100,0.07330138888888893,0.0006273821618742658,0
1831,175685,0,100,0.07277361111111114,0.0005276399738795589,0
1832,175785,0,100,0.07224583333333334,0.0005868596289292327,0
1833,175885,0,100,0.07171805555555555,0.0005897466609894764,0
1834,175985,0,100,0.07119027777777787,0.0005873313499614596,0
1835,176085,0,100,0.07066250000000007,0.0005708493816200643,0
1836,176185,0,100,0.07013472222222228,0.000546915697705117,0
1837,176285,0,100,0.06960694444444449,0.0005990404685871909,0
1838,176385,0,100,0.06907916666666669,0.0005767226575335372,0
1839,176485,0,100,0.06855138888888901,0.000611031804146478,0
1840,176585,0,100,0.0680236111111111,0.0005195454833665281,0
1841,176685,0,100,0.06749583333333331,0.0005471559550278471,0
1842,176785,0,100,0.06696805555555563,0.0006083974353168742,0
1843,176885,0,100,0.06644027777777783,0.0005213404586174874,0
1844,176985,0,100,0.06591250000000004,0.0005807073162941379,0
1845,177085,0,100,0.06538472222222225,0.0005803237556028762,0
1846,177185,0,100,0.06485694444444445,0.0005990862440376077,0
1847,177285,0,100,0.06432916666666666,0.0006453369296286838,0
1848,177385,0,100,0.06380138888888898,0.000637220634816913,0
1849,177485,0,100,0.06327361111111118,0.0005183508193658781,0
1850,177585,0,100,0.06274583333333339,0.000566354210350255,0
1851,177685,0,100,0.062218055555555596,0.0005774043801648076,0
1852,177785,0,100,0.0616902777777778,0.0005634052033201443,0
1853,177885,0,100,0.06116250000000012,0.0005054965126328171,0
1854,177985,0,100,0.060634722222222215,0.0005954705758995261,0
1855,178085,0,100,0.06010694444444442,0.0005616256467328639,0
1856,178185,0,100,0.05957916666666674,0.0006302724188572029,0
1857,178285,0,100,0.059051388888888945,0.0005943860550542012,0
1858,178385,0,100,0.05852361111111115,0.0006413209750826354,0
1859,178485,0,100,0.05799583333333336,0.000654418278063531,0
1860,178585,0,100,0.057468055555555564,0.0005931085091651767,0
1861,178685,0,100,0.05694027777777788,0.0007000839840111439,0
1862,178785,0,100,0.05641250000000009,0.0005145304695543018,0
1863,178885,0,100,0.05588472222222218,0.0006095160169934388,0
1864,178985,0,100,0.0553569444444445,0.0004948787300963886,0
1865,179085,0,100,0.05482916666666671,0.0005968966300133615,0
1866,179185,0,100,0.05430138888888891,0.0006232747335161548,0
1867,179285,0,100,0.05377361111111123,0.0005583365303027676,0
1868,179385,0,100,0.053245833333333326,0.0005762755497198669,0
1869,179485,0,100,0.05271805555555553,0.0005695903801824898,0
1870,179585,0,100,0.05219027777777785,0.0006423804373844178,0
1871,179685,0,100,0.051662500000000056,0.0006174038718745578,0
1872,179785,0,100,0.05113472222222226,0.0005725039964454481,0
1873,179885,0,100,0.05060694444444447,0.0005439288296474842,0
1874,179985,0,100,0.050079166666666675,0.0006179058282577898,0
1875,180085,0,100,0.05,0.0004811512846936239,0
1876,180185,0,100,0.05,0.0005521364320156863,0
1877,180285,0,100,0.05,0.0006264698029553983,0
1878,180385,0,100,0.05,0.0004984629041791777,0
1879,180485,0,100,0.05,0.000563911894314515,0
1880,180585,0,100,0.05,0.0005544199647829374,0
1881,180685,0,100,0.05,0.0006600642787816469,0
1882,180785,0,100,0.05,0.0006341743355733342,0
1883,180885,0,100,0.05,0.0005683197704274789,0
1884,180985,0,100,0.05,0.0005369618985423585,0
1885,181085,0,100,0.05,0.0006763367845269386,0
1886,181185,0,100,0.05,0.0005579045496051549,0
1887,181285,0,100,0.05,0.0005406763010978466,0
1888,181385,0,100,0.05,0.0006195886587738641,0
1889,181485,0,100,0.05,0.0006059756037211628,0
1890,181585,0,100,0.05,0.0005716099801793462,0
1891,181685,0,100,0.05,0.0005978119079372846,0
1892,181785,0,100,0.05,0.0005486161302542314,0
1893,181885,0,100,0.05,0.00045635761591256597,0
1894,181985,0,100,0.05,0.0005485723351011984,0
1895,182085,0,100,0.05,0.0005546446372682113,0
1896,182185,0,100,0.05,0.0006036105464227149,0
1897,182285,0,100,0.05,0.0005091872020420851,0
1898,182385,0,100,0.05,0.0006630106302327476,0
1899,182485,0,100,0.05,0.0006236546265427023,0
1900,182585,0,100,0.05,0.0005957863275398267,0
1901,182685,0,100,0.05,0.0005652981682214886,0
1902,182785,0,100,0.05,0.0004877960267913295,0
1903,182885,0,100,0.05,0.0006328055996709736,0
1904,182985,0,100,0.05,0.0005853414241573774,0
1905,183085,0,100,0.05,0.000656293437059503,0
1906,183185,0,100,0.05,0.0005622097272134852,0
1907,183285,0,100,0.05,0.0006130871629284229,0
1908,183385,0,100,0.05,0.0005690244189099758,0
1909,183485,0,100,0.05,0.0005946963066526223,0
1910,183585,0,100,0.05,0.0006294908591007697,0
1911,183685,0,100,0.05,0.0006588643806389882,0
1912,183785,0,100,0.05,0.0006122414254787146,0
1913,183885,0,100,0.05,0.0005742510926938848,0
1914,183985,0,100,0.05,0.0005552189802619978,0
1915,184085,0,100,0.05,0.0006517725157755194,0
1916,184185,0,100,0.05,0.000617264021311712,0
1917,184285,0,100,0.05,0.0006288480361035908,0
1918,184385,0,100,0.05,0.0005905578353122109,0
1919,184485,0,100,0.05,0.0005685540198464878,0
1920,184585,0,100,0.05,0.0005020009518557345,0
1921,184685,0,100,0.05,0.000615296535215748,0
1922,184785,0,100,0.05,0.0005317042815295281,0
1923,184885,0,100,0.05,0.000509130281934631,0
1924,184985,0,100,0.05,0.0005589072583825328,0
1925,185085,0,100,0.05,0.0007590011351567228,0
1926,185185,0,100,0.05,0.0007115945967962035,0
1927,185285,0,100,0.05,0.0005935085453529609,0
1928,185385,0,100,0.05,0.0005916388564583031,0
1929,185485,0,100,0.05,0.0006289056508830981,0
1930,185585,0,100,0.05,0.0007664499512247858,0
1931,185685,0,100,0.05,0.0006111695704385056,0
1932,185785,0,100,0.05,0.0006379994283634005,0
1933,185885,0,100,0.05,0.0006045405889017275,0
1934,185985,0,100,0.05,0.0006299061966274167,0
1935,186085,0,100,0.05,0.0006079536907782312,0
1936,186185,0,100,0.05,0.0005520015896036057,0
1937,186285,0,100,0.05,0.0006119776832201751,0
1938,186385,0,100,0.05,0.0006743748354710988,0
1939,186485,0,100,0.05,0.0005253964467556216,0
1940,186585,0,100,0.05,0.0005545594972500112,0
1941,186685,0,100,0.05,0.000547402497377334,0
1942,186785,0,100,0.05,0.000502670395981113,0
1943,186885,0,100,0.05,0.0006160303394426591,0
1944,186985,0,100,0.05,0.0005976228291547158,0
1945,187085,0,100,0.05,0.0006309073745433125,0
1946,187185,0,100,0.05,0.0005530803505098447,0
1947,187285,0,100,0.05,0.000499380583933089,0
1948,187385,0,100,0.05,0.0006350159282737878,0
1949,187485,0,100,0.05,0.0005501290708343731,0
1950,187585,0,100,0.05,0.0005427597742527723,0
1951,187685,0,100,0.05,0.0005627158912466256,0
1952,187785,0,100,0.05,0.0006073737896076637,0
1953,187885,0,100,0.05,0.0005574247352342354,0
1954,187985,0,100,0.05,0.0005389145783374261,0
1955,188085,0,100,0.05,0.0006205258515910827,0
1956,188185,0,100,0.05,0.0005790202546631918,0
1957,188285,0,100,0.05,0.0005840353076564497,0
1958,188385,0,100,0.05,0.0005888461480208207,0
1959,188485,0,100,0.05,0.000555667695007287,0
1960,188585,0,100,0.05,0.0006688229272549507,0
1961,188685,0,100,0.05,0.0006294038286796422,0
1962,188785,0,100,0.05,0.00045616875948326194,0
1963,188885,0,100,0.05,0.000690568425343372,0
1964,188985,0,100,0.05,0.0005582525491627166,0
1965,189085,0,100,0.05,0.0006416209028975573,0
1966,189185,0,100,0.05,0.0006648485123150749,0
1967,189285,0,100,0.05,0.0005793665597411745,0
1968,189385,0,100,0.05,0.0006003911823790986,0
1969,189485,0,100,0.05,0.0005535037535082665,0
1970,189585,0,100,0.05,0.0005611014805253945,0
1971,189640,0.5049999999999999,55,0.05,0.0006409190411266701,1
1972,189740,0,100,0.05,0.0005519468427883111,0
1973,189840,0,100,0.05,0.0004989468006169772,0
1974,189940,0,100,0.05,0.0006056958713088534,0
1975,190040,0,100,0.05,0.00060959341666603,0
1976,190140,0,100,0.05,0.0006386503804969835,0
1977,190240,0,100,0.05,0.0005858919282763963,0
1978,190340,0,100,0.05,0.000570750652186689,0
1979,190440,0,100,0.05,0.0005581454481580295,0
1980,190540,0,100,0.05,0.0005803676068535424,0
1981,190640,0,100,0.05,0.0005822593966149725,0
1982,190740,0,100,0.05,0.0005869621365854982,0
1983,190840,0,100,0.05,0.0005518030846724287,0
1984,190895,0.5049999999999999,55,0.05,0.0006435785626474006,1
1985,190995,0,100,0.05,0.0005587500983892824,0
1986,191095,0,100,0.05,0.0006004501991628786,0
1987,191195,0,100,0.05,0.0005609357426146744,0
1988,191295,0,100,0.05,0.0005709078232757748,0
1989,191395,0,100,0.05,0.0005378647812904092,0
1990,191495,0,100,0.05,0.0005689368661842309,0
1991,191595,0,100,0.05,0.0005974907080963021,0
1992,191695,0,100,0.05,0.0006221602720142982,0
1993,191795,0,100,0.05,0.0005545491147859138,0
1994,191895,0,100,0.05,0.0005369470709410962,0
1995,191995,0,100,0.05,0.0005734292295164777,0
1996,192095,0,100,0.05,0.0005710597094730474,0
1997,192195,0,100,0.05,0.0006262807470557163,0
1998,192295,0,100,0.05,0.0005997222504083766,0
1999,192395,0,100,0.05,0.0006441835969235399,0
2000,192495,0,100,0.05,0.0006616718644363573,0
2001,192595,0,100,0.05,0.0004473568395405891,0
2002,192695,0,100,0.05,0.000618838362279348,0
2003,192795,0,100,0.05,0.0004928218005443341,0
2004,192895,0,100,0.05,0.0005270591136286385,0
2005,192995,0,100,0.05,0.0005154801637036144,0
2006,193095,0,100,0.05,0.000686809043509129,0
2007,193195,0,100,0.05,0.0005695673314585292,0
2008,193295,0,100,0.05,0.000547861620070762,0
2009,193395,0,100,0.05,0.0005538618424907327,0
2010,193495,0,100,0.05,0.0005068912818387616,0
2011,193595,0,100,0.05,0.0005544269718666329,0
2012,193695,0,100,0.05,0.0005663472005835501,0
2013,193795,0,100,0.05,0.0005101589551122742,0
2014,193895,0,100,0.05,0.0005822474774322472,0
2015,193995,0,100,0.05,0.0005571790155954659,0
2016,194095,0,100,0.05,0.000597500129006221,0
2017,194195,0,100,0.05,0.0005689782993431436,0
2018,194295,0,100,0.05,0.0005316168211538752,0
2019,194395,0,100,0.05,0.0004786719596449984,0
2020,194495,0,100,0.05,0.0005322391678055283,0
2021,194595,0,100,0.05,0.0005872310263839609,0
2022,194695,0,100,0.05,0.0005888527376373532,0
2023,194795,0,100,0.05,0.0005436176820512628,0
2024,194895,0,100,0.05,0.0006281019643211039,0
2025,194995,0,100,0.05,0.0006730037091983831,0
2026,195095,0,100,0.05,0.0006609425135684433,0
2027,195195,0,100,0.05,0.0005011153027589899,0
2028,195295,0,100,0.05,0.000626272256631637,0
2029,195395,0,100,0.05,0.0006107572156906826,0
2030,195495,0,100,0.05,0.0006004204260898404,0
2031,195595,0,100,0.05,0.0005829971182174632,0
2032,195695,0,100,0.05,0.0005755251614755252,0
2033,195795,0,100,0.05,0.0005188288842327892,0
2034,195895,0,100,0.05,0.00055087340027967,0
2035,195995,0,100,0.05,0.0005106628813155112,0
2036,196083,0.20799999999999996,88,0.05,0.0005972813241483395,1
2037,196183,0,100,0.05,0.0005941734943189658,0
2038,196283,0,100,0.05,0.0005535391734883887,0
2039,196383,0,100,0.05,0.000534072934242431,0
2040,196483,0,100,0.05,0.0005459095680271275,0
2041,196583,0,100,0.05,0.0005106104580772807,0
2042,196683,0,100,0.05,0.0006413308030823828,0
2043,196783,0,100,0.05,0.0005096875980234472,0
2044,196883,0,100,0.05,0.0006320523660542677,0
2045,196983,0,100,0.05,0.0005771959658886772,0
2046,197083,0,100,0.05,0.0006652710899652447,0
2047,197183,0,100,0.05,0.0004737504613876808,0
2048,197283,0,100,0.05,0.0005956998359033605,0
2049,197383,0,100,0.05,0.0004972558667941484,0
2050,197483,0,100,0.05,0.0006377053207688732,0
2051,197583,0,100,0.05,0.0005535923662864661,0
2052,197683,0,100,0.05,0.0005502634445292643,0
2053,197783,0,100,0.05,0.0005881772196153179,0
2054,197883,0,100,0.05,0.0006291319872980239,0
2055,197983,0,100,0.05,0.0005808077575056814,0
2056,198083,0,100,0.05,0.0005703906830603955,0
2057,198183,0,100,0.05,0.0005922446905242396,0
2058,198283,0,100,0.05,0.0005370193564158399,0
2059,198383,0,100,0.05,0.0006020813777286093,0
2060,198483,0,100,0.05,0.0005656268417624233,0
2061,198583,0,100,0.05,0.0005132033450354356,0
2062,198683,0,100,0.05,0.0006599887582706287,0
2063,198783,0,100,0.05,0.0005880242766943411,0
2064,198883,0,100,0.05,0.0005934989922388922,0
2065,198983,0,100,0.05,0.0005785056169042946,0
2066,199083,0,100,0.05,0.0006479197187582031,0
2067,199183,0,100,0.05,0.0006081965683551971,0
2068,199283,0,100,0.05,0.0005136627438332653,0
2069,199383,0,100,0.05,0.0006217522948372789,0
2070,199483,0,100,0.05,0.0005938384327964741,0
2071,199583,0,100,0.05,0.0005915361741790548,0
2072,199683,0,100,0.05,0.0006051846643094905,0
2073,199783,0,100,0.05,0.0005234980938985245,0
2074,199883,0,100,0.05,0.0005838369857519865,0
2075,199983,0,100,0.05,0.0005987605293194065,0
2076,200083,0,100,0.05,0.0005250634867843473,0
2077,200183,0,100,0.05,0.0005160859216994141,0
2078,200283,0,100,0.05,0.0005487708834698424,0
2079,200383,0,100,0.05,0.0005195527060277527,0
2080,200483,0,100,0.05,0.0005413958921963058,0
2081,200583,0,100,0.05,0.0005322192708990769,0
2082,200683,0,100,0.05,0.0005680156433663797,0
2083,200783,0,100,0.05,0.0006495422794978367,0
2084,200883,0,100,0.05,0.0005988688383877161,0
2085,200983,0,100,0.05,0.0006162782786122989,0
2086,201083,0,100,0.05,0.0005656892558909021,0
2087,201183,0,100,0.05,0.0005627560283028288,0
2088,201283,0,100,0.05,0.0006591125482009374,0
2089,201383,0,100,0.05,0.0005775631730648456,0
2090,201483,0,100,0.05,0.0006010875450374443,0
2091,201583,0,100,0.05,0.000579835403659672,0
2092,201631,0.5680000000000001,48,0.05,0.0006577325694555233,1
2093,201731,0,100,0.05,0.0005983511847443879,0
2094,201831,0,100,0.05,0.0006109981164627243,0
2095,201931,0,100,0.05,0.0005752605503948871,0
2096,202031,0,100,0.05,0.000607587657214026,0
2097,202131,0,100,0.05,0.0005243120117665967,0
2098,202231,0,100,0.05,0.0005600874468291295,0
2099,202331,0,100,0.05,0.000591123323320062,0
2100,202431,0,100,0.05,0.000565651420292852,0
2101,202531,0,100,0.05,0.0005546920061169657,0
2102,202631,0,100,0.05,0.0005654997986493981,0
2103,202731,0,100,0.05,0.0005800796325638657,0
2104,202831,0,100,0.05,0.0005567394301033346,0
2105,202931,0,100,0.05,0.0005219862702142564,0
2106,203031,0,100,0.05,0.0005702990967984079,0
2107,203131,0,100,0.05,0.0005042878143285634,0
2108,203231,0,100,0.05,0.000490175697777886,0
2109,203331,0,100,0.05,0.0005219853296148358,0
2110,203431,0,100,0.05,0.0006397033090615878,0
2111,203531,0,100,0.05,0.0005217173278106202,0
2112,203631,0,100,0.05,0.0005024503890308552,0
2113,203731,0,100,0.05,0.0005788235701766098,0
2114,203831,0,100,0.05,0.0006672101703225053,0
2115,203931,0,100,0.05,0.0005361259768687887,0
2116,204031,0,100,0.05,0.0005217264944440103,0
2117,204131,0,100,0.05,0.00060350950461725,0
2118,204231,0,100,0.05,0.0005124634088315361,0
2119,204331,0,100,0.05,0.0006651475329999812,0
2120,204431,0,100,0.05,0.0006234904138182173,0
2121,204531,0,100,0.05,0.0005426701954274904,0
2122,204631,0,100,0.05,0.0005378417642350541,0
2123,204731,0,100,0.05,0.000582983240383328,0
2124,204831,0,100,0.05,0.00052068098433665,0
2125,204931,0,100,0.05,0.0005553700219388702,0
2126,205031,0,100,0.05,0.0005993846898491029,0
2127,205131,0,100,0.05,0.0005166463112982456,0
2128,205231,0,100,0.05,0.0005260160608304431,0
2129,205331,0,100,0.05,0.0005183943896918208,0
2130,205431,0,100,0.05,0.0006237007507661474,0
2131,205531,0,100,0.05,0.0005364078428101493,0
2132,205631,0,100,0.05,0.0005643403503199807,0
2133,205731,0,100,0.05,0.0004858556059662078,0
2134,205831,0,100,0.05,0.0005519023208034923,0
2135,205931,0,100,0.05,0.0004966917148340144,0
2136,206031,0,100,0.05,0.0005785378708969801,0
2137,206131,0,100,0.05,0.0005384085262267036,0
2138,206231,0,100,0.05,0.0005633070255498751,0
2139,206331,0,100,0.05,0.00044503919460112226,0
2140,206431,0,100,0.05,0.0005815550163970329,0
2141,206531,0,100,0.05,0.0006344082295618136,0
2142,206631,0,100,0.05,0.0005986359138478293,0
2143,206731,0,100,0.05,0.000535920676556998,0
2144,206831,0,100,0.05,0.0005427795063587836,0
2145,206931,0,100,0.05,0.0005303947747961502,0
2146,207031,0,100,0.05,0.0005109367574004864,0
2147,207131,0,100,0.05,0.0005437379367504036,0
2148,207231,0,100,0.05,0.0004338550198735902,0
2149,207331,0,100,0.05,0.0004864311220262607,0
2150,207431,0,100,0.05,0.0005804330052342266,0
2151,207531,0,100,0.05,0.0005809968625544571,0
2152,207631,0,100,0.05,0.0005631363070278894,0
2153,207731,0,100,0.05,0.00047752001817571,0
2154,207831,0,100,0.05,0.000518868540530093,0
2155,207931,0,100,0.05,0.0005395767704612809,0
2156,208031,0,100,0.05,0.0005345961698913016,0
2157,208131,0,100,0.05,0.0005674697009817464,0
2158,208231,0,100,0.05,0.0005736492474534316,0
2159,208331,0,100,0.05,0.0005167776115195011,0
2160,208431,0,100,0.05,0.000548868338300963,0
2161,208442,0.901,11,0.05,0.0007077812670931136,1
2162,208542,0,100,0.05,0.0004569721327698062,0
2163,208642,0,100,0.05,0.00048464978448464535,0
2164,208742,0,100,0.05,0.0005747040508140344,0
2165,208842,0,100,0.05,0.0005646783856354887,0
2166,208942,0,100,0.05,0.0005505016541428631,0
2167,209042,0,100,0.05,0.0005776989342120942,0
2168,209142,0,100,0.05,0.0005896833940641955,0
2169,209242,0,100,0.05,0.0005052119768879493,0
2170,209342,0,100,0.05,0.0005333886616426753,0
2171,209442,0,100,0.05,0.0004834226721141022,0
2172,209542,0,100,0.05,0.000583215884398669,0
2173,209572,0.73,30,0.05,0.0006077165717821724,1
2174,209672,0,100,0.05,0.0004758940666579292,0
2175,209772,0,100,0.05,0.0005204390940707526,0
2176,209872,0,100,0.05,0.00046127985428029205,0
2177,209972,0,100,0.05,0.0004845017181651201,0
2178,210072,0,100,0.05,0.0005615280674828682,0
2179,210172,0,100,0.05,0.0005055239173816517,0
2180,210272,0,100,0.05,0.000533347758318996,0
2181,210372,0,100,0.05,0.0005534712031658273,0
2182,210472,0,100,0.05,0.0006034016596095171,0
2183,210572,0,100,0.05,0.0005914414031940396,0
2184,210587,0.865,15,0.05,0.0004792217805515975,1
2185,210614,0.757,27,0.05,0.0005188756425653722,1
2186,210714,0,100,0.05,0.0005067034543753834,0
2187,210814,0,100,0.05,0.0005030869649635861,0
2188,210914,0,100,0.05,0.0005206740285211708,0
2189,211014,0,100,0.05,0.0005506210243402165,0
2190,211114,0,100,0.05,0.0005264048868411919,0
2191,211214,0,100,0.05,0.000571671280049486,0
2192,211314,0,100,0.05,0.0005403061338802217,0
2193,211414,0,100,0.05,0.0004933474020072026,0
2194,211514,0,100,0.05,0.0006061142191902036,0
2195,211614,0,100,0.05,0.0004998148026425042,0
2196,211714,0,100,0.05,0.00048747126467787896,0
2197,211814,0,100,0.05,0.0005056746957416181,0
2198,211914,0,100,0.05,0.0005872810338041746,0
2199,212014,0,100,0.05,0.0005123640126475947,0
2200,212114,0,100,0.05,0.0005292264589297702,0
2201,212214,0,100,0.05,0.00047769563989277233,0
2202,212314,0,100,0.05,0.00045625535338331244,0
2203,212414,0,100,0.05,0.0005485708371270448,0
2204,212514,0,100,0.05,0.0004629490469233133,0
2205,212614,0,100,0.05,0.00046452209768176544,0
2206,212714,0,100,0.05,0.0005100442413095152,0
2207,212779,0.4149999999999999,65,0.05,0.0004654384551451165,1
2208,212879,0,100,0.05,0.0005249259889387758,0
2209,212979,0,100,0.05,0.00047173578348520096,0
2210,213079,0,100,0.05,0.0004993008115707199,0
2211,213179,0,100,0.05,0.0005644874591234838,0
2212,213279,0,100,0.05,0.0005024351975225727,0
2213,213379,0,100,0.05,0.0004204887172818417,0
2214,213479,0,100,0.05,0.0005210402842931217,0
2215,213579,0,100,0.05,0.000541020578093594,0
2216,213679,0,100,0.05,0.0004775986704044044,0
2217,213779,0,100,0.05,0.0004723770368946134,0
2218,213879,0,100,0.05,0.0004901723779767054,0
2219,213979,0,100,0.05,0.00040480490224581445,0
2220,214079,0,100,0.05,0.0005559189241466811,0
2221,214179,0,100,0.05,0.0005379319698840846,0
2222,214279,0,100,0.05,0.0004825880640601099,0
2223,214379,0,100,0.05,0.0004914668199126026,0
2224,214479,0,100,0.05,0.0005159655426541576,0
2225,214579,0,100,0.05,0.0005351072000485146,0
2226,214679,0,100,0.05,0.0005894457386602881,0
2227,214779,0,100,0.05,0.0004848593678616453,0
2228,214879,0,100,0.05,0.00045410222624923333,0
2229,214979,0,100,0.05,0.0005112292613921454,0
2230,215005,0.766,26,0.05,0.0004440645509300968,1
2231,215105,0,100,0.05,0.000528541158491862,0
2232,215205,0,100,0.05,0.0005429679419830791,0
2233,215305,0,100,0.05,0.0004846819821977988,0
2234,215405,0,100,0.05,0.0005750018222897779,0
2235,215505,0,100,0.05,0.00046407744179305155,0
2236,215605,0,100,0.05,0.00045394607728667326,0
2237,215705,0,100,0.05,0.00046666608701343646,0
2238,215805,0,100,0.05,0.0005070087665080791,0
2239,215905,0,100,0.05,0.0004842501464372617,0
2240,216005,0,100,0.05,0.0005217096285923617,0
2241,216105,0,100,0.05,0.0004634050384629518,0
2242,216205,0,100,0.05,0.0005408151527444715,0
2243,216305,0,100,0.05,0.0004224904966213217,0
2244,216405,0,100,0.05,0.00046712543302419363,0
2245,216505,0,100,0.05,0.0005751013942244754,0
2246,216605,0,100,0.05,0.0004590223402919946,0
2247,216705,0,100,0.05,0.0004398372290597763,0
2248,216805,0,100,0.05,0.0005142654487644904,0
2249,216905,0,100,0.05,0.0005588804303806683,0
2250,217005,0,100,0.05,0.0005097259667672916,0
2251,217105,0,100,0.05,0.0004487653660908109,0
2252,217205,0,100,0.05,0.0005349063830726664,0
2253,217305,0,100,0.05,0.0004954820484272205,0
2254,217405,0,100,0.05,0.0005744493463862454,0
2255,217505,0,100,0.05,0.0005411681381519884,0
2256,217605,0,100,0.05,0.0004700560954370303,0
2257,217705,0,100,0.05,0.00048641413275618106,0
2258,217805,0,100,0.05,0.0004528997528905165,0
2259,217905,0,100,0.05,0.00047341142693767323,0
2260,218005,0,100,0.05,0.0005273694248171523,0
2261,218105,0,100,0.05,0.000528796957587474,0
2262,218205,0,100,0.05,0.00047498036357865206,0
2263,218305,0,100,0.05,0.00046986880934127837,0
2264,218405,0,100,0.05,0.0004828702202939894,0
2265,218505,0,100,0.05,0.00043563734554481927,0
2266,218605,0,100,0.05,0.0004810130149780889,0
2267,218705,0,100,0.05,0.0004895017212402309,0
2268,218794,0.19899999999999995,89,0.05,0.0004819294639203823,1
2269,218894,0,100,0.05,0.00044868620116176314,0
2270,218994,0,100,0.05,0.0005012543176053441,0
2271,219094,0,100,0.05,0.00047526441059744687,0
2272,219194,0,100,0.05,0.0004588102799971239,0
2273,219294,0,100,0.05,0.0005003074169144384,0
2274,219394,0,100,0.05,0.0004748283235312556,0
2275,219494,0,100,0.05,0.00043555391017434885,0
2276,219584,0.18999999999999995,90,0.05,0.0004815525876539242,1
2277,219684,0,100,0.05,0.0005313081564963795,0
2278,219784,0,100,0.05,0.0005098071764223277,0
2279,219884,0,100,0.05,0.00048724874141043984,0
2280,219984,0,100,0.05,0.0005107767907247762,0
2281,220084,0,100,0.05,0.0005191366082726745,0
2282,220184,0,100,0.05,0.00043608893131022344,0
2283,220284,0,100,0.05,0.0005387744571635267,0
2284,220384,0,100,0.05,0.0005321614567219512,0
2285,220484,0,100,0.05,0.0005076571233712457,0
2286,220584,0,100,0.05,0.0005060976833556197,0
2287,220684,0,100,0.05,0.0004556333083382924,0
2288,220784,0,100,0.05,0.000461177826327912,0
2289,220853,0.379,69,0.05,0.00042283525376199355,1
2290,220953,0,100,0.05,0.0004586287076381268,0
2291,221053,0,100,0.05,0.0005442143963591661,0
2292,221153,0,100,0.05,0.0004415827440971043,0
2293,221253,0,100,0.05,0.0005991185077436966,0
2294,221353,0,100,0.05,0.0004484385158866644,0
2295,221453,0,100,0.05,0.0004892063630541088,0
2296,221553,0,100,0.05,0.0004944064470691955,0
2297,221653,0,100,0.05,0.00044864152019727046,0
2298,221753,0,100,0.05,0.00042601160359481585,0
2299,221853,0,100,0.05,0.0004471867441316135,0
2300,221953,0,100,0.05,0.0004673678870676667,0
2301,222053,0,100,0.05,0.0004978496438707226,0
2302,222153,0,100,0.05,0.0004460596408898709,0
2303,222253,0,100,0.05,0.0005253301183620351,0
2304,222353,0,100,0.05,0.00048462787504831794,0
2305,222453,0,100,0.05,0.00048017378969234415,0
2306,222553,0,100,0.05,0.0004906081619265024,0
2307,222653,0,100,0.05,0.0005001595343492227,0
2308,222753,0,100,0.05,0.0004810063831610023,0
2309,222853,0,100,0.05,0.0004522599785741477,0
2310,222953,0,100,0.05,0.0004588142958164099,0
2311,223053,0,100,0.05,0.0005240022715224768,0
2312,223153,0,100,0.05,0.0005315786465143901,0
2313,223253,0,100,0.05,0.000467178391845664,0
2314,223353,0,100,0.05,0.00047932363337167773,0
2315,223453,0,100,0.05,0.000443751813036215,0
2316,223520,0.3969999999999999,67,0.05,0.000407732836109388,1
2317,223620,0,100,0.05,0.0005537598531373078,0
2318,223720,0,100,0.05,0.0004980231707304483,0
2319,223820,0,100,0.05,0.0004822784318821505,0
2320,223920,0,100,0.05,0.0004412853352187085,0
2321,224020,0,100,0.05,0.0004364624682057183,0
2322,224120,0,100,0.05,0.00043380169507145183,0
2323,224220,0,100,0.05,0.00047450948903133395,0
2324,224320,0,100,0.05,0.00042722442025478814,0
2325,224420,0,100,0.05,0.00045231074782350336,0
2326,224520,0,100,0.05,0.0005022387718781829,0
2327,224620,0,100,0.05,0.0004890333641742472,0
2328,224677,0.487,57,0.05,0.0005112126926082725,1
2329,224777,0,100,0.05,0.0004803336704935646,0
2330,224877,0,100,0.05,0.000490616400638828,0
2331,224977,0,100,0.05,0.0004281034858286148,0
2332,225077,0,100,0.05,0.00045974592374477654,0
2333,225177,0,100,0.05,0.00046344377638888543,0
2334,225277,0,100,0.05,0.0005368959863699274,0
2335,225377,0,100,0.05,0.0004489075913625129,0
2336,225477,0,100,0.05,0.0004838978968473384,0
2337,225577,0,100,0.05,0.00043890105473110453,0
2338,225677,0,100,0.05,0.0004668621360542602,0
2339,225777,0,100,0.05,0.0004880158878950169,0
2340,225877,0,100,0.05,0.0004521218387344561,0
2341,225977,0,100,0.05,0.0004931439928259351,0
2342,226077,0,100,0.05,0.00046160871141182725,0
2343,226177,0,100,0.05,0.0005052502028411255,0
2344,226277,0,100,0.05,0.00042403065868711564,0
2345,226377,0,100,0.05,0.00043975898777716795,0
2346,226477,0,100,0.05,0.0004999538715856033,0
2347,226577,0,100,0.05,0.000438999339385191,0
2348,226677,0,100,0.05,0.00042670634280511877,0
2349,226777,0,100,0.05,0.00044461602105002387,0
2350,226877,0,100,0.05,0.0005255183193003176,0
2351,226977,0,100,0.05,0.0004696889497063239,0
2352,227077,0,100,0.05,0.00048538278904743494,0
2353,227177,0,100,0.05,0.0005107530244276859,0
2354,227277,0,100,0.05,0.0004188782424898818,0
2355,227377,0,100,0.05,0.0004665208085134509,0
2356,227477,0,100,0.05,0.0005028087432583561,0
2357,227577,0,100,0.05,0.0004172344554172014,0
2358,227677,0,100,0.05,0.00046808105864329266,0
2359,227777,0,100,0.05,0.000515279096289305,0
2360,227877,0,100,0.05,0.00042289338420232526,0
2361,227977,0,100,0.05,0.0004344070375736919,0
2362,228077,0,100,0.05,0.0004524364952885662,0
2363,228177,0,100,0.05,0.0004335904164145177,0
2364,228277,0,100,0.05,0.0005232444481225684,0
2365,228377,0,100,0.05,0.00045175574261520525,0
2366,228477,0,100,0.05,0.0004566272977899644,0
2367,228577,0,100,0.05,0.00048159260601096323,0
2368,228677,0,100,0.05,0.0005347667038222426,0
2369,228777,0,100,0.05,0.000478807369399874,0
2370,228877,0,100,0.05,0.00045307020107429705,0
2371,228977,0,100,0.05,0.00043818623507831946,0
2372,229077,0,100,0.05,0.00045741982452454974,0
2373,229177,0,100,0.05,0.0004384124474017881,0
2374,229277,0,100,0.05,0.000460645548919274,0
2375,229377,0,100,0.05,0.0004252661350983544,0
2376,229477,0,100,0.05,0.00043867663420314783,0
2377,229577,0,100,0.05,0.0004417798685244634,0
2378,229677,0,100,0.05,0.00041290955065051096,0
2379,229777,0,100,0.05,0.0004085534837213345,0
2380,229877,0,100,0.05,0.0004999274289002642,0
2381,229977,0,100,0.05,0.00045652369364688637,0
2382,230077,0,100,0.05,0.0004925131929121563,0
2383,230177,0,100,0.05,0.00044623476424021646,0
2384,230277,0,100,0.05,0.00046549992362997727,0
2385,230377,0,100,0.05,0.0004355013696840615,0
2386,230477,0,100,0.05,0.0004888131555435394,0
2387,230577,0,100,0.05,0.0003977676897920901,0
2388,230677,0,100,0.05,0.0004178935111849569,0
2389,230777,0,100,0.05,0.0004608083074890601,0
2390,230877,0,100,0.05,0.0004325304988742573,0
2391,230977,0,100,0.05,0.0004715645486430731,0
2392,231077,0,100,0.05,0.0004664267456246307,0
2393,231177,0,100,0.05,0.000442971873908391,0
2394,231277,0,100,0.05,0.0005034624112158781,0
2395,231377,0,100,0.05,0.0004694821328666876,0
2396,231477,0,100,0.05,0.0005378272074085544,0
2397,231577,0,100,0.05,0.0004340750851770281,0
2398,231677,0,100,0.05,0.0004627984723992995,0
2399,231777,0,100,0.05,0.00047905547860864316,0
2400,231877,0,100,0.05,0.0005361811512921122,0
2401,231977,0,100,0.05,0.00033421576368709795,0
2402,231984,0.9369999999999999,7,0.05,0.00034298492287884334,1
2403,232084,0,100,0.05,0.00037994283246916893,0
2404,232184,0,100,0.05,0.00044928066246939123,0
2405,232284,0,100,0.05,0.00046822720221825873,0
2406,232384,0,100,0.05,0.000538021288557502,0
2407,232484,0,100,0.05,0.00044391843999619596,0
2408,232584,0,100,0.05,0.00047354603539133676,0
2409,232684,0,100,0.05,0.0004698306976570166,0
2410,232784,0,100,0.05,0.00041403877668926725,0
2411,232884,0,100,0.05,0.000477180743982899,0
2412,232984,0,100,0.05,0.00042796938792889706,0
2413,233084,0,100,0.05,0.0005083890605601482,0
2414,233184,0,100,0.05,0.0005004979217846994,0
2415,233284,0,100,0.05,0.0004094049530249322,0
2416,233384,0,100,0.05,0.0003819320415277616,0
2417,233484,0,100,0.05,0.00046653868794237495,0
2418,233584,0,100,0.05,0.00042506387551839,0
2419,233684,0,100,0.05,0.0004351216852955986,0
2420,233784,0,100,0.05,0.0004619614388502669,0
2421,233884,0,100,0.05,0.0004259186991112074,0
2422,233984,0,100,0.05,0.0004380400677109719,0
2423,234084,0,100,0.05,0.000428042299063236,0
2424,234184,0,100,0.05,0.00044123074967501453,0
2425,234284,0,100,0.05,0.0004676951885630842,0
2426,234384,0,100,0.05,0.0004182071096693107,0
2427,234484,0,100,0.05,0.00043990084537654184,0
2428,234584,0,100,0.05,0.0004748030188784469,0
2429,234684,0,100,0.05,0.0004008226351652411,0
2430,234784,0,100,0.05,0.00047489331169344953,0
2431,234884,0,100,0.05,0.00043128331988555145,0
2432,234984,0,100,0.05,0.0004666406791875488,0
2433,235084,0,100,0.05,0.00040556204114182036,0
2434,235184,0,100,0.05,0.0004597544775970164,0
2435,235284,0,100,0.05,0.00048302481747668934,0
2436,235384,0,100,0.05,0.00044764032178136405,0
2437,235484,0,100,0.05,0.0004218139274962596,0
2438,235584,0,100,0.05,0.0003815332569502061,0
2439,235684,0,100,0.05,0.0003958102006799891,0
2440,235784,0,100,0.05,0.0003866076039412292,0
2441,235884,0,100,0.05,0.00045978203332197154,0
2442,235984,0,100,0.05,0.0004277374978119042,0
2443,236084,0,100,0.05,0.00046529601622751214,0
2444,236184,0,100,0.05,0.00040877637893572684,0
2445,236284,0,100,0.05,0.00044989249254285825,0
2446,236293,0.919,9,0.05,0.0005171078098808519,1
2447,236393,0,100,0.05,0.0004647155601560371,0
2448,236493,0,100,0.05,0.00040183310560678367,0
2449,236593,0,100,0.05,0.00042823062796742305,0
2450,236693,0,100,0.05,0.0003459305825163028,0
2451,236793,0,100,0.05,0.0003688966465233534,0
2452,236893,0,100,0.05,0.00043213172211835625,0
2453,236993,0,100,0.05,0.00040978727367473766,0
2454,237093,0,100,0.05,0.00043841796621563845,0
2455,237176,0.253,83,0.05,0.00043145733500104286,1
2456,237276,0,100,0.05,0.00044141531274362935,0
2457,237279,0.973,3,0.05,0.0003408503156000127,1
2458,237379,0,100,0.05,0.0004701356160148862,0
2459,237479,0,100,0.05,0.0004039359313173918,0
2460,237516,0.667,37,0.05,0.0004178088705442418,1
2461,237616,0,100,0.05,0.0004197700478835031,0
2462,237716,0,100,0.05,0.0004056792667688569,0
2463,237816,0,100,0.05,0.0004591450098450878,0
2464,237916,0,100,0.05,0.0003460329329391243,0
2465,238016,0,100,0.05,0.0004370595397995203,0
2466,238116,0,100,0.05,0.0003881339005783957,0
2467,238216,0,100,0.05,0.0004199511928163702,0
2468,238316,0,100,0.05,0.00039833192226069515,0
2469,238416,0,100,0.05,0.0004335370363696711,0
2470,238516,0,100,0.05,0.0003848765726434067,0
2471,238616,0,100,0.05,0.00039807494184060485,0
2472,238716,0,100,0.05,0.0003992364901750989,0
2473,238816,0,100,0.05,0.00039076049011782743,0
2474,238916,0,100,0.05,0.0004645055323271663,0
2475,239016,0,100,0.05,0.00033606217013584685,0
2476,239116,0,100,0.05,0.0004247316361579578,0
2477,239216,0,100,0.05,0.000457725538763043,0
2478,239316,0,100,0.05,0.00047475801638938717,0
2479,239416,0,100,0.05,0.0004028057804771379,0
2480,239516,0,100,0.05,0.0003726814134461165,0
2481,239616,0,100,0.05,0.00043022041867516234,0
2482,239716,0,100,0.05,0.0003704072614073084,0
2483,239816,0,100,0.05,0.0004150399703939911,0
2484,239916,0,100,0.05,0.0004051457821333315,0
2485,240016,0,100,0.05,0.0003839437456917949,0
2486,240116,0,100,0.05,0.0004588677152787568,0
2487,240216,0,100,0.05,0.00041956322835176254,0
2488,240316,0,100,0.05,0.0004271406586485682,0
2489,240416,0,100,0.05,0.0004088425124427886,0
2490,240516,0,100,0.05,0.0004708646603830857,0
2491,240616,0,100,0.05,0.00044179467477079015,0
2492,240716,0,100,0.05,0.00040980386547744273,0
2493,240816,0,100,0.05,0.0004088428345130524,0
2494,240916,0,100,0.05,0.00038681948863086293,0
2495,241016,0,100,0.05,0.00036766164088476217,0
2496,241116,0,100,0.05,0.0004384318033771706,0
2497,241216,0,100,0.05,0.00039598237570317,0
2498,241316,0,100,0.05,0.00040917169488238867,0
2499,241416,0,100,0.05,0.00040923543099779635,0
2500,241516,0,100,0.05,0.00044815211731474847,0
2501,241616,0,100,0.05,0.00045629800519236596,0
2502,241716,0,100,0.05,0.0004122732531686779,0
2503,241816,0,100,0.05,0.00038595255748077764,0
2504,241916,0,100,0.05,0.0004116740242170636,0
2505,242016,0,100,0.05,0.00045413183335767825,0
2506,242116,0,100,0.05,0.00040129773591615956,0
2507,242216,0,100,0.05,0.00038977508098469115,0
2508,242316,0,100,0.05,0.00044734874252753796,0
2509,242416,0,100,0.05,0.00039283737194637067,0
2510,242516,0,100,0.05,0.00039754787823767404,0
2511,242616,0,100,0.05,0.00043504501787538174,0
2512,242716,0,100,0.05,0.00044754760863725097,0
2513,242807,0.18099999999999994,91,0.05,0.00037519156209312783,1
2514,242809,0.982,2,0.05,0.0001277232549909968,1
2515,242909,0,100,0.05,0.0004161181272138492,0
2516,243009,0,100,0.05,0.0004154893749000621,0
2517,243109,0,100,0.05,0.0004385355470913055,0
2518,243209,0,100,0.05,0.0003983997010072926,0
2519,243226,0.847,17,0.05,0.0003294719199937604,1
2520,243326,0,100,0.05,0.00038810150139397594,0
2521,243426,0,100,0.05,0.0004205289360470488,0
2522,243526,0,100,0.05,0.00040239049023512054,0
2523,243626,0,100,0.05,0.000387076084734872,0
2524,243726,0,100,0.05,0.00037198682188318346,0
2525,243826,0,100,0.05,0.0003895761398598552,0
2526,243926,0,100,0.05,0.0003611900206306018,0
2527,244026,0,100,0.05,0.0004347255354241497,0
2528,244126,0,100,0.05,0.0003915867038813303,0
2529,244226,0,100,0.05,0.00038588276809605306,0
2530,244326,0,100,0.05,0.0004313091740186792,0
2531,244426,0,100,0.05,0.0004577826033528254,0
2532,244526,0,100,0.05,0.0004447634291864233,0
2533,244626,0,100,0.05,0.00041953400650527326,0
2534,244726,0,100,0.05,0.0004126664657997026,0
2535,244826,0,100,0.05,0.0003865565209707711,0
2536,244926,0,100,0.05,0.00039498764970630874,0
2537,245026,0,100,0.05,0.00035167823672964003,0
2538,245126,0,100,0.05,0.0004254448720894288,0
2539,245226,0,100,0.05,0.0004080705098749604,0
2540,245326,0,100,0.05,0.00040217821166152137,0
2541,245426,0,100,0.05,0.0003947796055217623,0
2542,245526,0,100,0.05,0.00042584228356645326,0
2543,245626,0,100,0.05,0.0003871149147016695,0
2544,245726,0,100,0.05,0.0003662753148455522,0
2545,245826,0,100,0.05,0.0004475171076410334,0
2546,245926,0,100,0.05,0.000402575630832871,0
2547,246026,0,100,0.05,0.000405025768050109,0
2548,246126,0,100,0.05,0.0003651365968471509,0
2549,246226,0,100,0.05,0.00044794221093980013,0
2550,246326,0,100,0.05,0.0004135246647274471,0
2551,246426,0,100,0.05,0.0004422474117018282,0
2552,246526,0,100,0.05,0.0004297440424488741,0
2553,246572,0.586,46,0.05,0.0004299649392677289,1
2554,246672,0,100,0.05,0.0004035875416593626,0
2555,246772,0,100,0.05,0.00043666861198289554,0
2556,246872,0,100,0.05,0.00041554899758921237,0
2557,246972,0,100,0.05,0.0004289779320606613,0
2558,247072,0,100,0.05,0.0003966579391635605,0
2559,247172,0,100,0.05,0.0003802183881271048,0
2560,247272,0,100,0.05,0.00036450467214308444,0
2561,247372,0,100,0.05,0.0004139697802020237,0
2562,247472,0,100,0.05,0.0003807906014844775,0
2563,247572,0,100,0.05,0.00042517883721302494,0
2564,247651,0.2889999999999999,79,0.05,0.0004316270169050468,1
2565,247751,0,100,0.05,0.0003692529544787249,0
2566,247851,0,100,0.05,0.00042053675773786383,0
2567,247951,0,100,0.05,0.0004045303789825994,0
2568,248051,0,100,0.05,0.0003692740144833806,0
2569,248151,0,100,0.05,0.00048256479469273474,0
2570,248251,0,100,0.05,0.00038592016797338145,0
2571,248351,0,100,0.05,0.0004401869840512518,0
2572,248451,0,100,0.05,0.00036888843907945557,0
2573,248551,0,100,0.05,0.00039348439109744505,0
2574,248651,0,100,0.05,0.00047842728776231524,0
2575,248751,0,100,0.05,0.0004303310505929403,0
2576,248851,0,100,0.05,0.0003561565557720314,0
2577,248951,0,100,0.05,0.0004207718421093887,0
2578,249051,0,100,0.05,0.00042005953371699434,0
2579,249151,0,100,0.05,0.00045322644869884245,0
2580,249251,0,100,0.05,0.0003939823169275769,0
2581,249351,0,100,0.05,0.0004405145321652526,0
2582,249451,0,100,0.05,0.00037752841899418854,0
2583,249551,0,100,0.05,0.0003759869326313492,0
2584,249651,0,100,0.05,0.00040157808565709273,0
2585,249751,0,100,0.05,0.00038429241150879535,0
2586,249851,0,100,0.05,0.00036088929140532856,0
2587,249951,0,100,0.05,0.00039452815071854274,0
2588,250051,0,100,0.05,0.00042062253756739663,0
2589,250151,0,100,0.05,0.00040746561251580715,0
2590,250251,0,100,0.05,0.0004224702726241958,0
2591,250351,0,100,0.05,0.0003535093708160275,0
2592,250451,0,100,0.05,0.00037389317534689323,0
2593,250551,0,100,0.05,0.0003955830345512368,0
2594,250651,0,100,0.05,0.0003915310089723789,0
2595,250751,0,100,0.05,0.00038178526807314484,0
2596,250851,0,100,0.05,0.00037648789177183064,0
2597,250938,0.21699999999999997,87,0.05,0.0003953685266204612,1
2598,251038,0,100,0.05,0.00040029396619502223,0
2599,251138,0,100,0.05,0.0003795704247022513,0
2600,251238,0,100,0.05,0.00041963260391639776,0
2601,251338,0,100,0.05,0.00037313231481675755,0
2602,251438,0,100,0.05,0.0003920401483264868,0
2603,251538,0,100,0.05,0.0004110170117201051,0
2604,251638,0,100,0.05,0.0003609536952717463,0
2605,251738,0,100,0.05,0.00034442441818100634,0
2606,251838,0,100,0.05,0.00035663413740621763,0
2607,251938,0,100,0.05,0.00041425982090004254,0
2608,252038,0,100,0.05,0.0004394844491253025,0
2609,252138,0,100,0.05,0.0003807260438043159,0
2610,252238,0,100,0.05,0.00042230721934174656,0
2611,252338,0,100,0.05,0.0003952972396473342,0
2612,252438,0,100,0.05,0.0004232147712173173,0
2613,252538,0,100,0.05,0.0003573949590463599,0
2614,252638,0,100,0.05,0.0003740967621888558,0
2615,252738,0,100,0.05,0.0003980522675192333,0
2616,252838,0,100,0.05,0.00036831294190051264,0
2617,252938,0,100,0.05,0.0003951755333036999,0
2618,253038,0,100,0.05,0.00039693920425634135,0
2619,253048,0.91,10,0.05,0.00034811394289135933,1
2620,253148,0,100,0.05,0.0004422346349383588,0
2621,253248,0,100,0.05,0.0004772320530901197,0
2622,253348,0,100,0.05,0.000440506263403222,0
2623,253448,0,100,0.05,0.00039804539948818274,0
2624,253548,0,100,0.05,0.00039443943667720303,0
2625,253648,0,100,0.05,0.00043449216236695064,0
2626,253748,0,100,0.05,0.0004369649199725245,0
2627,253848,0,100,0.05,0.00037259585205902114,0
2628,253948,0,100,0.05,0.0003768447335824021,0
2629,254048,0,100,0.05,0.0004076187861937797,0
2630,254148,0,100,0.05,0.0004234699830703903,0
2631,254248,0,100,0.05,0.0003691376766801113,0
2632,254348,0,100,0.05,0.0004302830219967291,0
2633,254448,0,100,0.05,0.0004063619752923842,0
2634,254548,0,100,0.05,0.0003976011102167831,0
2635,254648,0,100,0.05,0.00039622895596039595,0
2636,254748,0,100,0.05,0.00042083004158484984,0
2637,254848,0,100,0.05,0.0004382786938731442,0
2638,254948,0,100,0.05,0.0003925672222612775,0
2639,255048,0,100,0.05,0.0004578805179335177,0
2640,255148,0,100,0.05,0.00038016893187887036,0
2641,255248,0,100,0.05,0.00037118279600690585,0
2642,255348,0,100,0.05,0.0003879391879308969,0
2643,255448,0,100,0.05,0.0003649882828904083,0
2644,255548,0,100,0.05,0.0003990829826580011,0
2645,255648,0,100,0.05,0.00039980603505682664,0
2646,255748,0,100,0.05,0.0004280132104031509,0
2647,255848,0,100,0.05,0.00045338073559832994,0
2648,255948,0,100,0.05,0.000461134450379177,0
2649,256048,0,100,0.05,0.0004111899581403122,0
2650,256148,0,100,0.05,0.0004002327316266019,0
2651,256248,0,100,0.05,0.00044861742229841185,0
2652,256348,0,100,0.05,0.00040185855723393613,0
2653,256448,0,100,0.05,0.00041795335684582826,0
2654,256548,0,100,0.05,0.00040382739298365776,0
2655,256648,0,100,0.05,0.00038844493788928956,0
2656,256748,0,100,0.05,0.00038716004168236394,0
2657,256848,0,100,0.05,0.0003563232056330889,0
2658,256948,0,100,0.05,0.0004223465342147392,0
2659,257048,0,100,0.05,0.0003983998217518092,0
2660,257148,0,100,0.05,0.00039814708918129327,0
2661,257248,0,100,0.05,0.00039910937788590673,0
2662,257348,0,100,0.05,0.00034934376399178293,0
2663,257448,0,100,0.05,0.00035819412227283465,0
2664,257548,0,100,0.05,0.0004234830278073787,0
2665,257648,0,100,0.05,0.0003572230371355545,0
2666,257748,0,100,0.05,0.0004053387986505186,0
2667,257848,0,100,0.05,0.0003896134437309229,0
2668,257948,0,100,0.05,0.00038903003911400447,0
2669,258048,0,100,0.05,0.00046003223073057595,0
2670,258148,0,100,0.05,0.00044670413532003293,0
2671,258248,0,100,0.05,0.0003899911116241128,0
2672,258348,0,100,0.05,0.0003657431047395221,0
2673,258448,0,100,0.05,0.0003767482032708358,0
2674,258548,0,100,0.05,0.0003892947316126083,0
2675,258648,0,100,0.05,0.0003916442432819167,0
2676,258748,0,100,0.05,0.0004389268077648012,0
2677,258848,0,100,0.05,0.00035646364700369303,0
2678,258948,0,100,0.05,0.00034635805041034474,0
2679,259048,0,100,0.05,0.00040971155041916066,0
2680,259148,0,100,0.05,0.0003660976191531518,0
2681,259248,0,100,0.05,0.000399795663797704,0
2682,259348,0,100,0.05,0.00041989347242633813,0
2683,259448,0,100,0.05,0.0003328559063083958,0
2684,259548,0,100,0.05,0.00032980356696498347,0
2685,259648,0,100,0.05,0.0003639325704352814,0
2686,259748,0,100,0.05,0.0004032221596207819,0
2687,259848,0,100,0.05,0.0004251781493803719,0
2688,259948,0,100,0.05,0.00038709629929144283,0
2689,260048,0,100,0.05,0.0003798516289680265,0
2690,260148,0,100,0.05,0.00037555177877948156,0
2691,260248,0,100,0.05,0.00036325428758573255,0
2692,260348,0,100,0.05,0.0003742409488768317,0
2693,260448,0,100,0.05,0.000431533626106102,0
2694,260548,0,100,0.05,0.00041258002747781577,0
2695,260648,0,100,0.05,0.0003626632642590266,0
2696,260748,0,100,0.05,0.00035688861362359603,0
2697,260848,0,100,0.05,0.0003981679427124618,0
2698,260948,0,100,0.05,0.0003956418747839052,0
2699,261048,0,100,0.05,0.0002915572110578069,0
2700,261148,0,100,0.05,0.00043580647748967747,0
2701,261248,0,100,0.05,0.0003675661539818975,0
2702,261348,0,100,0.05,0.00036989054024161305,0
2703,261448,0,100,0.05,0.0003482790210182429,0
2704,261548,0,100,0.05,0.00038089300003775863,0
2705,261648,0,100,0.05,0.00037622668820404216,0
2706,261748,0,100,0.05,0.00033939625307539246,0
2707,261848,0,100,0.05,0.0004161653281698818,0
2708,261948,0,100,0.05,0.00042308631043852074,0
2709,262048,0,100,0.05,0.00046392243955779123,0
2710,262148,0,100,0.05,0.00036327480229374486,0
2711,262248,0,100,0.05,0.0003410424124194833,0
2712,262348,0,100,0.05,0.0003628744206071133,0
2713,262448,0,100,0.05,0.00032258877316053257,0
2714,262548,0,100,0.05,0.00043342149379896,0
2715,262648,0,100,0.05,0.00036031563839060253,0
2716,262748,0,100,0.05,0.00036501563470665133,0
2717,262848,0,100,0.05,0.00039385954063618554,0
2718,262948,0,100,0.05,0.0003552794077404542,0
2719,263048,0,100,0.05,0.0003424991414431133,0
2720,263148,0,100,0.05,0.00040953137329779565,0
2721,263248,0,100,0.05,0.0003853267007434624,0
2722,263348,0,100,0.05,0.0003924676394308335,0
2723,263448,0,100,0.05,0.0003336075311017339,0
2724,263548,0,100,0.05,0.00036646263626607836,0
2725,263648,0,100,0.05,0.00035338898804184284,0
2726,263748,0,100,0.05,0.0003760022905225924,0
2727,263848,0,100,0.05,0.0003658047965291189,0
2728,263948,0,100,0.05,0.0003159367926127743,0
2729,264048,0,100,0.05,0.00034282690954569263,0
2730,264148,0,100,0.05,0.000391841281671077,0
2731,264248,0,100,0.05,0.0004111272523732623,0
2732,264348,0,100,0.05,0.0003442312916740775,0
2733,264448,0,100,0.05,0.0003439061379503983,0
2734,264548,0,100,0.05,0.0003744284914682794,0
2735,264648,0,100,0.05,0.000339637867800775,0
2736,264748,0,100,0.05,0.0004100771906087175,0
2737,264761,0.883,13,0.05,0.00024194494583823072,1
2738,264861,0,100,0.05,0.0003629582126814057,0
2739,264961,0,100,0.05,0.0003172467937110923,0
2740,265061,0,100,0.05,0.00034069129349518335,0
2741,265161,0,100,0.05,0.00038204976972338044,0
2742,265261,0,100,0.05,0.0003585762107468327,0
2743,265361,0,100,0.05,0.00032771260312074445,0
2744,265461,0,100,0.05,0.0003768379487883067,0
2745,265561,0,100,0.05,0.000384524050859909,0
2746,265661,0,100,0.05,0.00041212678126612446,0
2747,265761,0,100,0.05,0.0002990367925121973,0
2748,265861,0,100,0.05,0.00033959550792133085,0
2749,265961,0,100,0.05,0.00032760909660282776,0
2750,266061,0,100,0.05,0.0003734325390541926,0
2751,266161,0,100,0.05,0.00038956865904765436,0
2752,266261,0,100,0.05,0.00039360559143460707,0
2753,266361,0,100,0.05,0.00035258196679933463,0
2754,266461,0,100,0.05,0.00035953752463683484,0
2755,266561,0,100,0.05,0.0003868378450715682,0
2756,266661,0,100,0.05,0.00032621584434309623,0
2757,266761,0,100,0.05,0.0003581528058930417,0
2758,266861,0,100,0.05,0.0003619963090386591,0
2759,266961,0,100,0.05,0.00036841955572526787,0
2760,267061,0,100,0.05,0.00035011949579711655,0
2761,267161,0,100,0.05,0.0003925540226191515,0
2762,267261,0,100,0.05,0.0003529134058044292,0
2763,267361,0,100,0.05,0.0003856419588555582,0
2764,267461,0,100,0.05,0.0003928320541308494,0
2765,267561,0,100,0.05,0.0003879530645281193,0
2766,267661,0,100,0.05,0.00033656626004813006,0
2767,267761,0,100,0.05,0.0003372990722164104,0
2768,267797,0.6759999999999999,36,0.05,0.0003593003912101267,1
2769,267897,0,100,0.05,0.00034011983476375465,0
2770,267997,0,100,0.05,0.0003469603988560266,0
2771,268097,0,100,0.05,0.0003901483683148399,0
2772,268197,0,100,0.05,0.00034207156757474875,0
2773,268297,0,100,0.05,0.0003950785815686686,0
2774,268397,0,100,0.05,0.00032669082132997574,0
2775,268497,0,100,0.05,0.0003335033762778039,0
2776,268597,0,100,0.05,0.000349008808589133,0
2777,268697,0,100,0.05,0.00034179519454482945,0
2778,268788,0.18099999999999994,91,0.05,0.00037278361020611015,1
2779,268888,0,100,0.05,0.00035877721418728467,0
2780,268988,0,100,0.05,0.0003688229508770746,0
2781,269060,0.352,72,0.05,0.00037191739092021534,1
2782,269160,0,100,0.05,0.00032587449062702943,0
2783,269260,0,100,0.05,0.0003956082561671792,0
2784,269360,0,100,0.05,0.00036037729572854007,0
2785,269400,0.6399999999999999,40,0.05,0.0003285432088887319,1
2786,269500,0,100,0.05,0.00039714316226309166,0
2787,269600,0,100,0.05,0.0003735571015931782,0
2788,269700,0,100,0.05,0.00035931524449551945,0
2789,269800,0,100,0.05,0.00034660690516830073,0
2790,269900,0,100,0.05,0.0003951998821867164,0
2791,270000,0,100,0.05,0.0003178558290528599,0
2792,270100,0,100,0.05,0.0003905037633739994,0
2793,270200,0,100,0.05,0.000348407846322516,0
2794,270300,0,100,0.05,0.00034458381353033476,0
2795,270400,0,100,0.05,0.00035506835396517997,0
2796,270500,0,100,0.05,0.0003900277904904215,0
2797,270600,0,100,0.05,0.0003564741498848889,0
2798,270700,0,100,0.05,0.0003342935058026342,0
2799,270800,0,100,0.05,0.0003187847817025613,0
2800,270900,0,100,0.05,0.0003560100682079792,0
2801,271000,0,100,0.05,0.0003434747937717475,0
2802,271100,0,100,0.05,0.00036765749671758386,0
2803,271200,0,100,0.05,0.00036001377211505317,0
2804,271300,0,100,0.05,0.0003607876505702734,0
2805,271400,0,100,0.05,0.0003308173272307613,0
2806,271500,0,100,0.05,0.0003575962105969666,0
2807,271600,0,100,0.05,0.0003620904063791386,0
2808,271700,0,100,0.05,0.0003620954389043618,0
2809,271800,0,100,0.05,0.00032969935571600215,0
2810,271900,0,100,0.05,0.00028396284793416273,0
2811,272000,0,100,0.05,0.00033982201472099405,0
2812,272100,0,100,0.05,0.0003475893225368054,0
2813,272200,0,100,0.05,0.00033989404317253503,0
2814,272300,0,100,0.05,0.0003089151038875571,0
2815,272375,0.32499999999999996,75,0.05,0.00036622393628931604,1
2816,272475,0,100,0.05,0.00038892180808034024,0
2817,272575,0,100,0.05,0.0003977150241553318,0
2818,272675,0,100,0.05,0.00035579484450863673,0
2819,272775,0,100,0.05,0.0003519257032166934,0
2820,272807,0.712,32,0.05,0.00035285226340420195,1
2821,272907,0,100,0.05,0.0003713595648514456,0
2822,273007,0,100,0.05,0.0003639128298709693,0
2823,273107,0,100,0.05,0.0003531912359176204,0
2824,273207,0,100,0.05,0.00032243782741716133,0
2825,273307,0,100,0.05,0.00030770253655646227,0
2826,273407,0,100,0.05,0.000388685538127902,0
2827,273507,0,100,0.05,0.0003640454542619409,0
2828,273524,0.847,17,0.05,0.0002845278227409033,1
2829,273624,0,100,0.05,0.0003296437183598755,0
2830,273724,0,100,0.05,0.00038619634353381115,0
2831,273824,0,100,0.05,0.0003283781392565288,0
2832,273924,0,100,0.05,0.0003308104475036089,0
2833,274024,0,100,0.05,0.00036722628599818565,0
2834,274124,0,100,0.05,0.00031487660065977253,0
2835,274224,0,100,0.05,0.00037453160079166994,0
2836,274324,0,100,0.05,0.00037587807804811746,0
2837,274424,0,100,0.05,0.00032561372947384373,0
2838,274524,0,100,0.05,0.0003752042375435849,0
2839,274624,0,100,0.05,0.000355888411795604,0
2840,274724,0,100,0.05,0.00034881156385381475,0
2841,274824,0,100,0.05,0.00034392500456306154,0
2842,274924,0,100,0.05,0.0003319500447832979,0
2843,275024,0,100,0.05,0.00036754232074599714,0
2844,275124,0,100,0.05,0.0003312874941912014,0
2845,275222,0.118,98,0.05,0.00032057499074467994,1
2846,275322,0,100,0.05,0.0003670401494309772,0
2847,275325,0.973,3,0.05,0.0003807777029578574,1
2848,275425,0,100,0.05,0.00034293450516997837,0
2849,275525,0,100,0.05,0.00036064381361939013,0
2850,275625,0,100,0.05,0.000338024116208544,0
2851,275725,0,100,0.05,0.00034963130070536863,0
2852,275825,0,100,0.05,0.00033159474176500223,0
2853,275925,0,100,0.05,0.0003353606511154794,0
2854,276025,0,100,0.05,0.00034640146761375943,0
2855,276125,0,100,0.05,0.0002914994933598791,0
2856,276225,0,100,0.05,0.00033435333691159033,0
2857,276325,0,100,0.05,0.0003697943556471728,0
2858,276425,0,100,0.05,0.00030224727783206617,0
2859,276525,0,100,0.05,0.0003553872224256338,0
2860,276625,0,100,0.05,0.000302247514409828,0
2861,276725,0,100,0.05,0.00034242244761117035,0
2862,276825,0,100,0.05,0.00034521611753007164,0
2863,276925,0,100,0.05,0.0003311718711120193,0
2864,277001,0.31599999999999995,76,0.05,0.00036753886812029553,1
2865,277101,0,100,0.05,0.00038008569666999394,0
2866,277201,0,100,0.05,0.00032232598761765984,0
2867,277301,0,100,0.05,0.00036961573248845526,0
2868,277401,0,100,0.05,0.0003278314769340795,0
2869,277501,0,100,0.05,0.00030057978601689684,0
2870,277601,0,100,0.05,0.00028979527683986817,0
2871,277701,0,100,0.05,0.0003936705649357464,0
2872,277801,0,100,0.05,0.00034636401996976927,0
2873,277901,0,100,0.05,0.0003284280299703823,0
2874,278001,0,100,0.05,0.00034199572652141794,0
2875,278101,0,100,0.05,0.0002990145355943241,0
2876,278201,0,100,0.05,0.00035428706261882327,0
2877,278301,0,100,0.05,0.0003115446707488445,0
2878,278401,0,100,0.05,0.00030950956761444104,0
2879,278501,0,100,0.05,0.0003527843843039591,0
2880,278601,0,100,0.05,0.00035400992603172197,0
2881,278701,0,100,0.05,0.00033180109257955335,0
2882,278734,0.703,33,0.05,0.00030263910505737204,1
2883,278834,0,100,0.05,0.0003579082847682002,0
2884,278934,0,100,0.05,0.0003563445111285546,0
2885,279034,0,100,0.05,0.0002867355082707945,0
2886,279047,0.883,13,0.05,0.00032595634267916187,1
2887,279147,0,100,0.05,0.0003157056167583505,0
2888,279247,0,100,0.05,0.0003058990245699533,0
2889,279347,0,100,0.05,0.00033668834272248204,0
2890,279447,0,100,0.05,0.0003327187176910229,0
2891,279547,0,100,0.05,0.00029424526903312656,0
2892,279647,0,100,0.05,0.00032709620863897727,0
2893,279747,0,100,0.05,0.0003052643021692347,0
2894,279847,0,100,0.05,0.0003360552956655738,0
2895,279947,0,100,0.05,0.00032144466571480733,0
2896,280047,0,100,0.05,0.00032085611233924284,0
2897,280147,0,100,0.05,0.0003316114129484049,0
2898,280247,0,100,0.05,0.00033978215084061957,0
2899,280310,0.43299999999999994,63,0.05,0.00031363897892694535,1
2900,280410,0,100,0.05,0.00035282463642943184,0
2901,280510,0,100,0.05,0.00031416806628840275,0
2902,280610,0,100,0.05,0.0003072302930377191,0
2903,280710,0,100,0.05,0.00031005082819319797,0
2904,280810,0,100,0.05,0.00032521875451493545,0
2905,280910,0,100,0.05,0.0003417003033246147,0
2906,281003,0.16299999999999992,93,0.05,0.00029766869822627195,1
2907,281103,0,100,0.05,0.00038244203098656724,0
2908,281104,0.991,1,0.05,0.0007948410930112004,1
2909,281204,0,100,0.05,0.00032842589374922684,0
2910,281304,0,100,0.05,0.0002831701690956834,0
2911,281404,0,100,0.05,0.0003118176804491668,0
2912,281504,0,100,0.05,0.0003246304449839954,0
2913,281604,0,100,0.05,0.00033145862602395937,0
2914,281704,0,100,0.05,0.00032669334095771776,0
2915,281804,0,100,0.05,0.0003299332483584294,0
2916,281904,0,100,0.05,0.0003199625936758821,0
2917,282004,0,100,0.05,0.0003142673748516245,0
2918,282104,0,100,0.05,0.00031145220937105477,0
2919,282204,0,100,0.05,0.00030425998291320864,0
2920,282304,0,100,0.05,0.0003242688256432302,0
2921,282342,0.6579999999999999,38,0.05,0.00039923485497925676,1
2922,282442,0,100,0.05,0.00033564181427209405,0
2923,282542,0,100,0.05,0.0003234726240953023,0
2924,282642,0,100,0.05,0.0003041275498981122,0
2925,282742,0,100,0.05,0.00034779488105414204,0
2926,282842,0,100,0.05,0.0003266856214031577,0
2927,282942,0,100,0.05,0.0002760356494763982,0
2928,283042,0,100,0.05,0.0003080854659492616,0
2929,283142,0,100,0.05,0.0003214707113511395,0
2930,283242,0,100,0.05,0.0003030058361400734,0
2931,283342,0,100,0.05,0.00031257601349352624,0
2932,283442,0,100,0.05,0.0003445543444740906,0
2933,283542,0,100,0.05,0.00033943485377676554,0
2934,283642,0,100,0.05,0.00032407712013082346,0
2935,283742,0,100,0.05,0.0003236738715713727,0
2936,283842,0,100,0.05,0.0003333543933331384,0
2937,283942,0,100,0.05,0.00027320723993398135,0
2938,284042,0,100,0.05,0.00036997173530835427,0
2939,284142,0,100,0.05,0.0002896055862220237,0
2940,284242,0,100,0.05,0.00033754746704289573,0
2941,284342,0,100,0.05,0.00031059114524396137,0
2942,284442,0,100,0.05,0.0003240321595876594,0
2943,284542,0,100,0.05,0.0002776369420462288,0
2944,284642,0,100,0.05,0.00028447578062696266,0
2945,284742,0,100,0.05,0.000301640857323946,0
2946,284842,0,100,0.05,0.00030406151574425167,0
2947,284942,0,100,0.05,0.00029764893020910676,0
2948,285042,0,100,0.05,0.00031178810062556297,0
2949,285142,0,100,0.05,0.00033035609292710435,0
2950,285242,0,100,0.05,0.00028041421734087635,0
2951,285342,0,100,0.05,0.00030991524443379603,0
2952,285442,0,100,0.05,0.00031498196714892403,0
2953,285542,0,100,0.05,0.0003391298934366205,0
2954,285642,0,100,0.05,0.00028212261950102404,0
2955,285742,0,100,0.05,0.00031048960008774886,0
2956,285828,0.22599999999999998,86,0.05,0.00031591390743838124,1
2957,285928,0,100,0.05,0.0003138911013957113,0
2958,286028,0,100,0.05,0.0003240702006405627,0
2959,286128,0,100,0.05,0.00032385617836553135,0
2960,286228,0,100,0.05,0.0003443234814403695,0
2961,286328,0,100,0.05,0.0002992202596215066,0
2962,286428,0,100,0.05,0.0002839256129300338,0
2963,286528,0,100,0.05,0.00031364333830424584,0
2964,286628,0,100,0.05,0.00029716869466028583,0
2965,286728,0,100,0.05,0.0003293789662711788,0
2966,286828,0,100,0.05,0.0003341146526508965,0
2967,286928,0,100,0.05,0.00029828949182046925,0
2968,287028,0.09999999999999998,100,0.05,0.0002949267270741984,1
2969,287128,0,100,0.05,0.00033045782876797605,0
2970,287228,0,100,0.05,0.00031388692503242055,0
2971,287328,0,100,0.05,0.0002952981582348002,0
2972,287428,0,100,0.05,0.00032616431184578687,0
2973,287528,0,100,0.05,0.0002968424656228308,0
2974,287628,0,100,0.05,0.0002954188051080564,0
2975,287728,0,100,0.05,0.00026040735145215876,0
2976,287828,0,100,0.05,0.00031991548174119087,0
2977,287928,0,100,0.05,0.0002879672601920902,0
2978,288028,0,100,0.05,0.00032376642779127,0
2979,288128,0,100,0.05,0.0002886961776857788,0
2980,288228,0,100,0.05,0.0003321861998847453,0
2981,288328,0,100,0.05,0.0002997422810585704,0
2982,288428,0,100,0.05,0.0003453791876381729,0
2983,288528,0,100,0.05,0.0003380995379484375,0
2984,288628,0,100,0.05,0.00031803941954422043,0
2985,288728,0,100,0.05,0.0002801403998819296,0
2986,288828,0,100,0.05,0.00028614040100364944,0
2987,288928,0,100,0.05,0.0002924127151709399,0
2988,289028,0,100,0.05,0.00028903465248731664,0
2989,289128,0,100,0.05,0.00031820251861063297,0
2990,289228,0,100,0.05,0.0002930406178711564,0
2991,289328,0,100,0.05,0.0002926305220171344,0
2992,289428,0,100,0.05,0.0003221005248633446,0
2993,289528,0,100,0.05,0.0003076367739413399,0
2994,289628,0,100,0.05,0.0003100703538984817,0
2995,289728,0,100,0.05,0.00031673434903495946,0
2996,289770,0.622,42,0.05,0.00024349450333310024,1
2997,289870,0,100,0.05,0.0003240265143176657,0
2998,289970,0,100,0.05,0.0002990001529724395,0
2999,290070,0,100,0.05,0.0002974487995561503,0
3000,290170,0,100,0.05,0.0002897176836268045,0
3001,290270,0,100,0.05,0.0002938507239377941,0
3002,290370,0,100,0.05,0.00026618830022925974,0
3003,290470,0,100,0.05,0.0002894181613373803,0
3004,290570,0,100,0.05,0.0002975071050968836,0
3005,290670,0,100,0.05,0.00030770745244808497,0
3006,290770,0,100,0.05,0.0002837745002761949,0
3007,290870,0,100,0.05,0.00030230295491492145,0
3008,290970,0,100,0.05,0.00028583950737811394,0
3009,291070,0,100,0.05,0.00032806316477945074,0
3010,291170,0,100,0.05,0.00031636104573408376,0
3011,291270,0,100,0.05,0.0002799537236933247,0
3012,291370,0,100,0.05,0.0002754444265156053,0
3013,291470,0,100,0.05,0.00027112725019833305,0
3014,291570,0,100,0.05,0.0003086251434069709,0
3015,291670,0,100,0.05,0.0002570562163964496,0
3016,291770,0,100,0.05,0.0002924201732093934,0
3017,291870,0,100,0.05,0.000267544164607898,0
3018,291970,0,100,0.05,0.0002824000064720167,0
3019,292070,0,100,0.05,0.0002768140816988307,0
3020,292170,0,100,0.05,0.0003055936335294973,0
3021,292270,0,100,0.05,0.0003036123359561316,0
3022,292370,0,100,0.05,0.00030257362972406553,0
3023,292470,0,100,0.05,0.00023917733242342364,0
3024,292570,0,100,0.05,0.000292132707509154,0
3025,292670,0,100,0.05,0.00029481794666935457,0
3026,292770,0,100,0.05,0.0002742630266038759,0
3027,292870,0,100,0.05,0.00030104151086561613,0
3028,292970,0,100,0.05,0.0002538462202210212,0
3029,293070,0,100,0.05,0.000296063217037954,0
3030,293170,0,100,0.05,0.0002743744305917062,0
3031,293270,0,100,0.05,0.000323564276441175,0
3032,293370,0,100,0.05,0.00032894770811253693,0
3033,293470,0,100,0.05,0.000265048851906613,0
3034,293570,0,100,0.05,0.00024175853954147897,0
3035,293670,0,100,0.05,0.00029509117289308053,0
3036,293770,0,100,0.05,0.0002924836241800222,0
3037,293870,0,100,0.05,0.0002610640914281248,0
3038,293970,0,100,0.05,0.00027978816968243336,0
3039,294070,0,100,0.05,0.00031315446154621895,0
3040,294170,0,100,0.05,0.0002937775071859505,0
3041,294270,0,100,0.05,0.0002832131055311038,0
3042,294370,0,100,0.05,0.00025220194369467207,0
3043,294470,0,100,0.05,0.00031139370061282533,0
3044,294570,0,100,0.05,0.00026281055965228007,0
3045,294670,0,100,0.05,0.00026584155406453644,0
3046,294770,0,100,0.05,0.0002711170439215493,0
3047,294870,0,100,0.05,0.0002798857918969588,0
3048,294970,0,100,0.05,0.0002613243603354931,0
3049,295070,0,100,0.05,0.00030841512074403,0
3050,295170,0,100,0.05,0.000308393474215336,0
3051,295270,0,100,0.05,0.00023630967731151032,0
3052,295370,0,100,0.05,0.00031245543930708664,0
3053,295377,0.9369999999999999,7,0.05,0.000256808332259035,1
3054,295477,0,100,0.05,0.0002629037666338263,0
3055,295577,0,100,0.05,0.0002806012277596892,0
3056,295677,0,100,0.05,0.00023059403443767223,0
3057,295736,0.469,59,0.05,0.0003187903053851372,1
3058,295836,0,100,0.05,0.0002650718456243339,0
3059,295936,0,100,0.05,0.0002764392532844795,0
3060,296036,0,100,0.05,0.0003048418598154967,0
3061,296136,0,100,0.05,0.00026426966633152915,0
3062,296236,0,100,0.05,0.00024786427897197425,0
3063,296336,0,100,0.05,0.00027647934377455385,0
3064,296436,0,100,0.05,0.0002571194575557456,0
3065,296536,0,100,0.05,0.0002636382946730009,0
3066,296636,0,100,0.05,0.00023856429694205873,0
3067,296736,0,100,0.05,0.0002531260442265193,0
3068,296836,0,100,0.05,0.0002858248480333714,0
3069,296936,0,100,0.05,0.00026010888774180785,0
3070,297036,0,100,0.05,0.00030145097594868274,0
3071,297136,0,100,0.05,0.0002671135458876961,0
3072,297236,0,100,0.05,0.00026760305165225874,0
3073,297239,0.973,3,0.05,0.00033837905842422816,1
3074,297339,0,100,0.05,0.00026456010393303584,0
3075,297439,0,100,0.05,0.00027268852329143556,0
3076,297539,0,100,0.05,0.00025542986708387616,0
3077,297639,0,100,0.05,0.00025270563378398947,0
3078,297739,0,100,0.05,0.00029031603506155077,0
3079,297809,0.37,70,0.05,0.00026171098826515457,1
3080,297909,0,100,0.05,0.00032179345089389244,0
3081,298009,0,100,0.05,0.0002803195162778138,0
3082,298109,0,100,0.05,0.00026810680803464494,0
3083,298209,0,100,0.05,0.0002780297271237941,0
3084,298309,0,100,0.05,0.00025759719486813994,0
3085,298409,0,100,0.05,0.00024008067703107372,0
3086,298509,0,100,0.05,0.0002770912630148814,0
3087,298609,0,100,0.05,0.0002771071856841445,0
3088,298709,0,100,0.05,0.00029936700831967756,0
3089,298721,0.892,12,0.05,0.00045815986307691975,1
3090,298821,0,100,0.05,0.0002645048913473147,0
3091,298921,0,100,0.05,0.0002566063693666365,0
3092,299021,0,100,0.05,0.00026146517071538254,0
3093,299121,0,100,0.05,0.0002732833256777667,0
3094,299221,0,100,0.05,0.0002540003378453548,0
3095,299321,0,100,0.05,0.0002943417697679251,0
3096,299421,0,100,0.05,0.0002503028240244021,0
3097,299521,0,100,0.05,0.0002376436167196516,0
3098,299621,0,100,0.05,0.00024287426951559609,0
3099,299721,0,100,0.05,0.0002777885064278962,0
3100,299821,0,100,0.05,0.0002573457189282635,0
3101,299921,0,100,0.05,0.0002734230869100429,0
3102,300000,0,79,0.05,0.0002478244496390439,0
