episode,frames,episode_reward,episode_len,epsilon,loss,success
1,100,0,100,0.9994722222222222,6.959137183220087e-05,0
2,200,0,100,0.9989444444444444,2.66889148088012e-05,0
3,300,0,100,0.9984166666666666,1.6024197370825278e-05,0
4,400,0,100,0.9978888888888889,1.3724579157496918e-05,0
5,500,0,100,0.9973611111111111,8.44301132929104e-06,0
6,600,0,100,0.9968333333333333,8.197607330657775e-06,0
7,700,0,100,0.9963055555555556,7.317828892610123e-06,0
8,800,0,100,0.9957777777777778,7.3056352550793234e-06,0
9,900,0,100,0.99525,6.160654121458719e-06,0
10,1000,0,100,0.9947222222222222,6.484135880100439e-06,0
11,1100,0,100,0.9941944444444445,3.4712748201854994e-05,0
12,1200,0,100,0.9936666666666667,1.4134655355064752e-05,0
13,1300,0,100,0.9931388888888889,9.241077068509184e-06,0
14,1400,0,100,0.9926111111111111,6.891660096925989e-06,0
15,1500,0,100,0.9920833333333333,5.8309069413553515e-06,0
16,1600,0,100,0.9915555555555555,4.411848027530141e-06,0
17,1700,0,100,0.9910277777777777,4.898151382803917e-06,0
18,1800,0,100,0.9905,3.815228492385358e-06,0
19,1900,0,100,0.9899722222222223,4.4470410819030805e-06,0
20,2000,0,100,0.9894444444444445,4.944402649016411e-06,0
21,2100,0,100,0.9889166666666667,2.2449552320722434e-05,0
22,2200,0,100,0.9883888888888889,1.1403027281176037e-05,0
23,2300,0,100,0.9878611111111111,7.195373666490923e-06,0
24,2400,0,100,0.9873333333333333,6.643641872869921e-06,0
25,2500,0,100,0.9868055555555556,5.861254929868665e-06,0
26,2600,0,100,0.9862777777777778,4.339807428550558e-06,0
27,2700,0,100,0.98575,4.209976576703412e-06,0
28,2713,0.883,13,0.9856813888888889,9.970250807082966e-05,1
29,2813,0,100,0.9851536111111111,0.00032400339549894854,0
30,2913,0,100,0.9846258333333333,2.671295608706714e-05,0
31,3013,0,100,0.9840980555555555,2.0298845843171876e-05,0
32,3113,0,100,0.9835702777777777,4.5990344870006086e-05,0
33,3213,0,100,0.9830425,3.6843989728367885e-05,0
34,3313,0,100,0.9825147222222222,0.00011105563962246379,0
35,3413,0,100,0.9819869444444445,2.652921079970838e-05,0
36,3482,0.379,69,0.9816227777777777,2.236794854479081e-05,1
37,3582,0,100,0.981095,5.681517364337196e-05,0
38,3634,0.532,52,0.9808205555555556,3.134723739934158e-05,1
39,3734,0,100,0.9802927777777778,9.923814310241142e-05,0
40,3834,0,100,0.979765,1.9909689717678704e-05,0
41,3934,0,100,0.9792372222222222,1.5856406421335122e-05,0
42,3951,0.847,17,0.9791475,0.00011565851627892698,1
43,4051,0,100,0.9786197222222223,0.0004146461292748427,0
44,4151,0,100,0.9780919444444445,0.00025569982863089536,0
45,4251,0,100,0.9775641666666667,0.00016354991666958085,0
46,4351,0,100,0.9770363888888889,0.00012582068035044358,0
47,4451,0,100,0.9765086111111111,7.999244118764182e-05,0
48,4551,0,100,0.9759808333333333,5.885791861146572e-05,0
49,4651,0,100,0.9754530555555555,5.135962471285893e-05,0
50,4751,0,100,0.9749252777777778,3.795111583713151e-05,0
51,4851,0,100,0.9743975,4.413588835632254e-05,0
52,4951,0,100,0.9738697222222222,3.489011203782866e-05,0
53,5051,0,100,0.9733419444444444,0.00012171263900199847,0
54,5151,0,100,0.9728141666666666,0.00015111665441509104,0
55,5251,0,100,0.9722863888888889,0.00019676143398100976,0
56,5351,0,100,0.9717586111111112,0.0001640144809425692,0
57,5451,0,100,0.9712308333333334,0.00016961185863692663,0
58,5551,0,100,0.9707030555555556,7.74800675753795e-05,0
59,5651,0,100,0.9701752777777778,8.193519362976077e-05,0
60,5751,0,100,0.9696475,6.250645421459922e-05,0
61,5851,0,100,0.9691197222222222,8.320331666254788e-05,0
62,5951,0,100,0.9685919444444444,6.071403392525099e-05,0
63,6051,0,100,0.9680641666666666,0.00014761968526727287,0
64,6151,0,100,0.9675363888888889,0.00018682595054997364,0
65,6251,0,100,0.9670086111111111,0.00014995465930041973,0
66,6351,0,100,0.9664808333333333,0.00011407638969103573,0
67,6451,0,100,0.9659530555555556,0.00018424890011374374,0
68,6551,0,100,0.9654252777777778,0.0001080849459322053,0
69,6651,0,100,0.9648975,8.532517666026251e-05,0
70,6751,0,100,0.9643697222222223,5.865843182618846e-05,0
71,6851,0,100,0.9638419444444445,6.159589147500811e-05,0
72,6951,0,100,0.9633141666666667,5.190234321162279e-05,0
73,7051,0,100,0.9627863888888889,0.00010456354483721952,0
74,7151,0,100,0.9622586111111111,0.00014491497537164833,0
75,7251,0,100,0.9617308333333333,0.00014251861568482127,0
76,7351,0,100,0.9612030555555555,0.00015563737957563717,0
77,7451,0,100,0.9606752777777778,0.0001224519350034825,0
78,7551,0,100,0.9601475,0.00010277832923748065,0
79,7651,0,100,0.9596197222222222,7.842281132980133e-05,0
80,7751,0,100,0.9590919444444445,9.324116039351794e-05,0
81,7851,0,100,0.9585641666666667,6.020351205734187e-05,0
82,7951,0,100,0.9580363888888889,8.416847869739285e-05,0
83,8051,0,100,0.9575086111111111,0.00015704433393693763,0
84,8151,0,100,0.9569808333333334,0.00014826519607595402,0
85,8251,0,100,0.9564530555555556,0.00016626292301225476,0
86,8351,0,100,0.9559252777777778,0.00016498196408065268,0
87,8451,0,100,0.9553975,0.00012728376623272197,0
88,8551,0,100,0.9548697222222222,0.00010251224513922352,0
89,8651,0,100,0.9543419444444444,9.820590497838566e-05,0
90,8751,0,100,0.9538141666666666,8.796836717010592e-05,0
91,8808,0.487,57,0.9535133333333333,8.674014022465583e-05,1
92,8908,0,100,0.9529855555555555,8.716343800188042e-05,0
93,9008,0,100,0.9524577777777777,0.00010334217357012676,0
94,9108,0,100,0.95193,0.00015879763530392664,0
95,9208,0,100,0.9514022222222223,0.00016562781780521618,0
96,9308,0,100,0.9508744444444445,0.00012439602209269652,0
97,9408,0,100,0.9503466666666667,0.00014138314487354363,0
98,9508,0,100,0.9498188888888889,0.00011544527264049975,0
99,9608,0,100,0.9492911111111111,8.335718974194605e-05,0
100,9708,0,100,0.9487633333333333,9.960653851521783e-05,0
101,9717,0.919,9,0.9487158333333333,0.00021178441198167598,1
102,9817,0,100,0.9481880555555555,0.00018696719142099027,0
103,9917,0,100,0.9476602777777778,0.00010583455743471859,0
104,10017,0,100,0.9471325,0.0001105283829565451,0
105,10117,0,100,0.9466047222222223,0.00022421052020945353,0
106,10217,0,100,0.9460769444444445,0.00015254411748173878,0
107,10317,0,100,0.9455491666666667,0.00014351693294884172,0
108,10417,0,100,0.9450213888888889,0.0001429135968282935,0
109,10517,0,100,0.9444936111111111,0.00017173637152154698,0
110,10617,0,100,0.9439658333333334,0.0001330737559874251,0
111,10667,0.55,50,0.9437019444444444,0.0001288409307016991,1
112,10767,0,100,0.9431741666666666,0.00011326325628033374,0
113,10867,0,100,0.9426463888888889,8.964678638221812e-05,0
114,10967,0,100,0.9421186111111111,9.437589327717433e-05,0
115,11067,0,100,0.9415908333333334,0.0001366149290697649,0
116,11167,0,100,0.9410630555555556,0.0001590782680250413,0
117,11267,0,100,0.9405352777777778,0.00013931767447502352,0
118,11367,0,100,0.9400075,0.00015785972853336717,0
119,11467,0,100,0.9394797222222222,0.0001326639444232569,0
120,11567,0,100,0.9389519444444444,0.00010479789780220017,0
121,11667,0,100,0.9384241666666667,0.00011350061648045084,0
122,11767,0,100,0.9378963888888889,0.00013902433256589574,0
123,11867,0,100,0.9373686111111111,0.00010298679659172194,0
124,11967,0,100,0.9368408333333333,9.149785055342363e-05,0
125,12067,0,100,0.9363130555555556,0.00015797671418113168,0
126,12069,0.982,2,0.9363025,0.00016258956384263001,1
127,12169,0,100,0.9357747222222222,0.0001576242672672379,0
128,12269,0,100,0.9352469444444445,0.00017721984504532885,0
129,12369,0,100,0.9347191666666667,0.00013994081200507935,0
130,12469,0,100,0.9341913888888889,0.00011936243488889886,0
131,12569,0,100,0.9336636111111111,0.00012475286246626637,0
132,12669,0,100,0.9331358333333333,0.00011856912651637685,0
133,12717,0.5680000000000001,48,0.9328825000000001,0.00012931548531014414,1
134,12817,0,100,0.9323547222222223,0.00010805882120621391,0
135,12917,0,100,0.9318269444444445,9.974543207135866e-05,0
136,13017,0,100,0.9312991666666667,9.856697313807672e-05,0
137,13117,0,100,0.9307713888888889,0.00016833291458169696,0
138,13217,0,100,0.9302436111111111,0.00012105537978641224,0
139,13317,0,100,0.9297158333333333,0.00014699177063448587,0
140,13395,0.29799999999999993,78,0.9293041666666667,0.00013501125366206115,1
141,13467,0.352,72,0.9289241666666667,0.00011535364135145048,1
142,13567,0,100,0.9283963888888889,0.00012043820799590322,0
143,13667,0,100,0.9278686111111111,0.00010882872082220274,0
144,13767,0,100,0.9273408333333333,0.00010690628201700747,0
145,13867,0,100,0.9268130555555556,0.00011964123012148776,0
146,13967,0,100,0.9262852777777778,9.632547633373179e-05,0
147,14067,0,100,0.9257575,0.00013505664846888977,0
148,14167,0,100,0.9252297222222222,0.00016109359883557773,0
149,14267,0,100,0.9247019444444444,0.00012638336258532945,0
150,14367,0,100,0.9241741666666666,0.00012010295231448253,0
151,14467,0,100,0.9236463888888888,0.00011510057180203148,0
152,14567,0,100,0.9231186111111112,0.0001111817138371407,0
153,14667,0,100,0.9225908333333334,0.00010977580906910589,0
154,14767,0,100,0.9220630555555556,0.00011927746196306543,0
155,14867,0,100,0.9215352777777778,0.00011835077239084058,0
156,14967,0,100,0.9210075,9.975396667869063e-05,0
157,15067,0,100,0.9204797222222222,0.0001462898358659004,0
158,15167,0,100,0.9199519444444444,0.00012496135877881898,0
159,15267,0,100,0.9194241666666667,0.00012461654894650566,0
160,15299,0.712,32,0.9192552777777778,0.00013924411882726417,1
161,15399,0,100,0.9187275,0.0001462229300159379,0
162,15499,0,100,0.9181997222222222,0.00011855054095576634,0
163,15599,0,100,0.9176719444444444,0.00011356593788150349,0
164,15699,0,100,0.9171441666666666,0.00011033913866413058,0
165,15799,0,100,0.9166163888888889,0.00010839862774446374,0
166,15844,0.595,45,0.9163788888888889,9.872404092069095e-05,1
167,15944,0,100,0.9158511111111112,0.00012124496835895115,0
168,16044,0,100,0.9153233333333334,0.00014100552783929743,0
169,16144,0,100,0.9147955555555556,0.0001820354075061914,0
170,16244,0,100,0.9142677777777778,0.00012971479998668655,0
171,16344,0,100,0.91374,0.00016651333578920457,0
172,16444,0,100,0.9132122222222222,0.00013983896173158427,0
173,16544,0,100,0.9126844444444444,0.0001396530521742534,0
174,16644,0,100,0.9121566666666667,0.00012730313013889827,0
175,16744,0,100,0.9116288888888889,0.00011884060037118615,0
176,16844,0,100,0.9111011111111111,0.00018227386119178845,0
177,16944,0,100,0.9105733333333333,0.00013273051979922456,0
178,16966,0.802,22,0.9104572222222223,0.00011232142175934065,1
179,16984,0.838,18,0.9103622222222222,0.00012701984471479792,1
180,17084,0,100,0.9098344444444444,0.0002397314628251479,0
181,17184,0,100,0.9093066666666667,0.00017781320901121944,0
182,17284,0,100,0.9087788888888889,0.00019339279882842674,0
183,17384,0,100,0.9082511111111111,0.00016623558523860992,0
184,17484,0,100,0.9077233333333333,0.0001524445728500723,0
185,17504,0.82,20,0.9076177777777777,0.00013926124247518601,1
186,17604,0,100,0.90709,0.00017998997831455198,0
187,17704,0,100,0.9065622222222223,0.00017275702381084557,0
188,17804,0,100,0.9060344444444445,0.00015974551381077616,0
189,17904,0,100,0.9055066666666667,0.0001364610740347416,0
190,18004,0,100,0.9049788888888889,0.00013456534725264646,0
191,18104,0,100,0.9044511111111111,0.0001863794445307576,0
192,18204,0,100,0.9039233333333333,0.00019231283782573884,0
193,18304,0,100,0.9033955555555555,0.00017363671326165787,0
194,18404,0,100,0.9028677777777778,0.0002234128325653728,0
195,18504,0,100,0.90234,0.00020356096312752924,0
196,18604,0,100,0.9018122222222222,0.0001721542207087623,0
197,18704,0,100,0.9012844444444444,0.00014290986488049384,0
198,18738,0.694,34,0.901105,0.00014206956032413633,1
199,18741,0.973,3,0.9010891666666667,0.000134495654492639,1
200,18841,0,100,0.9005613888888889,0.00021753793356765527,0
201,18941,0,100,0.9000336111111111,0.0001827981929091038,0
202,19041,0,100,0.8995058333333333,0.00021244644711259752,0
203,19141,0,100,0.8989780555555555,0.00024306436142069288,0
204,19241,0,100,0.8984502777777778,0.00019480752118397504,0
205,19341,0,100,0.8979225,0.00019246512129029726,0
206,19441,0,100,0.8973947222222223,0.000180000264190312,0
207,19541,0,100,0.8968669444444445,0.00020758689217473147,0
208,19641,0,100,0.8963391666666667,0.00018057236549793744,0
209,19741,0,100,0.8958113888888889,0.00018852214481739792,0
210,19767,0.766,26,0.8956741666666667,0.00016399114471054278,1
211,19867,0,100,0.8951463888888889,0.000190604364106548,0
212,19967,0,100,0.8946186111111111,0.00022222118353965926,0
213,20067,0,100,0.8940908333333333,0.0002310564959225303,0
214,20167,0,100,0.8935630555555556,0.00023181579814263387,0
215,20267,0,100,0.8930352777777778,0.0002235659898724407,0
216,20367,0,100,0.8925075,0.00021416224153654185,0
217,20467,0,100,0.8919797222222222,0.00021228131630778079,0
218,20567,0,100,0.8914519444444444,0.00019411508674238576,0
219,20667,0,100,0.8909241666666666,0.00019531491547240874,0
220,20767,0,100,0.8903963888888888,0.00020073529922228772,0
221,20867,0,100,0.8898686111111112,0.000165503412772523,0
222,20967,0,100,0.8893408333333334,0.00017661680543824333,0
223,21067,0,100,0.8888130555555556,0.00023114528361475094,0
224,21073,0.946,6,0.8887813888888889,0.0002244841331654849,1
225,21173,0,100,0.8882536111111111,0.0003125300547981169,0
226,21273,0,100,0.8877258333333333,0.0002566350606502965,0
227,21333,0.45999999999999996,60,0.8874091666666667,0.00027426660199125763,1
228,21433,0,100,0.8868813888888889,0.0002366311908554053,0
229,21533,0,100,0.8863536111111111,0.0002288046325702453,0
230,21633,0,100,0.8858258333333333,0.00021433443542264285,0
231,21733,0,100,0.8852980555555555,0.00020001321410745732,0
232,21833,0,100,0.8847702777777777,0.0002036426707127248,0
233,21933,0,100,0.8842425,0.0001989097331170342,0
234,22033,0,100,0.8837147222222222,0.000262737540397211,0
235,22133,0,100,0.8831869444444445,0.00030437509511102687,0
236,22233,0,100,0.8826591666666667,0.0002539353425527224,0
237,22333,0,100,0.8821313888888889,0.00026311308873118834,0
238,22433,0,100,0.8816036111111111,0.00024105996799335118,0
239,22533,0,100,0.8810758333333333,0.0002426437488247757,0
240,22633,0,100,0.8805480555555556,0.00023505638928327243,0
241,22733,0,100,0.8800202777777778,0.00021077308672829532,0
242,22833,0,100,0.8794925,0.00021141576304216868,0
243,22933,0,100,0.8789647222222222,0.0002268525342515204,0
244,23033,0,100,0.8784369444444444,0.00026173784928687385,0
245,23133,0,100,0.8779091666666666,0.00029997434408869596,0
246,23233,0,100,0.8773813888888888,0.00028764217171556083,0
247,23333,0,100,0.8768536111111112,0.000298330772711779,0
248,23433,0,100,0.8763258333333334,0.0002721909281535773,0
249,23533,0,100,0.8757980555555556,0.0002432621758998721,0
250,23633,0,100,0.8752702777777778,0.0003007964525386342,0
251,23733,0,100,0.8747425,0.00022272579437412787,0
252,23833,0,100,0.8742147222222223,0.00021609897004964295,0
253,23933,0,100,0.8736869444444444,0.00024515026903827676,0
254,24029,0.136,96,0.8731802777777777,0.00024643377522200655,1
255,24129,0,100,0.8726525,0.00028978465736145153,0
256,24229,0,100,0.8721247222222223,0.0002752196307119448,0
257,24329,0,100,0.8715969444444445,0.00028411973544280046,0
258,24429,0,100,0.8710691666666667,0.00025844827752735,0
259,24529,0,100,0.8705413888888889,0.0002969518794270698,0
260,24629,0,100,0.8700136111111111,0.00024908622028306125,0
261,24729,0,100,0.8694858333333333,0.0002570537928841077,0
262,24829,0,100,0.8689580555555556,0.00026719067980593533,0
263,24929,0,100,0.8684302777777778,0.00026856545657210517,0
264,25029,0,100,0.8679025,0.00029171013629820665,0
265,25129,0,100,0.8673747222222222,0.00030609177483711394,0
266,25229,0,100,0.8668469444444444,0.00033465679560322313,0
267,25329,0,100,0.8663191666666668,0.00029874327330617237,0
268,25429,0,100,0.8657913888888888,0.00030524110145051963,0
269,25529,0,100,0.8652636111111112,0.00028020961428410374,0
270,25629,0,100,0.8647358333333334,0.0002719530453396146,0
271,25729,0,100,0.8642080555555556,0.00029182847640186083,0
272,25806,0.30699999999999994,77,0.8638016666666667,0.00023497327492805198,1
273,25906,0,100,0.8632738888888889,0.00024111730370350416,0
274,26006,0,100,0.8627461111111111,0.0002509965581339202,0
275,26039,0.703,33,0.8625719444444444,0.00031989627336081344,1
276,26139,0,100,0.8620441666666667,0.000304307718979544,0
277,26239,0,100,0.8615163888888889,0.00030780264700297266,0
278,26339,0,100,0.8609886111111111,0.0003336725744884461,0
279,26439,0,100,0.8604608333333333,0.0003010850359714823,0
280,26539,0,100,0.8599330555555555,0.00026366167578089516,0
281,26639,0,100,0.8594052777777778,0.000274173532743589,0
282,26739,0,100,0.8588775,0.0002727518728352152,0
283,26839,0,100,0.8583497222222223,0.00029613939215778374,0
284,26939,0,100,0.8578219444444445,0.00027732512273360044,0
285,27039,0,100,0.8572941666666667,0.00029630984077812174,0
286,27139,0,100,0.8567663888888889,0.00033161273087898733,0
287,27239,0,100,0.8562386111111111,0.00028920166474563305,0
288,27339,0,100,0.8557108333333333,0.0003323621637173346,0
289,27439,0,100,0.8551830555555555,0.00032843511366081657,0
290,27539,0,100,0.8546552777777778,0.00030488196076476013,0
291,27639,0,100,0.8541275,0.00028232098244188817,0
292,27739,0,100,0.8535997222222222,0.000289855848714069,0
293,27839,0,100,0.8530719444444445,0.0002688908518757671,0
294,27939,0,100,0.8525441666666667,0.0002800904649484437,0
295,27967,0.748,28,0.8523963888888889,0.0003384692715501712,1
296,28067,0,100,0.8518686111111111,0.00031033273509819994,0
297,28167,0,100,0.8513408333333333,0.0003378379193600267,0
298,28267,0,100,0.8508130555555555,0.00036018324724864216,0
299,28286,0.829,19,0.8507127777777778,0.00030077216414563164,1
300,28386,0,100,0.850185,0.0003503451347933151,0
301,28486,0,100,0.8496572222222223,0.0002973348608793458,0
302,28558,0.352,72,0.8492772222222222,0.0003012075775485654,1
303,28658,0,100,0.8487494444444444,0.00028755605449987343,0
304,28758,0,100,0.8482216666666667,0.00027758724023442484,0
305,28858,0,100,0.8476938888888889,0.00027144207648234443,0
306,28958,0,100,0.8471661111111111,0.000317002392039285,0
307,29058,0,100,0.8466383333333334,0.00033683950190606995,0
308,29158,0,100,0.8461105555555556,0.0003512100168882171,0
309,29258,0,100,0.8455827777777778,0.00032679672200174536,0
310,29358,0,100,0.845055,0.0003068340467143571,0
311,29458,0,100,0.8445272222222222,0.0003271806494740304,0
312,29558,0,100,0.8439994444444444,0.0002954528751433827,0
313,29608,0.55,50,0.8437355555555556,0.000308640376169933,1
314,29708,0,100,0.8432077777777778,0.00033307220641290767,0
315,29808,0,100,0.84268,0.0002836538749397732,0
316,29908,0,100,0.8421522222222222,0.0003108130917826202,0
317,30008,0,100,0.8416244444444445,0.0003085361529520014,0
318,30108,0,100,0.8410966666666666,0.00034142060365411454,0
319,30126,0.838,18,0.8410016666666666,0.0003611763184178724,1
320,30226,0,100,0.840473888888889,0.0003528890326560941,0
321,30326,0,100,0.8399461111111111,0.00036542119560181165,0
322,30426,0,100,0.8394183333333334,0.00032545491558266804,0
323,30526,0,100,0.8388905555555556,0.0004055133969814051,0
324,30626,0,100,0.8383627777777778,0.0003551291397161549,0
325,30726,0,100,0.837835,0.00035355620486370753,0
326,30826,0,100,0.8373072222222222,0.0003094587116720504,0
327,30926,0,100,0.8367794444444445,0.00033066360905650074,0
328,31026,0,100,0.8362516666666666,0.0003363491316849831,0
329,31126,0,100,0.8357238888888889,0.0003790189693972934,0
330,31226,0,100,0.8351961111111111,0.0003562514753866708,0
331,31326,0,100,0.8346683333333333,0.0003397987959033344,0
332,31426,0,100,0.8341405555555556,0.0003373181225651933,0
333,31526,0,100,0.8336127777777778,0.0003449259228364099,0
334,31626,0,100,0.8330850000000001,0.0003510804045799887,0
335,31726,0,100,0.8325572222222222,0.00035719508268812207,0
336,31734,0.9279999999999999,8,0.832515,0.0002620068989926949,1
337,31834,0,100,0.8319872222222222,0.0003545198670326499,0
338,31934,0,100,0.8314594444444445,0.0003270165968569927,0
339,32034,0,100,0.8309316666666666,0.0003425876296387287,0
340,32134,0,100,0.8304038888888889,0.0003659557588252937,0
341,32234,0,100,0.8298761111111111,0.00036974776805436704,0
342,32334,0,100,0.8293483333333334,0.00036663143822806887,0
343,32434,0,100,0.8288205555555556,0.0003452071103674825,0
344,32534,0,100,0.8282927777777778,0.0003468775452347472,0
345,32634,0,100,0.8277650000000001,0.0003829544110340066,0
346,32734,0,100,0.8272372222222222,0.0003647528721194249,0
347,32834,0,100,0.8267094444444445,0.0003720699719997356,0
348,32934,0,100,0.8261816666666667,0.00036001841705001424,0
349,33034,0,100,0.8256538888888889,0.00040440778735501226,0
350,33134,0,100,0.8251261111111111,0.00034665090817725285,0
351,33234,0,100,0.8245983333333333,0.0003813002045353642,0
352,33334,0,100,0.8240705555555556,0.0003911128554318566,0
353,33434,0,100,0.8235427777777777,0.00033497516124043615,0
354,33534,0,100,0.823015,0.00033903198287589477,0
355,33634,0,100,0.8224872222222223,0.00039308412633545233,0
356,33734,0,100,0.8219594444444445,0.00034026376764813906,0
357,33834,0,100,0.8214316666666667,0.00033176890025060857,0
358,33934,0,100,0.8209038888888889,0.0003558815662836423,0
359,34034,0,100,0.8203761111111111,0.0003721184529422317,0
360,34134,0,100,0.8198483333333333,0.00037129784635908436,0
361,34234,0,100,0.8193205555555556,0.00035181161045329647,0
362,34334,0,100,0.8187927777777778,0.00037661393034795767,0
363,34434,0,100,0.818265,0.0003871846981928684,0
364,34534,0,100,0.8177372222222222,0.0003423936341278022,0
365,34634,0,100,0.8172094444444444,0.00036550936463754626,0
366,34734,0,100,0.8166816666666666,0.0003389566079567885,0
367,34834,0,100,0.8161538888888888,0.0003334588868165156,0
368,34934,0,100,0.8156261111111112,0.0003849640512635233,0
369,35034,0,100,0.8150983333333334,0.0003728924488677876,0
370,35134,0,100,0.8145705555555556,0.0004205407323752297,0
371,35196,0.44199999999999995,62,0.8142433333333333,0.000411149968708595,1
372,35223,0.757,27,0.8141008333333334,0.0003794489271563685,1
373,35323,0,100,0.8135730555555556,0.0003985775429464411,0
374,35423,0,100,0.8130452777777778,0.00037608964121318424,0
375,35523,0,100,0.8125175,0.00037962427453749117,0
376,35623,0,100,0.8119897222222222,0.0003540097750374116,0
377,35683,0.45999999999999996,60,0.8116730555555556,0.0003651142448385751,1
378,35768,0.235,85,0.8112244444444444,0.0003701371609007337,1
379,35811,0.613,43,0.8109975,0.000302800276691668,1
380,35911,0,100,0.8104697222222222,0.00033120164182037114,0
381,36011,0,100,0.8099419444444445,0.0003631360012514051,0
382,36111,0,100,0.8094141666666667,0.0004136564276268473,0
383,36211,0,100,0.8088863888888889,0.00037729719209892207,0
384,36221,0.91,10,0.8088336111111112,0.00036970527289668096,1
385,36321,0,100,0.8083058333333333,0.000384065522448509,0
386,36421,0,100,0.8077780555555556,0.0003857735458586831,0
387,36521,0,100,0.8072502777777778,0.00039051161824318117,0
388,36621,0,100,0.8067225,0.0003518512321170419,0
389,36721,0,100,0.8061947222222222,0.0004443709999031853,0
390,36821,0,100,0.8056669444444444,0.00042383494910609444,0
391,36921,0,100,0.8051391666666667,0.00034277831138751936,0
392,37021,0,100,0.8046113888888888,0.00034602754705701953,0
393,37121,0,100,0.8040836111111112,0.0004764697315113153,0
394,37221,0,100,0.8035558333333334,0.0004398406179825542,0
395,37321,0,100,0.8030280555555556,0.0004072338916012086,0
396,37421,0,100,0.8025002777777778,0.00042517540849075887,0
397,37521,0,100,0.8019725,0.0004228258893272141,0
398,37621,0,100,0.8014447222222223,0.0004697563124500448,0
399,37721,0,100,0.8009169444444444,0.0004295855364762247,0
400,37821,0,100,0.8003891666666667,0.0004017495481093647,0
401,37921,0,100,0.7998613888888889,0.00037229479181405623,0
402,38021,0,100,0.7993336111111111,0.00038196503337530887,0
403,38121,0,100,0.7988058333333333,0.00040427764819469305,0
404,38221,0,100,0.7982780555555555,0.00044581717971595934,0
405,38321,0,100,0.7977502777777778,0.00043000736957765184,0
406,38421,0,100,0.7972225,0.00042590385004587006,0
407,38521,0,100,0.7966947222222223,0.0003957869479927467,0
408,38621,0,100,0.7961669444444445,0.0004003153383382596,0
409,38721,0,100,0.7956391666666667,0.0004276978495909134,0
410,38821,0,100,0.7951113888888889,0.000395665432442911,0
411,38881,0.45999999999999996,60,0.7947947222222222,0.0003726134377454097,1
412,38948,0.3969999999999999,67,0.7944411111111112,0.0004188052623805507,1
413,39048,0,100,0.7939133333333334,0.0003881479083065642,0
414,39148,0,100,0.7933855555555556,0.00045328906904615,0
415,39248,0,100,0.7928577777777778,0.0004564533152006334,0
416,39348,0,100,0.79233,0.0004132843288971344,0
417,39448,0,100,0.7918022222222223,0.0004236896549264202,0
418,39548,0,100,0.7912744444444444,0.000456727123928431,0
419,39648,0,100,0.7907466666666667,0.0004489410648966441,0
420,39748,0,100,0.7902188888888889,0.0003826879817643203,0
421,39848,0,100,0.7896911111111111,0.00043360471914638765,0
422,39948,0,100,0.7891633333333333,0.0004354028675152222,0
423,40048,0,100,0.7886355555555555,0.00040498956186638677,0
424,40148,0,100,0.7881077777777779,0.0004437981219962239,0
425,40248,0,100,0.7875800000000001,0.0004412590381252812,0
426,40348,0,100,0.7870522222222223,0.00041670435515698043,0
427,40448,0,100,0.7865244444444445,0.00040056069556158034,0
428,40548,0,100,0.7859966666666667,0.00039658415073063225,0
429,40648,0,100,0.7854688888888889,0.00042225221928674726,0
430,40748,0,100,0.7849411111111111,0.00037818612516275606,0
431,40848,0,100,0.7844133333333334,0.0004173622201778926,0
432,40948,0,100,0.7838855555555556,0.0004162675645784475,0
433,41048,0,100,0.7833577777777778,0.00043186828144825995,0
434,41148,0,100,0.78283,0.00043361497700971084,0
435,41248,0,100,0.7823022222222222,0.00044149939705675936,0
436,41348,0,100,0.7817744444444444,0.0004304551008681301,0
437,41448,0,100,0.7812466666666666,0.00040341603926208336,0
438,41548,0,100,0.7807188888888889,0.000550775015144609,0
439,41648,0,100,0.7801911111111112,0.0004538305548339849,0
440,41748,0,100,0.7796633333333334,0.0004386928378517041,0
441,41848,0,100,0.7791355555555556,0.00043168915733986067,0
442,41948,0,100,0.7786077777777778,0.0004606811833946267,0
443,42037,0.19899999999999995,89,0.7781380555555556,0.00044363958573392643,1
444,42137,0,100,0.7776102777777778,0.0004855239565949887,0
445,42237,0,100,0.7770825,0.0004806023932178505,0
446,42272,0.685,35,0.7768977777777778,0.000441069776050946,1
447,42372,0,100,0.77637,0.0004972854896914214,0
448,42472,0,100,0.7758422222222222,0.00045966981175297404,0
449,42572,0,100,0.7753144444444444,0.00045368435254204085,0
450,42672,0,100,0.7747866666666667,0.0004932419461692916,0
451,42772,0,100,0.7742588888888888,0.0004777201567776501,0
452,42872,0,100,0.7737311111111111,0.0004431647046294529,0
453,42972,0,100,0.7732033333333334,0.00043756660001236013,0
454,43072,0,100,0.7726755555555556,0.00048407928348751737,0
455,43172,0,100,0.7721477777777778,0.00045436537002387924,0
456,43272,0,100,0.77162,0.00048770436100312506,0
457,43372,0,100,0.7710922222222223,0.0004782506133778952,0
458,43472,0,100,0.7705644444444444,0.0005167570391495246,0
459,43572,0,100,0.7700366666666667,0.0005267084915249143,0
460,43672,0,100,0.7695088888888889,0.0004978066359763034,0
461,43772,0,100,0.7689811111111111,0.0004684956411074381,0
462,43872,0,100,0.7684533333333333,0.00043358159411582164,0
463,43972,0,100,0.7679255555555555,0.0004977994801447494,0
464,44072,0,100,0.7673977777777778,0.0004606627103567007,0
465,44172,0,100,0.7668699999999999,0.0004976576053741155,0
466,44231,0.469,59,0.7665586111111111,0.0005858740621341108,1
467,44331,0,100,0.7660308333333333,0.0005200753557437566,0
468,44431,0,100,0.7655030555555555,0.0004964548555290094,0
469,44531,0,100,0.7649752777777779,0.0005040042964537861,0
470,44631,0,100,0.7644475,0.0004890243770933012,0
471,44731,0,100,0.7639197222222223,0.00047909247834468263,0
472,44831,0,100,0.7633919444444445,0.00048229214240564034,0
473,44922,0.18099999999999994,91,0.7629116666666667,0.000477867584757425,1
474,45022,0,100,0.7623838888888889,0.0005023803905351088,0
475,45122,0,100,0.7618561111111111,0.0005511421970732045,0
476,45222,0,100,0.7613283333333334,0.0005033793504117057,0
477,45322,0,100,0.7608005555555556,0.0004905548519309377,0
478,45422,0,100,0.7602727777777778,0.0005179961161047685,0
479,45478,0.4959999999999999,56,0.7599772222222222,0.0005231127771756812,1
480,45578,0,100,0.7594494444444444,0.0004616219455783721,0
481,45678,0,100,0.7589216666666667,0.00046612220037786753,0
482,45778,0,100,0.7583938888888889,0.0004835144009848591,0
483,45878,0,100,0.7578661111111111,0.000492653986584628,0
484,45978,0,100,0.7573383333333333,0.0005121303090709262,0
485,46078,0,100,0.7568105555555555,0.0005365343853191007,0
486,46178,0,100,0.7562827777777777,0.0005142579634048162,0
487,46278,0,100,0.755755,0.0005238234586431644,0
488,46280,0.982,2,0.7557444444444444,0.0006079886079533026,1
489,46380,0,100,0.7552166666666666,0.0004872214722854551,0
490,46480,0,100,0.7546888888888889,0.0005448593910841737,0
491,46580,0,100,0.7541611111111111,0.0005292420638579642,0
492,46680,0,100,0.7536333333333334,0.0004889949642529246,0
493,46780,0,100,0.7531055555555556,0.000542238947818987,0
494,46880,0,100,0.7525777777777778,0.00043485926908033435,0
495,46980,0,100,0.75205,0.0005517898488687933,0
496,47080,0,100,0.7515222222222222,0.0005376636410073843,0
497,47180,0,100,0.7509944444444444,0.0005002089649497065,0
498,47217,0.667,37,0.7507991666666667,0.00048748057845325485,1
499,47317,0,100,0.7502713888888889,0.0005294179811608046,0
500,47417,0,100,0.7497436111111111,0.0005493660652427934,0
501,47517,0,100,0.7492158333333334,0.000526697321474785,0
502,47573,0.4959999999999999,56,0.7489202777777778,0.0005025476673056671,1
503,47659,0.22599999999999998,86,0.748466388888889,0.000540260856089231,1
504,47759,0,100,0.7479386111111112,0.0004670183829875896,0
505,47859,0,100,0.7474108333333334,0.0004974798225157429,0
506,47959,0,100,0.7468830555555556,0.0005171270448772702,0
507,48059,0,100,0.7463552777777778,0.0005188247928163037,0
508,48159,0,100,0.7458275,0.0005313132326409686,0
509,48259,0,100,0.7452997222222222,0.000599450604931917,0
510,48359,0,100,0.7447719444444445,0.0005594526865752414,0
511,48459,0,100,0.7442441666666667,0.0005801681814773474,0
512,48559,0,100,0.7437163888888889,0.0005725308478577063,0
513,48659,0,100,0.7431886111111111,0.0005120639946835582,0
514,48759,0,100,0.7426608333333333,0.0005278274112788494,0
515,48859,0,100,0.7421330555555556,0.0005537304881727323,0
516,48959,0,100,0.7416052777777777,0.0005914107683202018,0
517,49059,0,100,0.7410775000000001,0.0005643263855017722,0
518,49130,0.361,71,0.7407027777777778,0.0005426422363265194,1
519,49230,0,100,0.740175,0.0006164010263455566,0
520,49330,0,100,0.7396472222222222,0.0005442312888044398,0
521,49430,0,100,0.7391194444444444,0.0005899960643000668,0
522,49530,0,100,0.7385916666666668,0.0005475578563346061,0
523,49630,0,100,0.7380638888888889,0.000613771580538014,0
524,49730,0,100,0.7375361111111112,0.0005944403445755597,0
525,49830,0,100,0.7370083333333334,0.0005254720570519566,0
526,49930,0,100,0.7364805555555556,0.0005650066868838621,0
527,50030,0,100,0.7359527777777778,0.0006173231624416076,0
528,50130,0,100,0.735425,0.0005798712222895119,0
529,50230,0,100,0.7348972222222223,0.0006349183693237137,0
530,50330,0,100,0.7343694444444444,0.0006502772325620754,0
531,50430,0,100,0.7338416666666667,0.0006304486133740284,0
532,50530,0,100,0.7333138888888889,0.000605283856857568,0
533,50630,0,100,0.7327861111111111,0.000645879105431959,0
534,50730,0,100,0.7322583333333333,0.0006261245571658946,0
535,50830,0,100,0.7317305555555556,0.0005693458492169157,0
536,50930,0,100,0.7312027777777779,0.0005480720648483839,0
537,51030,0,100,0.730675,0.0006469691504753427,0
538,51130,0,100,0.7301472222222223,0.0006200212905241642,0
539,51230,0,100,0.7296194444444445,0.0006473951281805058,0
540,51330,0,100,0.7290916666666667,0.0006249707251117797,0
541,51430,0,100,0.7285638888888889,0.000599932718105265,0
542,51530,0,100,0.7280361111111111,0.000614934063196415,0
543,51630,0,100,0.7275083333333334,0.000581577513657976,0
544,51730,0,100,0.7269805555555555,0.0005727271208888851,0
545,51830,0,100,0.7264527777777778,0.0005372894748143153,0
546,51930,0,100,0.725925,0.0006147872131259647,0
547,52030,0,100,0.7253972222222222,0.0006169637117272942,0
548,52130,0,100,0.7248694444444445,0.0006479223029964487,0
549,52230,0,100,0.7243416666666667,0.0005552422987966565,0
550,52330,0,100,0.723813888888889,0.0005790231787250377,0
551,52430,0,100,0.7232861111111111,0.0006206190733792028,0
552,52530,0,100,0.7227583333333334,0.0005900011722405907,0
553,52630,0,100,0.7222305555555556,0.0005813355107966345,0
554,52730,0,100,0.7217027777777778,0.0006317916412808699,0
555,52830,0,100,0.721175,0.0006290282092959388,0
556,52930,0,100,0.7206472222222222,0.0006541906294296496,0
557,53030,0,100,0.7201194444444445,0.0005908141864347272,0
558,53130,0,100,0.7195916666666666,0.0005753619716415415,0
559,53230,0,100,0.719063888888889,0.0006174855295830639,0
560,53330,0,100,0.7185361111111112,0.0006142017751699314,0
561,53430,0,100,0.7180083333333334,0.0006808022879704368,0
562,53530,0,100,0.7174805555555556,0.0006247519109456334,0
563,53630,0,100,0.7169527777777778,0.0005827880813740194,0
564,53730,0,100,0.7164250000000001,0.0006283279652416241,0
565,53830,0,100,0.7158972222222222,0.0005732612401334336,0
566,53930,0,100,0.7153694444444445,0.0006033264938741923,0
567,53978,0.5680000000000001,48,0.7151161111111111,0.000559329494535632,1
568,54078,0,100,0.7145883333333334,0.0006109045693301596,0
569,54178,0,100,0.7140605555555556,0.0005577562493272126,0
570,54278,0,100,0.7135327777777778,0.0006163239167653956,0
571,54378,0,100,0.7130050000000001,0.0006733716701273806,0
572,54478,0,100,0.7124772222222222,0.0006424116773996502,0
573,54578,0,100,0.7119494444444445,0.0005980426723544951,0
574,54678,0,100,0.7114216666666666,0.000647466351656476,0
575,54778,0,100,0.7108938888888889,0.0007912617352849338,0
576,54878,0,100,0.710366111111111,0.0006018450407282216,0
577,54978,0,100,0.7098383333333333,0.0006340177064703312,0
578,55078,0,100,0.7093105555555557,0.0006696487471344881,0
579,55178,0,100,0.7087827777777778,0.0006875069813395384,0
580,55278,0,100,0.7082550000000001,0.0006667183987156023,0
581,55378,0,100,0.7077272222222222,0.0006043646768375766,0
582,55478,0,100,0.7071994444444445,0.0006348127192177344,0
583,55578,0,100,0.7066716666666666,0.0006867048276762944,0
584,55678,0,100,0.7061438888888889,0.0006144068040885031,0
585,55778,0,100,0.7056161111111112,0.0005941116023313953,0
586,55878,0,100,0.7050883333333333,0.0006363600432086969,0
587,55978,0,100,0.7045605555555556,0.0007113962975563481,0
588,56078,0,100,0.7040327777777777,0.0007328648953989614,0
589,56178,0,100,0.703505,0.0007209809032792691,0
590,56278,0,100,0.7029772222222221,0.0007990157364110928,0
591,56378,0,100,0.7024494444444445,0.0006956606007588561,0
592,56478,0,100,0.7019216666666667,0.0006791921640979126,0
593,56578,0,100,0.7013938888888889,0.0006880091071070637,0
594,56678,0,100,0.7008661111111112,0.0006235609075520188,0
595,56778,0,100,0.7003383333333333,0.000624887171870796,0
596,56878,0,100,0.6998105555555556,0.0006425375505205011,0
597,56978,0,100,0.6992827777777777,0.0006715946066833567,0
598,57078,0,100,0.698755,0.0007046306038682815,0
599,57178,0,100,0.6982272222222222,0.0006318020659091416,0
600,57278,0,100,0.6976994444444444,0.0006686504351091572,0
601,57378,0,100,0.6971716666666667,0.000647290569904726,0
602,57478,0,100,0.6966438888888888,0.0006742391292209504,0
603,57578,0,100,0.6961161111111112,0.0006530942427343689,0
604,57678,0,100,0.6955883333333333,0.0007560684953205055,0
605,57778,0,100,0.6950605555555556,0.0007072595132922288,0
606,57878,0,100,0.6945327777777778,0.0006613842138904147,0
607,57978,0,100,0.694005,0.0006761650335101876,0
608,58078,0,100,0.6934772222222223,0.0006453725587925874,0
609,58178,0,100,0.6929494444444444,0.0006000872686854564,0
610,58278,0,100,0.6924216666666667,0.000589766448829323,0
611,58378,0,100,0.6918938888888889,0.0007109001463686582,0
612,58435,0.487,57,0.6915930555555556,0.000712241343296084,1
613,58535,0,100,0.6910652777777777,0.000586762087623356,0
614,58635,0,100,0.6905375,0.0006460170037462376,0
615,58735,0,100,0.6900097222222222,0.0006276767601957545,0
616,58835,0,100,0.6894819444444444,0.0006226526088721584,0
617,58935,0,100,0.6889541666666666,0.0006131799529248383,0
618,59035,0,100,0.6884263888888889,0.0006245292263338342,0
619,59135,0,100,0.6878986111111112,0.0006137262216361706,0
620,59235,0,100,0.6873708333333333,0.0006695407890219939,0
621,59335,0,100,0.6868430555555556,0.0006750722519063856,0
622,59435,0,100,0.6863152777777778,0.0005908286032354226,0
623,59535,0,100,0.6857875,0.0006544967567606363,0
624,59635,0,100,0.6852597222222222,0.0007205284837982618,0
625,59735,0,100,0.6847319444444444,0.0007597157121927012,0
626,59835,0,100,0.6842041666666667,0.0007213628207682632,0
627,59935,0,100,0.6836763888888888,0.0006737765219440916,0
628,60035,0,100,0.6831486111111111,0.0006584919231681852,0
629,60135,0,100,0.6826208333333333,0.0006816516291291919,0
630,60235,0,100,0.6820930555555555,0.0007091425319231348,0
631,60335,0,100,0.6815652777777778,0.0007026136459899135,0
632,60435,0,100,0.6810375,0.000736287619365612,0
633,60535,0,100,0.6805097222222223,0.0006308247998094885,0
634,60635,0,100,0.6799819444444445,0.0007343782101816032,0
635,60735,0,100,0.6794541666666667,0.0006364092968578916,0
636,60835,0,100,0.6789263888888889,0.0006683158928353806,0
637,60873,0.6579999999999999,38,0.6787258333333334,0.000707446094326626,1
638,60973,0,100,0.6781980555555556,0.0006593588790565263,0
639,61073,0,100,0.6776702777777778,0.0007323431339318631,0
640,61173,0,100,0.6771425,0.0006805618791258894,0
641,61273,0,100,0.6766147222222223,0.0006346881237550406,0
642,61340,0.3969999999999999,67,0.6762611111111111,0.000630633579197847,1
643,61440,0,100,0.6757333333333333,0.0006313290246907855,0
644,61540,0,100,0.6752055555555556,0.0006614344388071913,0
645,61570,0.73,30,0.6750472222222222,0.0005646995215405089,1
646,61670,0,100,0.6745194444444444,0.0007231174544722308,0
647,61709,0.649,39,0.6743136111111111,0.0005972850648014663,1
648,61809,0,100,0.6737858333333333,0.0006573604976438218,0
649,61909,0,100,0.6732580555555556,0.0007122567435726523,0
650,62009,0,100,0.6727302777777777,0.0006172588831395842,0
651,62109,0,100,0.6722025,0.0006442455940123182,0
652,62209,0,100,0.6716747222222222,0.0006798845301818801,0
653,62309,0,100,0.6711469444444444,0.0006390132642991375,0
654,62409,0,100,0.6706191666666667,0.0007332073801080696,0
655,62509,0,100,0.6700913888888889,0.0007898697120253928,0
656,62609,0,100,0.6695636111111112,0.0006434682005783543,0
657,62703,0.15400000000000003,94,0.6690675,0.000655147645104196,1
658,62803,0,100,0.6685397222222222,0.0006334148970199749,0
659,62903,0,100,0.6680119444444444,0.000664383213443216,0
660,63003,0,100,0.6674841666666667,0.0006696715798170771,0
661,63022,0.829,19,0.6673838888888889,0.0005365613063699321,1
662,63122,0,100,0.6668561111111111,0.0006717278087307932,0
663,63222,0,100,0.6663283333333334,0.0006137073693389539,0
664,63322,0,100,0.6658005555555555,0.0006343578332598554,0
665,63422,0,100,0.6652727777777778,0.0006678971165092662,0
666,63522,0,100,0.664745,0.0007182742991426494,0
667,63622,0,100,0.6642172222222222,0.0007041612066677771,0
668,63722,0,100,0.6636894444444444,0.0007257399988884572,0
669,63822,0,100,0.6631616666666666,0.0006276373457512818,0
670,63850,0.748,28,0.6630138888888889,0.0009537234654999338,1
671,63950,0,100,0.6624861111111111,0.0006850337312789634,0
672,64050,0,100,0.6619583333333334,0.0007072475970198866,0
673,64150,0,100,0.6614305555555555,0.0007639276920235716,0
674,64250,0,100,0.6609027777777778,0.0007078587560681626,0
675,64350,0,100,0.660375,0.0006405107287719147,0
676,64450,0,100,0.6598472222222223,0.0007664990963530727,0
677,64550,0,100,0.6593194444444445,0.0007221617753384635,0
678,64650,0,100,0.6587916666666667,0.0007370804337551817,0
679,64750,0,100,0.658263888888889,0.0006725181292858906,0
680,64850,0,100,0.6577361111111111,0.0006713146544643678,0
681,64950,0,100,0.6572083333333334,0.0006498496517451713,0
682,65050,0,100,0.6566805555555556,0.0006261896143405465,0
683,65150,0,100,0.6561527777777778,0.0007437228441995103,0
684,65250,0,100,0.655625,0.0007508778656483628,0
685,65350,0,100,0.6550972222222222,0.0006591782834584592,0
686,65450,0,100,0.6545694444444445,0.0007827611564425751,0
687,65550,0,100,0.6540416666666666,0.0006660815518989694,0
688,65554,0.964,4,0.6540205555555556,0.0006725679122610018,1
689,65654,0,100,0.6534927777777778,0.0006909504854411353,0
690,65754,0,100,0.652965,0.0005968317396764178,0
691,65854,0,100,0.6524372222222222,0.0007341066052322276,0
692,65954,0,100,0.6519094444444444,0.000635271945502609,0
693,66054,0,100,0.6513816666666667,0.0007044395437333151,0
694,66154,0,100,0.650853888888889,0.0007073519124242011,0
695,66254,0,100,0.6503261111111112,0.0007148401092854328,0
696,66354,0,100,0.6497983333333334,0.0007063484271202469,0
697,66454,0,100,0.6492705555555556,0.000690725207387004,0
698,66550,0.136,96,0.6487638888888889,0.0006883741205759483,1
699,66650,0,100,0.6482361111111111,0.0006185068537888583,0
700,66689,0.649,39,0.6480302777777778,0.0005746595729411078,1
701,66789,0,100,0.6475025000000001,0.0007126026062178425,0
702,66889,0,100,0.6469747222222222,0.0007175811393244657,0
703,66989,0,100,0.6464469444444445,0.0006518318468442886,0
704,67089,0,100,0.6459191666666667,0.0006240237009478733,0
705,67189,0,100,0.6453913888888889,0.0006305023212917149,0
706,67289,0,100,0.6448636111111111,0.0007017579780949745,0
707,67341,0.532,52,0.6445891666666668,0.0007954082225646394,1
708,67441,0,100,0.6440613888888889,0.0006969183160981629,0
709,67541,0,100,0.6435336111111112,0.0006945410716434708,0
710,67641,0,100,0.6430058333333333,0.0006633749230240938,0
711,67741,0,100,0.6424780555555556,0.0006663480761926621,0
712,67841,0,100,0.6419502777777778,0.0006934106671178598,0
713,67941,0,100,0.6414225,0.0006723765903734602,0
714,68041,0,100,0.6408947222222223,0.0006967470861854963,0
715,68141,0,100,0.6403669444444444,0.0006940719870181056,0
716,68165,0.784,24,0.6402402777777778,0.000621418498364316,1
717,68265,0,100,0.6397125,0.0006766619451809674,0
718,68365,0,100,0.6391847222222222,0.0006707788187486585,0
719,68465,0,100,0.6386569444444445,0.0006680889683775604,0
720,68565,0,100,0.6381291666666666,0.0006360011445940472,0
721,68665,0,100,0.637601388888889,0.0006897283787111519,0
722,68765,0,100,0.637073611111111,0.0007640564828761854,0
723,68865,0,100,0.6365458333333334,0.0006125132162560477,0
724,68965,0,100,0.6360180555555556,0.0006468970309651922,0
725,69065,0,100,0.6354902777777778,0.0006729565293790074,0
726,69165,0,100,0.6349625000000001,0.0006482114035316045,0
727,69265,0,100,0.6344347222222222,0.0006092966361029539,0
728,69365,0,100,0.6339069444444445,0.0006719617007183842,0
729,69465,0,100,0.6333791666666666,0.0006925175749347546,0
730,69565,0,100,0.6328513888888889,0.0006793503923108801,0
731,69665,0,100,0.6323236111111111,0.0007517002020176733,0
732,69765,0,100,0.6317958333333333,0.0006898945509601617,0
733,69865,0,100,0.6312680555555557,0.0006498157128226012,0
734,69965,0,100,0.6307402777777777,0.0006328935822239145,0
735,69983,0.838,18,0.6306452777777778,0.0008933309582062066,1
736,70083,0,100,0.6301175000000001,0.0006840789494162891,0
737,70183,0,100,0.6295897222222222,0.0007028011835063807,0
738,70283,0,100,0.6290619444444445,0.0007202214661811013,0
739,70383,0,100,0.6285341666666666,0.0007024907921731937,0
740,70483,0,100,0.6280063888888889,0.0006317234013840789,0
741,70583,0,100,0.627478611111111,0.0007532534937490709,0
742,70683,0,100,0.6269508333333333,0.0006609894326538778,0
743,70783,0,100,0.6264230555555556,0.0006294846555829281,0
744,70869,0.22599999999999998,86,0.6259691666666667,0.0006108531203164264,1
745,70969,0,100,0.6254413888888889,0.0006289053260843502,0
746,71069,0,100,0.6249136111111111,0.0006689134554471821,0
747,71169,0,100,0.6243858333333334,0.0006925999756640522,0
748,71269,0,100,0.6238580555555555,0.0006611946175689809,0
749,71369,0,100,0.6233302777777778,0.0007401804163964698,0
750,71469,0,100,0.6228024999999999,0.0006961679669620934,0
751,71569,0,100,0.6222747222222222,0.0006476961968292016,0
752,71669,0,100,0.6217469444444444,0.0006079263598803663,0
753,71769,0,100,0.6212191666666667,0.0006969159065920394,0
754,71869,0,100,0.620691388888889,0.0007400448640692048,0
755,71969,0,100,0.6201636111111111,0.0007545664875942748,0
756,72069,0,100,0.6196358333333334,0.0007176255142258014,0
757,72169,0,100,0.6191080555555555,0.000716888571769232,0
758,72269,0,100,0.6185802777777778,0.0005672594153293176,0
759,72369,0,100,0.6180525,0.0007530376849172171,0
760,72469,0,100,0.6175247222222222,0.0006722577790060313,0
761,72569,0,100,0.6169969444444444,0.000737779717455851,0
762,72669,0,100,0.6164691666666666,0.0006579396448796615,0
763,72769,0,100,0.6159413888888889,0.0006369248899864032,0
764,72869,0,100,0.6154136111111111,0.0006368768529500812,0
765,72969,0,100,0.6148858333333334,0.0006752919012797065,0
766,73069,0,100,0.6143580555555556,0.0006505825990461745,0
767,73169,0,100,0.6138302777777778,0.0006632477281527827,0
768,73269,0,100,0.6133025,0.0006659243236208567,0
769,73285,0.856,16,0.6132180555555555,0.000813954299701436,1
770,73385,0,100,0.6126902777777778,0.000704568585351808,0
771,73485,0,100,0.6121624999999999,0.000661753199819941,0
772,73585,0,100,0.6116347222222223,0.0007059352106443839,0
773,73662,0.30699999999999994,77,0.6112283333333334,0.0007507213071599458,1
774,73762,0,100,0.6107005555555556,0.0006925195436633658,0
775,73800,0.6579999999999999,38,0.6105,0.0007100520206701109,1
776,73900,0,100,0.6099722222222222,0.0006777859301655553,0
777,74000,0,100,0.6094444444444445,0.0006772074826585595,0
778,74053,0.5229999999999999,53,0.6091647222222223,0.0007696216214856766,1
779,74153,0,100,0.6086369444444444,0.0007717960789887002,0
780,74253,0,100,0.6081091666666667,0.0006793383145122789,0
781,74279,0.766,26,0.6079719444444445,0.0006901516070893894,1
782,74379,0,100,0.6074441666666667,0.0007052922807633876,0
783,74479,0,100,0.6069163888888889,0.0006389922952075722,0
784,74523,0.604,44,0.6066841666666667,0.0005995593812919899,1
785,74623,0,100,0.6061563888888889,0.0007011220754793612,0
786,74723,0,100,0.6056286111111111,0.0006098516148631461,0
787,74823,0,100,0.6051008333333333,0.0006564245154004312,0
788,74923,0,100,0.6045730555555555,0.000680282574321609,0
789,75023,0,100,0.6040452777777778,0.0006284187694836873,0
790,75097,0.33399999999999996,74,0.6036547222222222,0.0007006075919324192,1
791,75197,0,100,0.6031269444444445,0.0007162708887335611,0
792,75297,0,100,0.6025991666666667,0.0006711897042987403,0
793,75397,0,100,0.6020713888888889,0.0006621533123689006,0
794,75497,0,100,0.6015436111111111,0.0007080885249888525,0
795,75584,0.21699999999999997,87,0.6010844444444445,0.0007153649676601863,1
796,75684,0,100,0.6005566666666666,0.0007052895816741511,0
797,75784,0,100,0.600028888888889,0.0007016789671615698,0
798,75884,0,100,0.5995011111111112,0.0007058512526418781,0
799,75984,0,100,0.5989733333333334,0.0006809074690681882,0
800,76039,0.5049999999999999,55,0.5986830555555556,0.0006369422906903889,1
801,76139,0,100,0.5981552777777778,0.000670746801115456,0
802,76239,0,100,0.5976275,0.0006652524933451787,0
803,76339,0,100,0.5970997222222223,0.000622214958711993,0
804,76439,0,100,0.5965719444444444,0.0006481928678113036,0
805,76539,0,100,0.5960441666666667,0.0006952197031205288,0
806,76639,0,100,0.5955163888888889,0.0007048851034778636,0
807,76739,0,100,0.5949886111111111,0.0006608066741318907,0
808,76839,0,100,0.5944608333333333,0.0006747360893496079,0
809,76939,0,100,0.5939330555555555,0.0006431687251460971,0
810,77039,0,100,0.5934052777777779,0.0007387665940041189,0
811,77139,0,100,0.5928775000000001,0.0006712569057708606,0
812,77239,0,100,0.5923497222222223,0.0006797733026905916,0
813,77339,0,100,0.5918219444444445,0.0006496690825588303,0
814,77439,0,100,0.5912941666666667,0.0006623502701404504,0
815,77539,0,100,0.5907663888888889,0.0006956295736017637,0
816,77639,0,100,0.5902386111111111,0.0006499233383510727,0
817,77739,0,100,0.5897108333333334,0.0006836905030650086,0
818,77839,0,100,0.5891830555555556,0.0006842141072411323,0
819,77931,0.17199999999999993,92,0.5886975000000001,0.0006807273743027548,1
820,78031,0,100,0.5881697222222222,0.0006485175222042017,0
821,78131,0,100,0.5876419444444445,0.0006231851183110848,0
822,78231,0,100,0.5871141666666667,0.000658058453918784,0
823,78331,0,100,0.5865863888888889,0.0007176790977246128,0
824,78431,0,100,0.5860586111111111,0.0006587426768237492,0
825,78531,0,100,0.5855308333333333,0.00072613230717252,0
826,78631,0,100,0.5850030555555557,0.0006599927882780321,0
827,78731,0,100,0.5844752777777777,0.0006272891266416991,0
828,78831,0,100,0.5839475000000001,0.0006462031672708691,0
829,78931,0,100,0.5834197222222223,0.000681151386233978,0
830,79031,0,100,0.5828919444444445,0.0006681785301771015,0
831,79131,0,100,0.5823641666666667,0.0006776240135150147,0
832,79231,0,100,0.5818363888888889,0.0006209274413413368,0
833,79331,0,100,0.5813086111111112,0.0006697991216788068,0
834,79431,0,100,0.5807808333333333,0.000685781322827097,0
835,79531,0,100,0.5802530555555556,0.0006764702522923471,0
836,79631,0,100,0.5797252777777778,0.0006511115525790956,0
837,79731,0,100,0.5791975,0.0006508526437391993,0
838,79831,0,100,0.5786697222222222,0.0006926922117418144,0
839,79931,0,100,0.5781419444444444,0.0006681918582762591,0
840,80031,0,100,0.5776141666666668,0.0006686080202052835,0
841,80131,0,100,0.5770863888888889,0.0006366370165778789,0
842,80231,0,100,0.5765586111111112,0.0006512790123815648,0
843,80331,0,100,0.5760308333333334,0.0007085523255227599,0
844,80431,0,100,0.5755030555555556,0.0007910591259860666,0
845,80531,0,100,0.5749752777777778,0.0006849028705619276,0
846,80584,0.5229999999999999,53,0.5746955555555555,0.0006794440409032417,1
847,80684,0,100,0.5741677777777778,0.0007605509414861444,0
848,80784,0,100,0.57364,0.0006962273481622105,0
849,80884,0,100,0.5731122222222222,0.0006520012243709061,0
850,80984,0,100,0.5725844444444446,0.0007306818099459633,0
851,81084,0,100,0.5720566666666667,0.0006094830208166969,0
852,81184,0,100,0.571528888888889,0.0006981214105326217,0
853,81284,0,100,0.5710011111111111,0.000708493959828047,0
854,81384,0,100,0.5704733333333334,0.0006418668865808286,0
855,81484,0,100,0.5699455555555556,0.0007499552976514679,0
856,81584,0,100,0.5694177777777778,0.0006444727003690787,0
857,81684,0,100,0.5688900000000001,0.0006398727015039185,0
858,81750,0.4059999999999999,66,0.5685416666666667,0.0006194698119846483,1
859,81850,0,100,0.5680138888888888,0.0006064755147963297,0
860,81950,0,100,0.5674861111111111,0.0006722540676128119,0
861,82050,0,100,0.5669583333333335,0.0006995756831747712,0
862,82150,0,100,0.5664305555555555,0.0007101853027415928,0
863,82250,0,100,0.5659027777777779,0.0007005055213812739,0
864,82350,0,100,0.565375,0.0007168893237394513,0
865,82450,0,100,0.5648472222222223,0.0006403872452938231,0
866,82550,0,100,0.5643194444444444,0.0006606967310654,0
867,82650,0,100,0.5637916666666667,0.0006306184273853433,0
868,82750,0,100,0.563263888888889,0.0006275460920005571,0
869,82850,0,100,0.5627361111111111,0.0006871250941185281,0
870,82950,0,100,0.5622083333333334,0.0006609240875695832,0
871,83050,0,100,0.5616805555555555,0.0006838686784612947,0
872,83150,0,100,0.5611527777777778,0.0006661373624228872,0
873,83250,0,100,0.5606249999999999,0.0006814435066189617,0
874,83350,0,100,0.5600972222222222,0.0007553246659517754,0
875,83450,0,100,0.5595694444444446,0.0007450929761398583,0
876,83550,0,100,0.5590416666666667,0.0006440372400538763,0
877,83650,0,100,0.558513888888889,0.0006677286210469901,0
878,83750,0,100,0.5579861111111111,0.0007035657783853822,0
879,83850,0,100,0.5574583333333334,0.0006769100965902907,0
880,83866,0.856,16,0.5573738888888888,0.0008443081878795056,1
881,83966,0,100,0.5568461111111112,0.0007616245969256852,0
882,84066,0,100,0.5563183333333334,0.0006750521900539753,0
883,84166,0,100,0.5557905555555556,0.0007181197628960945,0
884,84266,0,100,0.5552627777777779,0.0006876258370175492,0
885,84366,0,100,0.554735,0.0007223893237824086,0
886,84382,0.856,16,0.5546505555555556,0.0008183462250599405,1
887,84482,0,100,0.5541227777777777,0.000655816508733551,0
888,84582,0,100,0.5535950000000001,0.0007003713086305652,0
889,84682,0,100,0.5530672222222222,0.0006788499287358718,0
890,84782,0,100,0.5525394444444445,0.0007941176752501633,0
891,84882,0,100,0.5520116666666667,0.0007220142756705172,0
892,84982,0,100,0.5514838888888889,0.0007297547970665618,0
893,85082,0,100,0.5509561111111112,0.0006346360805036965,0
894,85182,0,100,0.5504283333333333,0.0006685175890743266,0
895,85282,0,100,0.5499005555555556,0.0006138185328018153,0
896,85358,0.31599999999999995,76,0.5494994444444444,0.0006770577720568614,1
897,85458,0,100,0.5489716666666666,0.0006800996579113416,0
898,85558,0,100,0.548443888888889,0.0006306629967730259,0
899,85658,0,100,0.547916111111111,0.0006685981425107457,0
900,85758,0,100,0.5473883333333334,0.000708263010601513,0
901,85858,0,100,0.5468605555555556,0.0006210123954951996,0
902,85932,0.33399999999999996,74,0.54647,0.0006052305982086329,1
903,86032,0,100,0.5459422222222222,0.0006348979777249042,0
904,86132,0,100,0.5454144444444444,0.0006074342061765492,0
905,86232,0,100,0.5448866666666667,0.0006222703403909691,0
906,86332,0,100,0.5443588888888888,0.0007017645688029006,0
907,86432,0,100,0.5438311111111112,0.0006475465816038195,0
908,86532,0,100,0.5433033333333334,0.0006827481600339524,0
909,86632,0,100,0.5427755555555556,0.000662947853852529,0
910,86732,0,100,0.5422477777777778,0.0006755684707604815,0
911,86832,0,100,0.54172,0.0007209567973040976,0
912,86932,0,100,0.5411922222222223,0.0006759632332250476,0
913,86958,0.766,26,0.5410550000000001,0.0007543495227694691,1
914,87058,0,100,0.5405272222222222,0.0007633372873533517,0
915,87158,0,100,0.5399994444444445,0.0007331257289479254,0
916,87258,0,100,0.5394716666666667,0.00060858677723445,0
917,87358,0,100,0.5389438888888889,0.0005311516494839452,0
918,87458,0,100,0.5384161111111111,0.0006285405244852882,0
919,87558,0,100,0.5378883333333333,0.0005491039787739282,0
920,87658,0,100,0.5373605555555556,0.0006327843522740296,0
921,87758,0,100,0.5368327777777777,0.0006456459070614074,0
922,87858,0,100,0.536305,0.0006148046694579534,0
923,87958,0,100,0.5357772222222222,0.000617374492721865,0
924,88058,0,100,0.5352494444444444,0.0006179665886156727,0
925,88158,0,100,0.5347216666666667,0.0006893504213076085,0
926,88258,0,100,0.5341938888888889,0.0006798963953042403,0
927,88274,0.856,16,0.5341094444444445,0.0007165507877289201,1
928,88374,0,100,0.5335816666666666,0.0007206356706592487,0
929,88474,0,100,0.5330538888888889,0.0006931572410394437,0
930,88574,0,100,0.5325261111111111,0.0006829181987268385,0
931,88636,0.44199999999999995,62,0.5321988888888889,0.0006626475195873589,1
932,88736,0,100,0.5316711111111111,0.0007016563160868827,0
933,88781,0.595,45,0.5314336111111111,0.0005249752326764994,1
934,88881,0,100,0.5309058333333334,0.0005872041673865169,0
935,88981,0,100,0.5303780555555555,0.0006278378535353113,0
936,89081,0,100,0.5298502777777778,0.0005957570738246432,0
937,89181,0,100,0.5293225,0.000572489048136049,0
938,89281,0,100,0.5287947222222222,0.0006367268462781795,0
939,89381,0,100,0.5282669444444444,0.000680178532784339,0
940,89481,0,100,0.5277391666666666,0.0006384770407021279,0
941,89581,0,100,0.527211388888889,0.0006009266403270886,0
942,89681,0,100,0.5266836111111111,0.0006848713378713,0
943,89780,0.10899999999999999,99,0.5261611111111111,0.0006603779343416623,1
944,89880,0,100,0.5256333333333334,0.0006304404795810114,0
945,89980,0,100,0.5251055555555556,0.0006220272867358289,0
946,90080,0,100,0.5245777777777778,0.0005925112153636292,0
947,90180,0,100,0.52405,0.0006107611343395547,0
948,90182,0.982,2,0.5240394444444445,0.00043340933916624635,1
949,90282,0,100,0.5235116666666666,0.0006951688983826898,0
950,90382,0,100,0.5229838888888889,0.0006160498459939845,0
951,90384,0.982,2,0.5229733333333333,0.0003871674998663366,1
952,90484,0,100,0.5224455555555556,0.0005998662937054177,0
953,90584,0,100,0.5219177777777777,0.0005799080167344073,0
954,90684,0,100,0.52139,0.0006213629223930184,0
955,90760,0.31599999999999995,76,0.520988888888889,0.0006255643640638722,1
956,90860,0,100,0.5204611111111112,0.0006068100871925708,0
957,90960,0,100,0.5199333333333334,0.000673968860792229,0
958,91060,0,100,0.5194055555555555,0.0006001983227906749,0
959,91160,0,100,0.5188777777777778,0.0006232718800310977,0
960,91260,0,100,0.5183500000000001,0.0006487555924104527,0
961,91360,0,100,0.5178222222222222,0.0005843915847071912,0
962,91460,0,100,0.5172944444444445,0.0005859721845627064,0
963,91560,0,100,0.5167666666666666,0.0006219434546073898,0
964,91660,0,100,0.5162388888888889,0.000615861080805189,0
965,91760,0,100,0.5157111111111111,0.0006118686859554145,0
966,91860,0,100,0.5151833333333333,0.000617024666571524,0
967,91960,0,100,0.5146555555555556,0.0005673723931249697,0
968,92060,0,100,0.5141277777777777,0.0005619988742546411,0
969,92160,0,100,0.5136000000000001,0.0005694636840780731,0
970,92260,0,100,0.5130722222222223,0.0005707103219174314,0
971,92360,0,100,0.5125444444444445,0.0006237033297657035,0
972,92460,0,100,0.5120166666666666,0.0005812925760255894,0
973,92560,0,100,0.5114888888888889,0.0006119303993909852,0
974,92564,0.964,4,0.5114677777777779,0.0003636140827438794,1
975,92664,0,100,0.51094,0.0006212176253029611,0
976,92764,0,100,0.5104122222222223,0.0006202582157857251,0
977,92864,0,100,0.5098844444444445,0.0005479015201854054,0
978,92954,0.18999999999999995,90,0.5094094444444444,0.0005933644313093585,1
979,93054,0,100,0.5088816666666667,0.0006144654542003991,0
980,93154,0,100,0.508353888888889,0.0005914293923706282,0
981,93254,0,100,0.5078261111111111,0.0006794899980013724,0
982,93354,0,100,0.5072983333333334,0.0006576574424252612,0
983,93454,0,100,0.5067705555555555,0.000655833382770652,0
984,93554,0,100,0.5062427777777778,0.0005801968360538012,0
985,93654,0,100,0.505715,0.0005923478495969903,0
986,93754,0,100,0.5051872222222222,0.0006461169078829698,0
987,93854,0,100,0.5046594444444444,0.0006401938936323859,0
988,93857,0.973,3,0.5046436111111111,0.0007147645810618997,1
989,93957,0,100,0.5041158333333333,0.0006381579517619685,0
990,94057,0,100,0.5035880555555556,0.0006448598349379608,0
991,94157,0,100,0.5030602777777778,0.000597291233134456,0
992,94252,0.14500000000000002,95,0.502558888888889,0.0006280823910952007,1
993,94352,0,100,0.5020311111111111,0.0006249122710141819,0
994,94452,0,100,0.5015033333333333,0.0006330694773350842,0
995,94552,0,100,0.5009755555555555,0.0006537095482053701,0
996,94652,0,100,0.5004477777777778,0.0006868826370919123,0
997,94752,0,100,0.49992000000000003,0.0005932682783168275,0
998,94852,0,100,0.49939222222222224,0.0006099129011272453,0
999,94952,0,100,0.49886444444444444,0.0006465987967385445,0
1000,95047,0.14500000000000002,95,0.4983630555555556,0.0005834103737326682,1
1001,95147,0,100,0.4978352777777778,0.0006083971805492184,0
1002,95247,0,100,0.4973075,0.0004917656298130169,0
1003,95328,0.2709999999999999,81,0.4968800000000001,0.0005090548822161868,1
1004,95428,0,100,0.4963522222222222,0.0006332280589413131,0
1005,95528,0,100,0.4958244444444444,0.0005764589329191949,0
1006,95628,0,100,0.4952966666666667,0.0005990706256125123,0
1007,95728,0,100,0.4947688888888889,0.0005658040697016986,0
1008,95828,0,100,0.49424111111111113,0.0007103828187973705,0
1009,95928,0,100,0.49371333333333334,0.0006536199446418322,0
1010,96028,0,100,0.49318555555555554,0.0005629855298320763,0
1011,96128,0,100,0.49265777777777786,0.000661262837384129,0
1012,96228,0,100,0.49213000000000007,0.0005200489502749406,0
1013,96328,0,100,0.49160222222222216,0.0006085014381096699,0
1014,96428,0,100,0.4910744444444445,0.0006101412124553462,0
1015,96528,0,100,0.4905466666666667,0.0006058168816525721,0
1016,96628,0,100,0.4900188888888889,0.0005703197471302701,0
1017,96728,0,100,0.4894911111111112,0.0005832338555774185,0
1018,96828,0,100,0.4889633333333333,0.0006117823336535366,0
1019,96928,0,100,0.4884355555555555,0.0006077145005110651,0
1020,97028,0,100,0.48790777777777783,0.0005910964605573099,0
1021,97128,0,100,0.48738000000000004,0.0005470902279193978,0
1022,97228,0,100,0.48685222222222224,0.0006575570916174911,0
1023,97328,0,100,0.48632444444444445,0.0006303355407726485,0
1024,97428,0,100,0.48579666666666665,0.0005896763475902844,0
1025,97528,0,100,0.48526888888888897,0.0005210503398120636,0
1026,97628,0,100,0.4847411111111112,0.0005423134954617126,0
1027,97728,0,100,0.4842133333333333,0.0005522131604811875,0
1028,97828,0,100,0.4836855555555556,0.0006574541097143083,0
1029,97928,0,100,0.4831577777777778,0.0005904117460886482,0
1030,98028,0,100,0.48263,0.0005865565183921718,0
1031,98128,0,100,0.4821022222222223,0.0006149688404548214,0
1032,98228,0,100,0.4815744444444444,0.0006432095702621155,0
1033,98328,0,100,0.48104666666666673,0.0005939736765139969,0
1034,98428,0,100,0.48051888888888894,0.0005854386257124134,0
1035,98430,0.982,2,0.4805083333333334,0.0007030163542367518,1
1036,98530,0,100,0.4799805555555555,0.0006171624548733235,0
1037,98625,0.14500000000000002,95,0.4794791666666667,0.0006125229683484098,1
1038,98725,0,100,0.4789513888888889,0.0006290484990313416,0
1039,98825,0,100,0.4784236111111111,0.0005754808548954315,0
1040,98826,0.991,1,0.4784183333333333,0.0002264223585370928,1
1041,98926,0,100,0.4778905555555556,0.0005632598733791383,0
1042,99026,0,100,0.4773627777777778,0.0006111853048787453,0
1043,99126,0,100,0.476835,0.0005317098047817126,0
1044,99226,0,100,0.4763072222222222,0.0005058871386427199,0
1045,99326,0,100,0.4757794444444444,0.0005612018406100105,0
1046,99426,0,100,0.47525166666666674,0.0005670017523516435,0
1047,99526,0,100,0.47472388888888895,0.0006038551180972718,0
1048,99626,0,100,0.47419611111111115,0.0006228032400031225,0
1049,99726,0,100,0.47366833333333336,0.0006208028883702355,0
1050,99826,0,100,0.47314055555555556,0.0005433173342316877,0
1051,99926,0,100,0.47261277777777777,0.0005600443372350128,0
1052,100026,0,100,0.4720850000000001,0.0005522898440540303,0
1053,100126,0,100,0.4715572222222223,0.0005801327741210116,0
1054,100226,0,100,0.4710294444444444,0.000625621593062533,0
1055,100326,0,100,0.4705016666666667,0.0005520572104433086,0
1056,100426,0,100,0.4699738888888889,0.0005405987937592727,0
1057,100526,0,100,0.4694461111111111,0.0005583176645450294,0
1058,100626,0,100,0.4689183333333333,0.000527790010382887,0
1059,100726,0,100,0.46839055555555553,0.0005280989831953775,0
1060,100826,0,100,0.46786277777777785,0.0005057084541476798,0
1061,100926,0,100,0.46733500000000006,0.0005426825927133905,0
1062,101026,0,100,0.46680722222222226,0.00051514246079023,0
1063,101126,0,100,0.46627944444444447,0.0005629158914962317,0
1064,101226,0,100,0.4657516666666667,0.000554770438830019,0
1065,101326,0,100,0.4652238888888889,0.0006315084249945358,0
1066,101426,0,100,0.4646961111111112,0.0006087023238796974,0
1067,101526,0,100,0.4641683333333333,0.0005544133391958894,0
1068,101626,0,100,0.4636405555555555,0.0005287751123250928,0
1069,101726,0,100,0.4631127777777778,0.0005133512095198967,0
1070,101826,0,100,0.462585,0.0006130560640303884,0
1071,101926,0,100,0.46205722222222234,0.0006587864625907969,0
1072,101991,0.4149999999999999,65,0.46171416666666665,0.0006493217860294793,1
1073,102091,0,100,0.46118638888888897,0.0005894891347270459,0
1074,102191,0,100,0.46065861111111106,0.0005418427830591099,0
1075,102291,0,100,0.4601308333333334,0.0006141617394314381,0
1076,102391,0,100,0.4596030555555556,0.0005578849966695997,0
1077,102491,0,100,0.4590752777777778,0.0006182032446668018,0
1078,102591,0,100,0.4585475000000001,0.0006209573482192355,0
1079,102691,0,100,0.4580197222222222,0.0006152553374704439,0
1080,102791,0,100,0.4574919444444444,0.0005878807209228398,0
1081,102891,0,100,0.4569641666666667,0.0005368137358163949,0
1082,102894,0.973,3,0.4569483333333334,0.0003660795628093183,1
1083,102994,0,100,0.4564205555555556,0.0005991733074915828,0
1084,103094,0,100,0.4558927777777778,0.0005990575303439983,0
1085,103194,0,100,0.455365,0.0005429899078444578,0
1086,103203,0.919,9,0.45531750000000004,0.0005753821363517394,1
1087,103303,0,100,0.45478972222222225,0.000549152053281432,0
1088,103403,0,100,0.45426194444444445,0.0005509348123450764,0
1089,103503,0,100,0.45373416666666677,0.0005828093230957165,0
1090,103603,0,100,0.45320638888888887,0.0005877838617016095,0
1091,103703,0,100,0.4526786111111111,0.0006650089011964156,0
1092,103803,0,100,0.4521508333333334,0.0005906560509174597,0
1093,103903,0,100,0.4516230555555556,0.0006197095631068805,0
1094,104003,0,100,0.4510952777777778,0.0005807429574269918,0
1095,104103,0,100,0.4505675,0.0006372255078167655,0
1096,104203,0,100,0.4500397222222222,0.0005692592468403745,0
1097,104303,0,100,0.44951194444444453,0.0005246464494848623,0
1098,104403,0,100,0.44898416666666674,0.0005875280787586235,0
1099,104503,0,100,0.44845638888888883,0.0006506978604011237,0
1100,104603,0,100,0.44792861111111115,0.0006231601275794674,0
1101,104703,0,100,0.44740083333333336,0.0005556571687338874,0
1102,104803,0,100,0.44687305555555557,0.0006342949954705546,0
1103,104903,0,100,0.4463452777777779,0.0005928009176568593,0
1104,105003,0,100,0.4458175,0.0005024622895143694,0
1105,105103,0,100,0.4452897222222222,0.0005435018603748177,0
1106,105203,0,100,0.4447619444444445,0.0005402722406142857,0
1107,105206,0.973,3,0.4447461111111112,0.0006887729784163336,1
1108,105306,0,100,0.4442183333333334,0.0006145388366712723,0
1109,105406,0,100,0.4436905555555556,0.0005289522252132883,0
1110,105506,0,100,0.4431627777777778,0.0005701404066348914,0
1111,105606,0,100,0.442635,0.0005515583659871481,0
1112,105706,0,100,0.4421072222222223,0.0005727311082591768,0
1113,105806,0,100,0.4415794444444445,0.0005940568526420975,0
1114,105906,0,100,0.4410516666666666,0.0004920685841352678,0
1115,106006,0,100,0.44052388888888894,0.0005515772705257404,0
1116,106106,0,100,0.43999611111111114,0.000535071480408078,0
1117,106206,0,100,0.43946833333333335,0.0005758924457768444,0
1118,106263,0.487,57,0.43916749999999993,0.0006047603269587597,1
1119,106363,0,100,0.43863972222222225,0.000601421278406633,0
1120,106463,0,100,0.43811194444444446,0.0005239295195497107,0
1121,106563,0,100,0.4375841666666668,0.0005808832093316596,0
1122,106663,0,100,0.437056388888889,0.0005381616979138926,0
1123,106726,0.43299999999999994,63,0.4367238888888889,0.0005715997546166551,1
1124,106826,0,100,0.4361961111111111,0.0005576067428773967,0
1125,106853,0.757,27,0.4360536111111112,0.00046702479826139835,1
1126,106953,0,100,0.4355258333333334,0.000507491774551454,0
1127,107015,0.44199999999999995,62,0.43519861111111113,0.0005453477999488373,1
1128,107115,0,100,0.43467083333333334,0.0005089222629612777,0
1129,107215,0,100,0.43414305555555555,0.0005741714480973314,0
1130,107315,0,100,0.43361527777777775,0.0005513267641799757,0
1131,107415,0,100,0.43308750000000007,0.0005645218457357259,0
1132,107515,0,100,0.4325597222222223,0.0004718327418231638,0
1133,107615,0,100,0.4320319444444445,0.000508811512045213,0
1134,107715,0,100,0.4315041666666667,0.0005133414109150181,0
1135,107815,0,100,0.4309763888888889,0.0005467630827479297,0
1136,107915,0,100,0.4304486111111111,0.0004808674607920693,0
1137,108015,0,100,0.4299208333333334,0.0005616068514791551,0
1138,108115,0,100,0.4293930555555555,0.0004746788340708008,0
1139,108215,0,100,0.4288652777777777,0.0005653767609328497,0
1140,108315,0,100,0.42833750000000004,0.000596230174487573,0
1141,108415,0,100,0.42780972222222224,0.0005051859607192455,0
1142,108436,0.8109999999999999,21,0.42769888888888896,0.0005427775544203108,1
1143,108536,0,100,0.42717111111111117,0.0005492106221936411,0
1144,108636,0,100,0.4266433333333334,0.0005376213222916704,0
1145,108736,0,100,0.4261155555555556,0.0005428719520568847,0
1146,108836,0,100,0.4255877777777778,0.0005918614114489173,0
1147,108936,0,100,0.4250600000000001,0.0005644799045694527,0
1148,109036,0,100,0.4245322222222222,0.0005488676720415242,0
1149,109053,0.847,17,0.42444250000000006,0.0005289274182252805,1
1150,109153,0,100,0.42391472222222226,0.0005527007433556719,0
1151,109253,0,100,0.42338694444444447,0.0005982549225882394,0
1152,109270,0.847,17,0.4232972222222222,0.0005294719277812607,1
1153,109370,0,100,0.42276944444444453,0.0005875822671077913,0
1154,109403,0.703,33,0.42259527777777783,0.0005316605558177936,1
1155,109503,0,100,0.42206750000000004,0.0005330325724207796,0
1156,109603,0,100,0.42153972222222225,0.0005482271804794437,0
1157,109703,0,100,0.42101194444444445,0.000570051422182587,0
1158,109803,0,100,0.42048416666666666,0.0005708220783708384,0
1159,109903,0,100,0.419956388888889,0.0005719795066397637,0
1160,109976,0.34299999999999997,73,0.41957111111111123,0.0004911145631125044,1
1161,110076,0,100,0.4190433333333333,0.0005560375687491615,0
1162,110176,0,100,0.41851555555555553,0.0005369915196206421,0
1163,110276,0,100,0.41798777777777785,0.0005624119241110747,0
1164,110376,0,100,0.41746000000000005,0.0006639610532147344,0
1165,110476,0,100,0.41693222222222215,0.0005721224030276062,0
1166,110576,0,100,0.41640444444444447,0.0005475668797589605,0
1167,110676,0,100,0.4158766666666667,0.000556014223038801,0
1168,110776,0,100,0.4153488888888889,0.0005718179680116009,0
1169,110876,0,100,0.4148211111111112,0.000489603141322732,0
1170,110976,0,100,0.4142933333333333,0.0005882691233273363,0
1171,111076,0,100,0.4137655555555556,0.0005493236694746884,0
1172,111176,0,100,0.4132377777777778,0.0005521603631495963,0
1173,111276,0,100,0.41271,0.0005690723219595384,0
1174,111376,0,100,0.41218222222222234,0.0004957745615683962,0
1175,111476,0,100,0.41165444444444443,0.0005461435650067869,0
1176,111576,0,100,0.41112666666666664,0.0005196957859152462,0
1177,111676,0,100,0.41059888888888896,0.0005704050324857235,0
1178,111776,0,100,0.41007111111111116,0.000568301801358757,0
1179,111876,0,100,0.40954333333333326,0.0005473666344914818,0
1180,111886,0.91,10,0.4094905555555556,0.0005229207206866703,1
1181,111986,0,100,0.4089627777777778,0.0005652749110595323,0
1182,112086,0,100,0.408435,0.0005533300461684121,0
1183,112186,0,100,0.4079072222222222,0.0005670535941317212,0
1184,112286,0,100,0.4073794444444445,0.0005319287504971726,0
1185,112386,0,100,0.4068516666666667,0.0006124422548600705,0
1186,112486,0,100,0.4063238888888888,0.0005339136155089364,0
1187,112586,0,100,0.40579611111111114,0.0005704731879814062,0
1188,112686,0,100,0.40526833333333334,0.0005044050904689357,0
1189,112748,0.44199999999999995,62,0.4049411111111111,0.0005780027741791621,1
1190,112762,0.874,14,0.40486722222222227,0.000584741447320474,1
1191,112862,0,100,0.4043394444444445,0.0005393300147989066,0
1192,112962,0,100,0.4038116666666667,0.0005149775374593446,0
1193,113005,0.613,43,0.4035847222222223,0.0005787284032923581,1
1194,113105,0,100,0.4030569444444444,0.0004557839953486109,0
1195,113205,0,100,0.4025291666666667,0.0006009919029020239,0
1196,113305,0,100,0.4020013888888889,0.0005244190206576604,0
1197,113405,0,100,0.40147361111111113,0.00053070947775268,0
1198,113505,0,100,0.40094583333333333,0.0005384215080266586,0
1199,113605,0,100,0.40041805555555554,0.0005157502763904631,0
1200,113705,0,100,0.39989027777777786,0.0005800167482084362,0
1201,113805,0,100,0.39936250000000006,0.0005736392908875132,0
1202,113905,0,100,0.39883472222222227,0.0005247526063612895,0
1203,114005,0,100,0.3983069444444445,0.0005203380661987466,0
1204,114105,0,100,0.3977791666666667,0.0004927999982464826,0
1205,114205,0,100,0.3972513888888889,0.0005107306416903157,0
1206,114305,0,100,0.3967236111111112,0.0004935976238630246,0
1207,114405,0,100,0.3961958333333334,0.0005125744736142224,0
1208,114505,0,100,0.3956680555555555,0.0005038597016391577,0
1209,114605,0,100,0.3951402777777778,0.00053635786724044,0
1210,114705,0,100,0.39461250000000003,0.00048821054660947994,0
1211,114805,0,100,0.39408472222222224,0.0005850213703524787,0
1212,114905,0,100,0.39355694444444445,0.0004858790478101582,0
1213,115005,0,100,0.39302916666666665,0.0005100340144417715,0
1214,115009,0.964,4,0.3930080555555556,0.00027348579169483855,1
1215,115109,0,100,0.39248027777777783,0.000479264309615246,0
1216,115209,0,100,0.39195250000000004,0.000496847576869186,0
1217,115309,0,100,0.39142472222222224,0.0005016973507736111,0
1218,115409,0,100,0.39089694444444456,0.00048253135923005176,0
1219,115509,0,100,0.39036916666666666,0.0004877800866961479,0
1220,115609,0,100,0.38984138888888886,0.0005116432927752612,0
1221,115709,0,100,0.3893136111111112,0.0004967470360134029,0
1222,115727,0.838,18,0.3892186111111111,0.0004017799041725488,1
1223,115738,0.901,11,0.3891605555555555,0.00042413784566716373,1
1224,115784,0.586,46,0.3889177777777778,0.0005112463977243549,1
1225,115884,0,100,0.38839,0.0005587475881111459,0
1226,115887,0.973,3,0.3883741666666667,0.000605630319720755,1
1227,115987,0,100,0.3878463888888889,0.0005498901264945744,0
1228,116087,0,100,0.3873186111111111,0.0005427015347231645,0
1229,116187,0,100,0.3867908333333334,0.0005104417818802176,0
1230,116287,0,100,0.3862630555555555,0.0005352618090546457,0
1231,116387,0,100,0.38573527777777783,0.000528818217717344,0
1232,116487,0,100,0.38520750000000004,0.00047218945728673135,0
1233,116526,0.649,39,0.3850016666666667,0.0005478061263998732,1
1234,116626,0,100,0.384473888888889,0.00044842590625194135,0
1235,116639,0.883,13,0.3844052777777778,0.00038019196878079896,1
1236,116739,0,100,0.3838775000000001,0.00053889883471129,0
1237,116839,0,100,0.3833497222222222,0.0005329850146517856,0
1238,116892,0.5229999999999999,53,0.38307,0.0005432345104329112,1
1239,116992,0,100,0.38254222222222234,0.0004765121166565223,0
1240,117092,0,100,0.38201444444444443,0.0005315300394795485,0
1241,117192,0,100,0.38148666666666664,0.0005391728287941078,0
1242,117292,0,100,0.38095888888888896,0.0004895222935010679,0
1243,117392,0,100,0.38043111111111116,0.0005310166458366439,0
1244,117492,0,100,0.37990333333333326,0.0004924665820726659,0
1245,117581,0.19899999999999995,89,0.3794336111111112,0.0005019044682934221,1
1246,117681,0,100,0.3789058333333333,0.00046276691791717893,0
1247,117781,0,100,0.3783780555555556,0.0005007391386607197,0
1248,117881,0,100,0.3778502777777778,0.0005497898273461033,0
1249,117981,0,100,0.3773225,0.0004900190749322064,0
1250,118081,0,100,0.3767947222222223,0.00048243159289995674,0
1251,118181,0,100,0.3762669444444444,0.0005730200499237981,0
1252,118281,0,100,0.37573916666666674,0.0005427239968412323,0
1253,118381,0,100,0.37521138888888894,0.0004885026913689217,0
1254,118481,0,100,0.37468361111111115,0.0005513292978866957,0
1255,118581,0,100,0.37415583333333335,0.0004950458170060302,0
1256,118681,0,100,0.37362805555555556,0.0005363749073876533,0
1257,118758,0.30699999999999994,77,0.3732216666666668,0.0004698298331017473,1
1258,118858,0,100,0.3726938888888889,0.0004931014079920715,0
1259,118958,0,100,0.3721661111111111,0.0005382374404871371,0
1260,119058,0,100,0.3716383333333334,0.0005620854841981781,0
1261,119158,0,100,0.3711105555555556,0.0004545360988777247,0
1262,119258,0,100,0.3705827777777778,0.0005139912783488398,0
1263,119358,0,100,0.370055,0.0005146578211133601,0
1264,119458,0,100,0.36952722222222223,0.0005075319652678445,0
1265,119558,0,100,0.36899944444444455,0.00047514644007605965,0
1266,119658,0,100,0.36847166666666675,0.0004957287959405221,0
1267,119758,0,100,0.36794388888888885,0.0004889307504345197,0
1268,119858,0,100,0.36741611111111117,0.0005052499843441183,0
1269,119958,0,100,0.36688833333333337,0.00047682963198894865,0
1270,120058,0,100,0.3663605555555556,0.00048583579460682814,0
1271,120158,0,100,0.3658327777777778,0.0004552515175601002,0
1272,120258,0,100,0.365305,0.0005185496126068756,0
1273,120358,0,100,0.3647772222222222,0.0005460276464873459,0
1274,120458,0,100,0.3642494444444445,0.0004982960227061994,0
1275,120558,0,100,0.3637216666666667,0.0005006834259984317,0
1276,120603,0.595,45,0.3634841666666666,0.0004859948128190202,1
1277,120703,0,100,0.3629563888888889,0.0005222941192187136,0
1278,120803,0,100,0.36242861111111113,0.0005011206046037841,0
1279,120903,0,100,0.36190083333333345,0.0005527758445532527,0
1280,121003,0,100,0.36137305555555554,0.0005239765917940531,0
1281,121103,0,100,0.36084527777777775,0.0004832364959293045,0
1282,121203,0,100,0.36031750000000007,0.00045019736062386074,0
1283,121303,0,100,0.3597897222222223,0.0004966402167337947,0
1284,121403,0,100,0.3592619444444445,0.000511051731518819,0
1285,121503,0,100,0.3587341666666667,0.0004897182941931532,0
1286,121603,0,100,0.3582063888888889,0.00048696718462451824,0
1287,121703,0,100,0.3576786111111111,0.00044027832038409545,0
1288,121803,0,100,0.3571508333333334,0.000513443109812215,0
1289,121903,0,100,0.3566230555555556,0.0004928480063972529,0
1290,122003,0,100,0.35609527777777783,0.0005609119627479231,0
1291,122103,0,100,0.35556750000000004,0.0004557653341180412,0
1292,122130,0.757,27,0.355425,0.00044676791677139354,1
1293,122230,0,100,0.3548972222222223,0.00046902706984838007,0
1294,122330,0,100,0.3543694444444444,0.0004845731878594961,0
1295,122410,0.2799999999999999,80,0.3539472222222223,0.00048093576410792596,1
1296,122510,0,100,0.3534194444444445,0.0004359519546414958,0
1297,122610,0,100,0.3528916666666667,0.00047433703650312964,0
1298,122710,0,100,0.3523638888888889,0.0005203977390920045,0
1299,122810,0,100,0.3518361111111111,0.0004925392619043123,0
1300,122910,0,100,0.35130833333333344,0.000475416027038591,0
1301,123010,0,100,0.35078055555555554,0.0003966440235308255,0
1302,123055,0.595,45,0.35054305555555554,0.00044646140918808266,1
1303,123155,0,100,0.35001527777777786,0.00048593451574561184,0
1304,123255,0,100,0.34948750000000006,0.00048681968240998685,0
1305,123308,0.5229999999999999,53,0.3492077777777778,0.0004553352737961829,1
1306,123408,0,100,0.34868,0.0004700931590923574,0
1307,123508,0,100,0.3481522222222223,0.0004873113679786911,0
1308,123608,0,100,0.3476244444444444,0.0004561995046969969,0
1309,123660,0.532,52,0.34734999999999994,0.0003978848427113217,1
1310,123760,0,100,0.34682222222222225,0.00044903165831783554,0
1311,123860,0,100,0.34629444444444446,0.0004660339430120075,0
1312,123898,0.6579999999999999,38,0.3460938888888889,0.00047945154150702844,1
1313,123998,0,100,0.34556611111111113,0.00042276994470739736,0
1314,124052,0.514,54,0.34528111111111115,0.0004492193693295121,1
1315,124152,0,100,0.34475333333333336,0.00046814180313958786,0
1316,124187,0.685,35,0.34456861111111114,0.000458205005686198,1
1317,124287,0,100,0.34404083333333335,0.00046377258749998875,0
1318,124387,0,100,0.34351305555555556,0.00044205850310390814,0
1319,124487,0,100,0.3429852777777779,0.00046819378758300445,0
1320,124535,0.5680000000000001,48,0.34273194444444444,0.0005091270374274851,1
1321,124635,0,100,0.34220416666666664,0.0004184961110149743,0
1322,124702,0.3969999999999999,67,0.34185055555555555,0.0004444442031976294,1
1323,124802,0,100,0.34132277777777786,0.0004214565125585068,0
1324,124902,0,100,0.34079500000000007,0.00045035957620712,0
1325,125002,0,100,0.34026722222222217,0.00043834096111822874,0
1326,125102,0,100,0.3397394444444445,0.00044614133432332895,0
1327,125202,0,100,0.3392116666666667,0.0004473809189221356,0
1328,125302,0,100,0.3386838888888889,0.00046655131583975165,0
1329,125402,0,100,0.3381561111111112,0.0004278062556841178,0
1330,125502,0,100,0.3376283333333333,0.0004272894810856087,0
1331,125602,0,100,0.3371005555555556,0.0004953930633928394,0
1332,125702,0,100,0.33657277777777783,0.0004837974385009147,0
1333,125765,0.43299999999999994,63,0.3362402777777779,0.0004904767809507792,1
1334,125865,0,100,0.33571249999999997,0.00040130345536454115,0
1335,125965,0,100,0.3351847222222223,0.00042780731811944864,0
1336,126065,0.09999999999999998,100,0.3346569444444445,0.0004882225786423078,1
1337,126165,0,100,0.3341291666666667,0.0004346639450523071,0
1338,126265,0,100,0.3336013888888889,0.00042629458170267753,0
1339,126365,0,100,0.3330736111111111,0.00041641086761956103,0
1340,126382,0.847,17,0.33298388888888897,0.00033136678864727453,1
1341,126482,0,100,0.3324561111111112,0.0004537492555027711,0
1342,126582,0,100,0.33192833333333327,0.00043125354837684425,0
1343,126682,0,100,0.3314005555555556,0.00039665151471126594,0
1344,126782,0,100,0.3308727777777778,0.0004586539113370236,0
1345,126882,0,100,0.3303450000000001,0.0004281700610226835,0
1346,126982,0,100,0.3298172222222223,0.000464468827995006,0
1347,127082,0,100,0.3292894444444444,0.00046163417398929594,0
1348,127182,0,100,0.32876166666666673,0.0004490304166392889,0
1349,127282,0,100,0.32823388888888894,0.0004059105224587256,0
1350,127308,0.766,26,0.3280966666666667,0.0003093332821803275,1
1351,127388,0.2799999999999999,80,0.3276744444444445,0.00045535822746387564,1
1352,127488,0,100,0.3271466666666667,0.00044151572074042634,0
1353,127588,0,100,0.3266188888888889,0.00045596214309625796,0
1354,127688,0,100,0.3260911111111111,0.00042121480611967855,0
1355,127735,0.577,47,0.3258430555555556,0.0004436303867631532,1
1356,127835,0,100,0.3253152777777778,0.0004646364614018239,0
1357,127935,0,100,0.3247875,0.00045389948310912585,0
1358,128035,0,100,0.3242597222222223,0.0004682277040410554,0
1359,128135,0,100,0.32373194444444453,0.00043005945488403083,0
1360,128145,0.91,10,0.32367916666666674,0.0005880007243831642,1
1361,128245,0,100,0.32315138888888895,0.00046965984467533416,0
1362,128345,0,100,0.32262361111111115,0.000479391168046277,0
1363,128376,0.721,31,0.3224600000000001,0.0004761803042305063,1
1364,128476,0,100,0.3219322222222222,0.0004002868047246011,0
1365,128494,0.838,18,0.3218372222222222,0.0005715990199759188,1
1366,128594,0,100,0.3213094444444444,0.0004128164074063534,0
1367,128694,0,100,0.32078166666666674,0.0003910545328835724,0
1368,128794,0,100,0.32025388888888895,0.0004373344925988931,0
1369,128894,0,100,0.31972611111111116,0.0004457473418005975,0
1370,128994,0,100,0.31919833333333336,0.00042490567662753167,0
1371,129094,0,100,0.31867055555555557,0.00038201069131901024,0
1372,129194,0,100,0.3181427777777779,0.00042331727156124543,0
1373,129294,0,100,0.317615,0.00040692921909794676,0
1374,129394,0,100,0.3170872222222222,0.00040051622614555526,0
1375,129494,0,100,0.3165594444444445,0.0004328859503584681,0
1376,129594,0,100,0.3160316666666667,0.00045559691890957767,0
1377,129694,0,100,0.3155038888888889,0.00038757932856242405,0
1378,129794,0,100,0.3149761111111111,0.00044268049066886305,0
1379,129894,0,100,0.31444833333333333,0.0003939890818583081,0
1380,129994,0,100,0.31392055555555565,0.00043692691695468967,0
1381,130094,0,100,0.31339277777777785,0.0004114476133690914,0
1382,130194,0,100,0.31286499999999995,0.0004504186823760392,0
1383,130294,0,100,0.31233722222222227,0.0004140744706819532,0
1384,130394,0,100,0.3118094444444445,0.0004152953695120232,0
1385,130455,0.45099999999999996,61,0.31148750000000003,0.00041480066629745005,1
1386,130470,0.865,15,0.3114083333333334,0.00038341821637004613,1
1387,130570,0,100,0.3108805555555556,0.00039826975509640763,0
1388,130670,0,100,0.3103527777777778,0.0004455054853133333,0
1389,130770,0,100,0.309825,0.00035056522305239925,0
1390,130786,0.856,16,0.3097405555555557,0.0005203440468903864,1
1391,130886,0,100,0.3092127777777778,0.0004161883159758872,0
1392,130986,0,100,0.308685,0.00038889272065716795,0
1393,131086,0,100,0.3081572222222223,0.0004196651317033684,0
1394,131186,0,100,0.3076294444444445,0.0004482185674351058,0
1395,131286,0,100,0.3071016666666666,0.00040372537412622475,0
1396,131386,0,100,0.3065738888888889,0.00040215271874330936,0
1397,131450,0.42399999999999993,64,0.30623611111111115,0.00037284126182157706,1
1398,131550,0,100,0.30570833333333336,0.00038938396042794923,0
1399,131650,0,100,0.30518055555555557,0.00037947350028844085,0
1400,131750,0,100,0.3046527777777779,0.0003717527932894882,0
1401,131850,0,100,0.304125,0.0004256259052635869,0
1402,131950,0,100,0.3035972222222222,0.00047476424697379116,0
1403,132050,0,100,0.3030694444444445,0.00042252611783624163,0
1404,132150,0,100,0.3025416666666667,0.0003992086490325164,0
1405,132250,0,100,0.3020138888888889,0.0004124068559031002,0
1406,132350,0,100,0.3014861111111111,0.0004073026723926887,0
1407,132450,0,100,0.3009583333333333,0.0004616538231493905,0
1408,132525,0.32499999999999996,75,0.30056250000000007,0.0003847339714411646,1
1409,132625,0,100,0.30003472222222216,0.00038270577024377415,0
1410,132632,0.9369999999999999,7,0.2999977777777778,0.000635351100104994,1
1411,132732,0,100,0.29947,0.0003633806774450932,0
1412,132832,0,100,0.2989422222222222,0.00041827484710665885,0
1413,132887,0.5049999999999999,55,0.29865194444444443,0.0004038871046346189,1
1414,132987,0,100,0.29812416666666663,0.0004084666298876982,0
1415,133087,0,100,0.29759638888888895,0.000379941795799823,0
1416,133187,0,100,0.29706861111111116,0.000387873939180281,0
1417,133287,0,100,0.29654083333333336,0.0004293497412072611,0
1418,133387,0,100,0.29601305555555557,0.00039890999141789507,0
1419,133487,0,100,0.2954852777777778,0.00043214861187152565,0
1420,133521,0.694,34,0.2953058333333334,0.0004159073098836576,1
1421,133621,0,100,0.2947780555555556,0.0004514469961213763,0
1422,133721,0,100,0.2942502777777778,0.0003837758544250391,0
1423,133821,0,100,0.2937225,0.0003868190113644232,0
1424,133921,0,100,0.2931947222222222,0.00033892002771608533,0
1425,134021,0,100,0.2926669444444445,0.00037338077978347426,0
1426,134121,0,100,0.2921391666666667,0.00039146066606917887,0
1427,134221,0,100,0.29161138888888893,0.00037230926216579973,0
1428,134321,0,100,0.29108361111111114,0.00041447450304985976,0
1429,134421,0,100,0.29055583333333335,0.00040456348257066565,0
1430,134521,0,100,0.29002805555555555,0.00040182395990996157,0
1431,134621,0,100,0.28950027777777787,0.00042904943733447,0
1432,134721,0,100,0.2889725000000001,0.00041228124839108203,0
1433,134729,0.9279999999999999,8,0.2889302777777778,0.0003162783759762533,1
1434,134829,0,100,0.2884025,0.0004357476682343986,0
1435,134929,0,100,0.2878747222222223,0.00038510390011651906,0
1436,135029,0,100,0.28734694444444453,0.0004300606837205123,0
1437,135129,0,100,0.2868191666666666,0.00047249832034140126,0
1438,135229,0,100,0.28629138888888894,0.0003927462715364527,0
1439,135329,0,100,0.28576361111111115,0.00041792327603616284,0
1440,135429,0,100,0.28523583333333336,0.0003970085045148153,0
1441,135529,0,100,0.28470805555555556,0.0003756325969152385,0
1442,135629,0,100,0.28418027777777777,0.0003834636128885904,0
1443,135729,0,100,0.2836525000000001,0.0003713655630417634,0
1444,135829,0,100,0.2831247222222223,0.00037301647826097905,0
1445,135860,0.721,31,0.2829611111111111,0.00040553697286785823,1
1446,135960,0,100,0.2824333333333334,0.0004003285377257271,0
1447,136060,0,100,0.2819055555555555,0.00043162039037270006,0
1448,136160,0,100,0.28137777777777784,0.00043430874597106595,0
1449,136260,0,100,0.28085000000000004,0.0004010690879658796,0
1450,136360,0,100,0.28032222222222225,0.0004399883718724595,0
1451,136460,0,100,0.27979444444444457,0.00042317017243476585,0
1452,136560,0,100,0.27926666666666666,0.0004445817643136252,0
1453,136568,0.9279999999999999,8,0.2792244444444445,0.0003587873570722877,1
1454,136668,0,100,0.2786966666666667,0.00038739909257856197,0
1455,136768,0,100,0.278168888888889,0.00038621643841906916,0
1456,136868,0,100,0.2776411111111111,0.00042116998498386237,0
1457,136968,0,100,0.2771133333333333,0.0003946397551044356,0
1458,137068,0,100,0.27658555555555564,0.0003897091015096521,0
1459,137102,0.694,34,0.27640611111111113,0.00045071598159505385,1
1460,137138,0.6759999999999999,36,0.2762161111111111,0.0003768387491113066,1
1461,137238,0,100,0.2756883333333334,0.0003598457455700554,0
1462,137338,0,100,0.2751605555555555,0.000384512132150121,0
1463,137438,0,100,0.27463277777777784,0.0003955494502952206,0
1464,137538,0,100,0.27410500000000004,0.00038686245592543854,0
1465,137638,0,100,0.27357722222222225,0.00044279829984589014,0
1466,137738,0,100,0.27304944444444457,0.00038285412250843365,0
1467,137838,0,100,0.27252166666666666,0.0003840439670238993,0
1468,137938,0,100,0.27199388888888887,0.0004297406708064955,0
1469,138038,0,100,0.2714661111111112,0.000351813175730058,0
1470,138138,0,100,0.2709383333333334,0.000384937633498339,0
1471,138238,0,100,0.2704105555555555,0.00041645186101959555,0
1472,138338,0,100,0.2698827777777778,0.00046835382221615873,0
1473,138438,0,100,0.269355,0.0003826782399119111,0
1474,138538,0,100,0.26882722222222233,0.00036923000265232987,0
1475,138638,0,100,0.26829944444444453,0.00038725199170585255,0
1476,138738,0,100,0.26777166666666663,0.0003697502942668507,0
1477,138838,0,100,0.26724388888888895,0.00038841353110910857,0
1478,138938,0,100,0.26671611111111115,0.000425520523567684,0
1479,139038,0,100,0.26618833333333336,0.00043968880010652355,0
1480,139138,0,100,0.2656605555555557,0.0003568852246098686,0
1481,139238,0,100,0.2651327777777778,0.00038605464247666533,0
1482,139338,0,100,0.264605,0.00040661946492036804,0
1483,139438,0,100,0.2640772222222223,0.00036038620302861093,0
1484,139538,0,100,0.2635494444444445,0.0004112602887471439,0
1485,139638,0,100,0.2630216666666667,0.0004360724880825728,0
1486,139738,0,100,0.2624938888888889,0.0003748157042718958,0
1487,139838,0,100,0.2619661111111111,0.0004060761258733692,0
1488,139938,0,100,0.26143833333333344,0.0003990406804223312,0
1489,139939,0.991,1,0.2614330555555556,0.0006597225437872112,1
1490,139989,0.55,50,0.2611691666666668,0.00033679617154120934,1
1491,140089,0,100,0.2606413888888889,0.0003618340255707153,0
1492,140189,0,100,0.2601136111111111,0.0004348322915029712,0
1493,140289,0,100,0.2595858333333334,0.00041223061794880777,0
1494,140389,0,100,0.2590580555555556,0.00038436701353930405,0
1495,140489,0,100,0.2585302777777778,0.00039916676036227727,0
1496,140561,0.352,72,0.25815027777777777,0.0003537762647991056,1
1497,140661,0,100,0.2576225000000001,0.0004011083724617492,0
1498,140694,0.703,33,0.2574483333333334,0.00033908105780772695,1
1499,140703,0.919,9,0.2574008333333334,0.00030020098104917753,1
1500,140803,0,100,0.2568730555555555,0.000408508853870444,0
1501,140830,0.757,27,0.2567305555555556,0.00042809919169586565,1
1502,140930,0,100,0.2562027777777778,0.00037228906903692406,0
1503,141030,0,100,0.2556750000000001,0.00040394869127339915,0
1504,141042,0.892,12,0.2556116666666667,0.00034204111822570365,1
1505,141142,0,100,0.2550838888888889,0.00039142623179941436,0
1506,141242,0,100,0.2545561111111111,0.0003934010805096477,0
1507,141342,0,100,0.2540283333333334,0.00038727766455849634,0
1508,141442,0,100,0.2535005555555556,0.00037615297729644227,0
1509,141542,0,100,0.2529727777777778,0.00040672428156540263,0
1510,141598,0.4959999999999999,56,0.2526772222222222,0.00039548890682843715,1
1511,141698,0,100,0.25214944444444454,0.0003920082549302606,0
1512,141798,0,100,0.25162166666666674,0.00039612977212527767,0
1513,141898,0,100,0.25109388888888884,0.00042772473778313725,0
1514,141998,0,100,0.25056611111111116,0.00036592403914255557,0
1515,142048,0.55,50,0.2503022222222222,0.0003823295528127346,1
1516,142148,0,100,0.2497744444444444,0.0003954664251068607,0
1517,142248,0,100,0.24924666666666673,0.0003835414612694876,0
1518,142348,0,100,0.24871888888888893,0.00038360843755071985,0
1519,142448,0,100,0.24819111111111114,0.00041652739426353944,0
1520,142548,0,100,0.24766333333333335,0.00036898246115015356,0
1521,142648,0,100,0.24713555555555555,0.0003919814459368354,0
1522,142685,0.667,37,0.24694027777777783,0.00042664117417361185,1
1523,142785,0,100,0.24641250000000003,0.0003751143917907029,0
1524,142885,0,100,0.24588472222222224,0.000379593869074597,0
1525,142985,0,100,0.24535694444444456,0.0003533865747886011,0
1526,143085,0,100,0.24482916666666665,0.0003605005690769758,0
1527,143185,0,100,0.24430138888888886,0.00040661978080606785,0
1528,143285,0,100,0.24377361111111118,0.0004186782240140019,0
1529,143385,0,100,0.24324583333333338,0.0003791665098469821,0
1530,143485,0,100,0.2427180555555556,0.00037022320422693157,0
1531,143585,0,100,0.2421902777777778,0.00037298721941624534,0
1532,143685,0,100,0.2416625,0.00040903395842178724,0
1533,143785,0,100,0.24113472222222232,0.00032298873316904063,0
1534,143885,0,100,0.24060694444444453,0.0003921231705317041,0
1535,143985,0,100,0.24007916666666662,0.0003999610085156746,0
1536,144085,0,100,0.23955138888888894,0.00038603224700636926,0
1537,144185,0,100,0.23902361111111115,0.000433398696986842,0
1538,144205,0.82,20,0.23891805555555568,0.000328178010386182,1
1539,144305,0,100,0.23839027777777777,0.00036317519065050876,0
1540,144405,0,100,0.23786249999999998,0.0003885454854753334,0
1541,144505,0,100,0.2373347222222223,0.0004450338435708545,0
1542,144605,0,100,0.2368069444444445,0.00040786703288176796,0
1543,144705,0,100,0.2362791666666667,0.00038853072343044917,0
1544,144805,0,100,0.2357513888888889,0.0004013700412178878,0
1545,144905,0,100,0.23522361111111112,0.000380059972521849,0
1546,145005,0,100,0.23469583333333344,0.00038989207045233345,0
1547,145105,0,100,0.23416805555555564,0.0003475934279413195,0
1548,145205,0,100,0.23364027777777774,0.0003812549624854,0
1549,145231,0.766,26,0.23350305555555562,0.0004253172958739854,1
1550,145331,0,100,0.23297527777777782,0.0003825508875161177,0
1551,145431,0,100,0.23244750000000014,0.00039429908123565836,0
1552,145531,0,100,0.23191972222222224,0.00038944607935263774,0
1553,145631,0,100,0.23139194444444444,0.0004271805786265759,0
1554,145731,0,100,0.23086416666666676,0.00038437567585788203,0
1555,145831,0,100,0.23033638888888897,0.0004222619625215884,0
1556,145931,0,100,0.22980861111111106,0.00037646743912773674,0
1557,146031,0,100,0.22928083333333338,0.0003927818483498413,0
1558,146131,0,100,0.22875305555555558,0.0004016203596984269,0
1559,146231,0,100,0.2282252777777778,0.0003575148638628889,0
1560,146252,0.8109999999999999,21,0.2281144444444445,0.0004156676191736811,1
1561,146352,0,100,0.2275866666666666,0.0003402152347553056,0
1562,146452,0,100,0.22705888888888892,0.00035223988805228146,0
1563,146456,0.964,4,0.2270377777777779,0.0002349811838939786,1
1564,146556,0,100,0.22651,0.0003964640321282786,0
1565,146656,0,100,0.2259822222222222,0.00039593495253939184,0
1566,146756,0,100,0.2254544444444445,0.00036790889702388086,0
1567,146856,0,100,0.22492666666666672,0.00035620126596768386,0
1568,146860,0.964,4,0.22490555555555558,0.00016989072901196778,1
1569,146960,0,100,0.2243777777777778,0.0003734543476457475,0
1570,147060,0,100,0.2238500000000001,0.0003847966144530801,0
1571,147160,0,100,0.2233222222222222,0.00035718108447326815,0
1572,147260,0,100,0.22279444444444452,0.0003749058370158309,0
1573,147360,0,100,0.22226666666666672,0.00038141708479088265,0
1574,147388,0.748,28,0.22211888888888887,0.0003217617392822701,1
1575,147488,0,100,0.22159111111111118,0.00038791125327406915,0
1576,147588,0,100,0.2210633333333334,0.00032966510731057496,0
1577,147688,0,100,0.2205355555555556,0.0004091514382162131,0
1578,147788,0,100,0.2200077777777778,0.0003612375192096806,0
1579,147888,0,100,0.21948,0.0003790471551837982,0
1580,147988,0,100,0.21895222222222233,0.0003346304843580583,0
1581,148088,0,100,0.21842444444444453,0.0004063214754569344,0
1582,148188,0,100,0.21789666666666663,0.0003914165520836832,0
1583,148288,0,100,0.21736888888888894,0.0003757051770662656,0
1584,148388,0,100,0.21684111111111115,0.0003626908576552523,0
1585,148488,0,100,0.21631333333333336,0.0003961698072089348,0
1586,148588,0,100,0.21578555555555556,0.0003767711163527565,0
1587,148688,0,100,0.21525777777777777,0.0003723179037478985,0
1588,148788,0,100,0.2147300000000001,0.0003582924752117833,0
1589,148888,0,100,0.2142022222222223,0.00037021696225565394,0
1590,148944,0.4959999999999999,56,0.2139066666666667,0.0003860651994338176,1
1591,149044,0,100,0.2133788888888889,0.00041746429520571836,0
1592,149144,0,100,0.2128511111111112,0.00036369863395520954,0
1593,149244,0,100,0.2123233333333333,0.00040417284501018005,0
1594,149344,0,100,0.21179555555555551,0.0003602917733223876,0
1595,149444,0,100,0.21126777777777783,0.0003854480195150245,0
1596,149544,0,100,0.21074000000000004,0.0003697304725210415,0
1597,149644,0,100,0.21021222222222224,0.00045244634813570886,0
1598,149744,0,100,0.20968444444444445,0.00036460219758737366,0
1599,149844,0,100,0.20915666666666666,0.00038566347018786473,0
1600,149855,0.901,11,0.20909861111111117,0.0002508968431026336,1
1601,149955,0,100,0.20857083333333337,0.0004085616137308534,0
1602,150055,0,100,0.20804305555555558,0.00041957002566050505,0
1603,150155,0,100,0.20751527777777778,0.00035061882521404187,0
1604,150255,0,100,0.2069875,0.00036033453496202126,0
1605,150261,0.946,6,0.20695583333333334,0.0003096651247081657,1
1606,150361,0,100,0.20642805555555566,0.0003617956702873926,0
1607,150414,0.5229999999999999,53,0.20614833333333338,0.000356755003866845,1
1608,150514,0,100,0.20562055555555558,0.0003661969838867662,0
1609,150614,0,100,0.2050927777777779,0.00034328063316934276,0
1610,150714,0,100,0.204565,0.0003715935870059184,0
1611,150814,0,100,0.2040372222222222,0.0003568839213403407,0
1612,150870,0.4959999999999999,56,0.2037416666666667,0.0004034400236767916,1
1613,150970,0,100,0.20321388888888892,0.000433830925176153,0
1614,151070,0,100,0.20268611111111112,0.00039737816849083174,0
1615,151170,0,100,0.20215833333333333,0.000352876979886787,0
1616,151270,0,100,0.20163055555555565,0.0003879905482608592,0
1617,151370,0,100,0.20110277777777774,0.000352307203647797,0
1618,151470,0,100,0.20057500000000006,0.00040716181360039627,0
1619,151570,0,100,0.20004722222222227,0.0003963069866586011,0
1620,151660,0.18999999999999995,90,0.19957222222222226,0.00037306468358211636,1
1621,151717,0.487,57,0.19927138888888896,0.00037957587253339097,1
1622,151734,0.847,17,0.1991816666666667,0.00039259144378935587,1
1623,151834,0,100,0.19865388888888902,0.0003682096866396023,0
1624,151890,0.4959999999999999,56,0.19835833333333341,0.0004002152006380909,1
1625,151990,0,100,0.19783055555555562,0.0003699871857679682,0
1626,152090,0,100,0.19730277777777772,0.0003483329164009774,0
1627,152190,0,100,0.19677500000000003,0.0003546490392909618,0
1628,152290,0,100,0.19624722222222224,0.0003879518236863078,0
1629,152324,0.694,34,0.19606777777777784,0.00040150695135440296,1
1630,152424,0,100,0.19554000000000005,0.00040373606629145797,0
1631,152524,0,100,0.19501222222222225,0.0004178955069073709,0
1632,152624,0,100,0.19448444444444457,0.0003948177291022148,0
1633,152724,0,100,0.19395666666666667,0.00037885568497586064,0
1634,152824,0,100,0.19342888888888887,0.00035124007823469585,0
1635,152924,0,100,0.1929011111111112,0.0003384570317575708,0
1636,153024,0,100,0.1923733333333334,0.0003677674430582556,0
1637,153124,0,100,0.1918455555555555,0.00037728860499555597,0
1638,153224,0,100,0.1913177777777778,0.00034657783780858156,0
1639,153324,0,100,0.19079000000000002,0.00040036472924839475,0
1640,153335,0.901,11,0.19073194444444452,0.0003322291727685793,1
1641,153341,0.946,6,0.19070027777777787,0.0003107885058852844,1
1642,153441,0,100,0.19017249999999997,0.0003581707488774555,0
1643,153541,0,100,0.18964472222222228,0.00034843332927266603,0
1644,153641,0,100,0.1891169444444445,0.0003724511829204857,0
1645,153741,0,100,0.1885891666666667,0.00033275553523708367,0
1646,153841,0,100,0.1880613888888889,0.0003713518105723779,0
1647,153941,0,100,0.1875336111111111,0.0004055401615187293,0
1648,154041,0,100,0.18700583333333332,0.00040296183971804566,0
1649,154141,0,100,0.18647805555555563,0.0003917162057041423,0
1650,154241,0,100,0.18595027777777784,0.0003710130564286374,0
1651,154302,0.45099999999999996,61,0.1856283333333334,0.0003307611273828756,1
1652,154402,0,100,0.1851005555555556,0.0003539133608865086,0
1653,154404,0.982,2,0.18508999999999998,0.00020209609647281468,1
1654,154504,0,100,0.1845622222222223,0.0003570424419012852,0
1655,154604,0,100,0.1840344444444445,0.0004102722716197604,0
1656,154704,0,100,0.1835066666666667,0.00036092424117669,0
1657,154804,0,100,0.1829788888888889,0.0003361143226356944,0
1658,154904,0,100,0.18245111111111112,0.0003444234760900144,0
1659,155004,0,100,0.18192333333333344,0.000386743938215659,0
1660,155104,0,100,0.18139555555555564,0.00035856112626788674,0
1661,155204,0,100,0.18086777777777774,0.0003602078670519404,0
1662,155208,0.964,4,0.1808466666666667,0.0004105369371245615,1
1663,155308,0,100,0.18031888888888892,0.00033007927973812914,0
1664,155408,0,100,0.17979111111111112,0.00040333581389859316,0
1665,155508,0,100,0.17926333333333333,0.0003703177980787586,0
1666,155608,0,100,0.17873555555555565,0.00043977382520097306,0
1667,155708,0,100,0.17820777777777785,0.00040861373738152905,0
1668,155808,0,100,0.17767999999999995,0.00044076493781176397,0
1669,155908,0,100,0.17715222222222227,0.0003685065227909945,0
1670,156008,0,100,0.17662444444444447,0.00036562795627105517,0
1671,156108,0,100,0.1760966666666668,0.0004192263726872625,0
1672,156208,0,100,0.17556888888888889,0.00035746109828323826,0
1673,156308,0,100,0.1750411111111111,0.0003451706866326276,0
1674,156408,0,100,0.1745133333333334,0.0003409342736267718,0
1675,156508,0,100,0.17398555555555562,0.00036880955078231635,0
1676,156546,0.6579999999999999,38,0.17378499999999997,0.0003861990084451942,1
1677,156646,0,100,0.17325722222222228,0.0003719926472695079,0
1678,156746,0,100,0.1727294444444445,0.0003697311329233344,0
1679,156846,0,100,0.1722016666666667,0.00037592153232253624,0
1680,156946,0,100,0.1716738888888889,0.00033456192853918763,0
1681,157046,0,100,0.1711461111111111,0.000347585288072878,0
1682,157081,0.685,35,0.170961388888889,0.0003472390948445536,1
1683,157088,0.9369999999999999,7,0.17092444444444443,0.00036379169510577673,1
1684,157188,0,100,0.17039666666666675,0.00038636319870420264,0
1685,157288,0,100,0.16986888888888896,0.0003444431849493412,0
1686,157388,0,100,0.16934111111111116,0.00037195625554886647,0
1687,157488,0,100,0.16881333333333337,0.0003903899849501613,0
1688,157588,0,100,0.16828555555555558,0.0003513429531449219,0
1689,157688,0,100,0.1677577777777779,0.00034856283051340145,0
1690,157788,0,100,0.16723,0.0003659946555853821,0
1691,157888,0,100,0.1667022222222222,0.00034592213589348833,0
1692,157988,0,100,0.1661744444444445,0.0003741889381126384,0
1693,158088,0,100,0.16564666666666672,0.0003471061764867045,0
1694,158188,0,100,0.16511888888888893,0.000393258755793795,0
1695,158230,0.622,42,0.16489722222222225,0.0003619732549504122,1
1696,158330,0,100,0.16436944444444446,0.0003994042576960055,0
1697,158331,0.991,1,0.16436416666666664,0.00017215314437635243,1
1698,158431,0,100,0.16383638888888896,0.00034998984434423617,0
1699,158456,0.775,25,0.16370444444444443,0.00035014110297197475,1
1700,158556,0,100,0.16317666666666664,0.00037551245593931527,0
1701,158656,0,100,0.16264888888888895,0.0003611994421953568,0
1702,158756,0,100,0.16212111111111116,0.0003488061977986945,0
1703,158856,0,100,0.16159333333333348,0.0003718215938351932,0
1704,158956,0,100,0.16106555555555557,0.00033631900769250935,0
1705,159056,0,100,0.16053777777777778,0.00032090425593196415,0
1706,159156,0,100,0.1600100000000001,0.00040084926953568354,0
1707,159256,0,100,0.1594822222222223,0.0004006290326651651,0
1708,159292,0.6759999999999999,36,0.15929222222222217,0.0003100348130828934,1
1709,159392,0,100,0.15876444444444449,0.0003916278916949523,0
1710,159492,0,100,0.1582366666666667,0.00038164342528034466,0
1711,159592,0,100,0.1577088888888889,0.00036096138224820604,0
1712,159692,0,100,0.15718111111111122,0.00036361836704600135,0
1713,159712,0.82,20,0.15707555555555563,0.000333536643665866,1
1714,159812,0,100,0.15654777777777784,0.00037449236442625987,0
1715,159912,0,100,0.15602000000000005,0.00035586314887041225,0
1716,160012,0,100,0.15549222222222225,0.00034066367137711493,0
1717,160112,0,100,0.15496444444444446,0.0003503524911502609,0
1718,160212,0,100,0.15443666666666667,0.00035443352862785105,0
1719,160312,0,100,0.15390888888888898,0.0003434801111143315,0
1720,160412,0,100,0.1533811111111112,0.0003771416235031211,0
1721,160512,0,100,0.15285333333333329,0.00041212286938389296,0
1722,160612,0,100,0.1523255555555556,0.0003668948201811872,0
1723,160669,0.487,57,0.1520247222222223,0.0003361256487806442,1
1724,160769,0,100,0.1514969444444445,0.0003509898357151542,0
1725,160869,0,100,0.1509691666666667,0.0003340686491355882,0
1726,160969,0,100,0.15044138888888892,0.0003833373798261164,0
1727,161069,0,100,0.14991361111111112,0.0003301947090221802,0
1728,161101,0.712,32,0.14974472222222224,0.0003696754897646315,1
1729,161201,0,100,0.14921694444444444,0.00034350870413618395,0
1730,161206,0.955,5,0.1491905555555556,0.0004827322176424786,1
1731,161306,0,100,0.1486627777777778,0.0003823257872863906,0
1732,161333,0.757,27,0.14852027777777788,0.0004079110510280804,1
1733,161433,0,100,0.14799249999999997,0.0003983387176413089,0
1734,161533,0,100,0.1474647222222223,0.00039372984210785946,0
1735,161633,0,100,0.1469369444444445,0.000376227850883879,0
1736,161733,0,100,0.1464091666666667,0.0003200661309529096,0
1737,161833,0,100,0.1458813888888889,0.0003705586926662363,0
1738,161884,0.5409999999999999,51,0.14561222222222225,0.00033549226617312754,1
1739,161984,0,100,0.14508444444444446,0.00035027272591833027,0
1740,162084,0,100,0.14455666666666678,0.0003634237212099833,0
1741,162184,0,100,0.14402888888888898,0.00038687823634973027,0
1742,162284,0,100,0.14350111111111108,0.00036481014260061786,0
1743,162384,0,100,0.1429733333333334,0.0004077794205659302,0
1744,162484,0,100,0.1424455555555556,0.00038322268468618856,0
1745,162584,0,100,0.1419177777777778,0.0003532232625002507,0
1746,162684,0,100,0.14139000000000002,0.0004037567134218989,0
1747,162784,0,100,0.14086222222222222,0.0003713743265689118,0
1748,162860,0.31599999999999995,76,0.14046111111111115,0.00041269023734601335,1
1749,162960,0,100,0.13993333333333335,0.00038077603519923284,0
1750,163060,0,100,0.13940555555555567,0.00039044142147758975,0
1751,163160,0,100,0.13887777777777777,0.0004074000985201565,0
1752,163260,0,100,0.13834999999999997,0.00037568855441350024,0
1753,163360,0,100,0.1378222222222223,0.00037367340679338667,0
1754,163403,0.613,43,0.1375952777777778,0.00035146167241226407,1
1755,163463,0.45999999999999996,60,0.13727861111111117,0.00031783514726460755,1
1756,163563,0,100,0.13675083333333338,0.00039695275401754773,0
1757,163663,0,100,0.13622305555555558,0.0003900149821856758,0
1758,163763,0,100,0.1356952777777778,0.00035481776314554735,0
1759,163863,0,100,0.1351675,0.0003865984880758333,0
1760,163963,0,100,0.1346397222222223,0.0004364173917201697,0
1761,164063,0,100,0.1341119444444444,0.0003517228539567441,0
1762,164163,0,100,0.13358416666666673,0.0004294672288233414,0
1763,164263,0,100,0.13305638888888893,0.0003815370769734727,0
1764,164363,0,100,0.13252861111111114,0.00041431787896726744,0
1765,164463,0,100,0.13200083333333346,0.0003843200963456184,0
1766,164563,0,100,0.13147305555555555,0.00041075048204220366,0
1767,164663,0,100,0.13094527777777776,0.0004377684866631171,0
1768,164763,0,100,0.13041750000000008,0.00038407490312238225,0
1769,164863,0,100,0.12988972222222228,0.00041484284229227343,0
1770,164963,0,100,0.1293619444444445,0.0003831684194665286,0
1771,165005,0.622,42,0.1291402777777778,0.00034631428709309107,1
1772,165105,0,100,0.12861250000000002,0.000413176668153028,0
1773,165205,0,100,0.12808472222222222,0.00039832783935707996,0
1774,165305,0,100,0.12755694444444454,0.00037683392059989273,0
1775,165324,0.829,19,0.12745666666666677,0.00047932919359912996,1
1776,165424,0,100,0.12692888888888898,0.0004118895962892566,0
1777,165524,0,100,0.12640111111111108,0.0003856815911422018,0
1778,165624,0,100,0.1258733333333334,0.0003726111974538071,0
1779,165724,0,100,0.1253455555555556,0.0003601336875726702,0
1780,165824,0,100,0.1248177777777778,0.0003514376061502844,0
1781,165924,0,100,0.12429000000000012,0.0003923532957560383,0
1782,166024,0,100,0.12376222222222222,0.00038271946057648164,0
1783,166124,0,100,0.12323444444444442,0.00039285599850700235,0
1784,166224,0,100,0.12270666666666674,0.0004310051783977542,0
1785,166324,0,100,0.12217888888888895,0.0003887725808453979,0
1786,166424,0,100,0.12165111111111115,0.0003900984957726905,0
1787,166524,0,100,0.12112333333333336,0.00036357638466142815,0
1788,166624,0,100,0.12059555555555557,0.0003677390335360542,0
1789,166724,0,100,0.12006777777777788,0.00039987005191505887,0
1790,166824,0,100,0.11954000000000009,0.0003497544703714084,0
1791,166924,0,100,0.11901222222222219,0.0003787299719260773,0
1792,167024,0,100,0.1184844444444445,0.0003551115759910317,0
1793,167124,0,100,0.11795666666666671,0.00037798228579049464,0
1794,167224,0,100,0.11742888888888892,0.00037440301279275447,0
1795,167324,0,100,0.11690111111111123,0.00035684746413608084,0
1796,167424,0,100,0.11637333333333333,0.00037015731646533823,0
1797,167478,0.514,54,0.11608833333333335,0.0003730038659813107,1
1798,167578,0,100,0.11556055555555567,0.0003770058611917193,0
1799,167678,0,100,0.11503277777777787,0.0003640223026377498,0
1800,167778,0,100,0.11450499999999997,0.0003867413726402447,0
1801,167878,0,100,0.11397722222222229,0.00037238626639009455,0
1802,167978,0,100,0.11344944444444449,0.000370341508241836,0
1803,168078,0,100,0.1129216666666667,0.0004271103299106471,0
1804,168178,0,100,0.1123938888888889,0.0003905861995735904,0
1805,168278,0,100,0.11186611111111111,0.0004008096797770122,0
1806,168378,0,100,0.11133833333333332,0.00037505141426663613,0
1807,168478,0,100,0.11081055555555563,0.0003745990207971772,0
1808,168479,0.991,1,0.11080527777777782,0.0012637546751648188,1
1809,168579,0,100,0.11027750000000003,0.0003211115373778739,0
1810,168679,0,100,0.10974972222222235,0.0003529862614959711,0
1811,168779,0,100,0.10922194444444455,0.000409620823993464,0
1812,168879,0,100,0.10869416666666665,0.00035485190455801784,0
1813,168908,0.739,29,0.1085411111111112,0.0004224141905132424,1
1814,169008,0,100,0.1080133333333334,0.0003544128053181339,0
1815,169108,0,100,0.10748555555555561,0.00038325055720633827,0
1816,169208,0,100,0.10695777777777782,0.00042351579853857404,0
1817,169308,0,100,0.10643000000000002,0.0003501574018082465,0
1818,169408,0,100,0.10590222222222234,0.00037298085160728076,0
1819,169508,0,100,0.10537444444444444,0.00038057877791288777,0
1820,169608,0,100,0.10484666666666664,0.000427844477671897,0
1821,169708,0,100,0.10431888888888896,0.0003462638031123788,0
1822,169808,0,100,0.10379111111111117,0.00037519197263463866,0
1823,169908,0,100,0.10326333333333337,0.0002868504231810221,0
1824,170008,0,100,0.10273555555555558,0.0003516367101838114,0
1825,170108,0,100,0.10220777777777779,0.0004162527985317865,0
1826,170208,0,100,0.10167999999999999,0.00035924467716540675,0
1827,170308,0,100,0.10115222222222231,0.0004143824142920494,0
1828,170408,0,100,0.10062444444444452,0.000437705521035241,0
1829,170490,0.262,82,0.10019166666666668,0.0004121143774238767,1
1830,170590,0,100,0.09966388888888889,0.0004013793138801702,0
1831,170690,0,100,0.0991361111111112,0.00039502846608229446,0
1832,170752,0.44199999999999995,62,0.09880888888888895,0.00046130940186670953,1
1833,170852,0,100,0.09828111111111115,0.0003890048898756504,0
1834,170952,0,100,0.09775333333333336,0.00037934776260954093,0
1835,171052,0,100,0.09722555555555568,0.00041588989668525753,0
1836,171082,0.73,30,0.0970672222222222,0.00041985593973853006,1
1837,171182,0,100,0.09653944444444451,0.00039262647271243623,0
1838,171211,0.739,29,0.09638638888888895,0.00039965625810196046,1
1839,171311,0,100,0.09585861111111116,0.00040354411299631465,0
1840,171411,0,100,0.09533083333333336,0.0003747404435853241,0
1841,171511,0,100,0.09480305555555557,0.00032942607278528156,0
1842,171611,0,100,0.09427527777777778,0.00037743857079476585,0
1843,171711,0,100,0.0937475000000001,0.0003816521603584988,0
1844,171757,0.586,46,0.09350472222222228,0.0003875812837340282,1
1845,171857,0,100,0.09297694444444449,0.0003692461987520801,0
1846,171957,0,100,0.0924491666666667,0.0004046221102908021,0
1847,172057,0,100,0.0919213888888889,0.00038431775850767736,0
1848,172060,0.973,3,0.09190555555555557,0.00039140537652807933,1
1849,172160,0,100,0.09137777777777778,0.0004140959835058311,0
1850,172188,0.748,28,0.09123000000000003,0.0003377462929035703,1
1851,172240,0.532,52,0.09095555555555557,0.0003886152587186259,1
1852,172340,0,100,0.09042777777777788,0.00038710086708306337,0
1853,172440,0,100,0.08990000000000009,0.0003610785712589859,0
1854,172540,0,100,0.08937222222222219,0.00041780003717576617,0
1855,172640,0,100,0.0888444444444445,0.00038001056640496244,0
1856,172740,0,100,0.08831666666666671,0.0004035759803809924,0
1857,172840,0,100,0.08778888888888892,0.00036565892245562283,0
1858,172894,0.514,54,0.08750388888888883,0.0004392673768894316,1
1859,172994,0,100,0.08697611111111114,0.0003905339511766215,0
1860,173094,0,100,0.08644833333333335,0.0003661884314351482,0
1861,173194,0,100,0.08592055555555567,0.00037705949482187863,0
1862,173294,0,100,0.08539277777777787,0.0004019683715887368,0
1863,173394,0,100,0.08486499999999997,0.00038150500015035507,0
1864,173494,0,100,0.08433722222222229,0.0003877193209336838,0
1865,173594,0,100,0.08380944444444449,0.0003934777354152175,0
1866,173694,0,100,0.0832816666666667,0.0003532882747822441,0
1867,173794,0,100,0.08275388888888902,0.0003958032439186354,0
1868,173894,0,100,0.08222611111111111,0.00035050716433033814,0
1869,173942,0.5680000000000001,48,0.08197277777777778,0.000406403899887664,1
1870,174042,0,100,0.0814450000000001,0.0003643138617189834,0
1871,174142,0,100,0.08091722222222231,0.00043568022851104616,0
1872,174242,0,100,0.0803894444444444,0.00042843602306675166,0
1873,174342,0,100,0.07986166666666672,0.000404821798147168,0
1874,174378,0.6759999999999999,36,0.0796716666666667,0.0003889453623236881,1
1875,174478,0,100,0.0791438888888889,0.0003488967900921125,0
1876,174578,0,100,0.07861611111111122,0.0003556842104444513,0
1877,174678,0,100,0.07808833333333332,0.000339207164979598,0
1878,174778,0,100,0.07756055555555563,0.00039623131589905825,0
1879,174878,0,100,0.07703277777777784,0.0003825363746727817,0
1880,174978,0,100,0.07650500000000005,0.0003945348421257222,0
1881,175001,0.7929999999999999,23,0.07638361111111114,0.0003113603063115,1
1882,175101,0,100,0.07585583333333334,0.0004028716809261823,0
1883,175201,0,100,0.07532805555555566,0.00035301859046739994,0
1884,175301,0,100,0.07480027777777787,0.0003930932535149623,0
1885,175401,0,100,0.07427249999999996,0.00037018837909272404,0
1886,175501,0,100,0.07374472222222228,0.0003988557503180345,0
1887,175601,0,100,0.07321694444444449,0.00038208181384106864,0
1888,175659,0.478,58,0.07291083333333337,0.0003824103508216875,1
1889,175759,0,100,0.07238305555555558,0.00038691852998454126,0
1890,175859,0,100,0.07185527777777778,0.00039614436542251497,0
1891,175863,0.964,4,0.07183416666666675,0.0003559508659236599,1
1892,175963,0,100,0.07130638888888896,0.0003488395606109407,0
1893,176063,0,100,0.07077861111111117,0.0004098189566138899,0
1894,176163,0,100,0.07025083333333337,0.0003596333107270766,0
1895,176263,0,100,0.06972305555555558,0.0003588378542553983,0
1896,176295,0.712,32,0.0695541666666667,0.0004194233883936249,1
1897,176395,0,100,0.0690263888888889,0.0003745154179705423,0
1898,176474,0.2889999999999999,79,0.0686094444444445,0.0003369499942051288,1
1899,176574,0,100,0.06808166666666671,0.0003549267958442215,0
1900,176674,0,100,0.06755388888888891,0.0003700850128007005,0
1901,176774,0,100,0.06702611111111112,0.0003880896432383452,0
1902,176782,0.9279999999999999,8,0.06698388888888895,0.0003372538203620934,1
1903,176882,0,100,0.06645611111111116,0.00039297230963711624,0
1904,176982,0,100,0.06592833333333337,0.0003968082075880375,0
1905,177082,0,100,0.06540055555555557,0.00036056832308531736,0
1906,177182,0,100,0.06487277777777778,0.0003860642069048481,0
1907,177282,0,100,0.0643450000000001,0.00037577764254820067,0
1908,177382,0,100,0.0638172222222223,0.00040378778416197745,0
1909,177482,0,100,0.06328944444444451,0.000374133162185899,0
1910,177582,0,100,0.06276166666666672,0.00040421531990432415,0
1911,177682,0,100,0.06223388888888892,0.0004397878499730723,0
1912,177782,0,100,0.06170611111111113,0.0003779298269728315,0
1913,177882,0,100,0.061178333333333446,0.00039725616512441774,0
1914,177982,0,100,0.06065055555555554,0.0003978241742879618,0
1915,178052,0.37,70,0.06028111111111112,0.0004004958325822372,1
1916,178152,0,100,0.059753333333333325,0.00040351873511099254,0
1917,178187,0.685,35,0.059568611111111225,0.0004011116535236527,1
1918,178287,0,100,0.05904083333333332,0.0003874555766378762,0
1919,178301,0.874,14,0.0589669444444445,0.0004508267520577647,1
1920,178401,0,100,0.05843916666666671,0.0004110519555251813,0
1921,178501,0,100,0.057911388888889026,0.0003961128085211385,0
1922,178521,0.82,20,0.057805833333333334,0.00037337525063776413,1
1923,178607,0.22599999999999998,86,0.05735194444444447,0.00035282166987430134,1
1924,178707,0,100,0.056824166666666676,0.00034800780696969013,0
1925,178807,0,100,0.05629638888888899,0.0003763652809357154,0
1926,178848,0.631,41,0.05608000000000002,0.00037690614053422996,1
1927,178948,0,100,0.055552222222222225,0.00037412130455777515,0
1928,179043,0.14500000000000002,95,0.05505083333333338,0.0003847534264327566,1
1929,179143,0,100,0.05452305555555559,0.000374062712144223,0
1930,179243,0,100,0.053995277777777795,0.00037748114773421547,0
1931,179257,0.874,14,0.053921388888888866,0.00030760636010589745,1
1932,179357,0,100,0.05339361111111118,0.0003686798415583326,0
1933,179457,0,100,0.05286583333333339,0.00035409841664659327,0
1934,179557,0,100,0.052338055555555596,0.0003911416664777789,0
1935,179657,0,100,0.05181027777777791,0.00035670378601935224,0
1936,179757,0,100,0.05128250000000001,0.00039406961936037986,0
1937,179787,0.73,30,0.05112416666666664,0.0003327614913966196,1
1938,179887,0,100,0.050596388888888955,0.000378554860035365,0
1939,179987,0,100,0.05006861111111116,0.00037050296057714147,0
1940,180087,0,100,0.05,0.0004147358098998666,0
1941,180151,0.42399999999999993,64,0.05,0.00034205921872398903,1
1942,180251,0,100,0.05,0.00034124692538171073,0
1943,180275,0.784,24,0.05,0.0003807320426858496,1
1944,180375,0,100,0.05,0.0003638486043200828,0
1945,180475,0,100,0.05,0.0003451932509960898,0
1946,180575,0,100,0.05,0.00040573692036559804,0
1947,180675,0,100,0.05,0.0003588294231303735,0
1948,180775,0,100,0.05,0.00038417983472754713,0
1949,180875,0,100,0.05,0.00038097316391940696,0
1950,180975,0,100,0.05,0.0003777321267261868,0
1951,181075,0,100,0.05,0.000384599708559108,0
1952,181175,0,100,0.05,0.0004073103848713799,0
1953,181275,0,100,0.05,0.0003936881136905868,0
1954,181375,0,100,0.05,0.000383863724382536,0
1955,181422,0.577,47,0.05,0.00038406005099185427,1
1956,181522,0,100,0.05,0.00043261066119157474,0
1957,181622,0,100,0.05,0.00037136672697670294,0
1958,181722,0,100,0.05,0.000376770486109308,0
1959,181822,0,100,0.05,0.0003843916367623024,0
1960,181922,0,100,0.05,0.000393529507346102,0
1961,182022,0,100,0.05,0.00041538407262123653,0
1962,182122,0,100,0.05,0.0003876759353443049,0
1963,182222,0,100,0.05,0.00039219843602040784,0
1964,182291,0.379,69,0.05,0.00043578222244252464,1
1965,182391,0,100,0.05,0.00037138911793590525,0
1966,182491,0,100,0.05,0.00039759793420671483,0
1967,182591,0,100,0.05,0.00037886504593188876,0
1968,182691,0,100,0.05,0.0003557717330841115,0
1969,182791,0,100,0.05,0.0003921033189544687,0
1970,182891,0,100,0.05,0.00036043052801687736,0
1971,182991,0,100,0.05,0.0003872251084612799,0
1972,183091,0,100,0.05,0.0004268130821583327,0
1973,183188,0.127,97,0.05,0.0003575100845503669,1
1974,183288,0,100,0.05,0.0004031341289010015,0
1975,183388,0,100,0.05,0.0003571795677271439,0
1976,183408,0.82,20,0.05,0.00037331750463636125,1
1977,183508,0,100,0.05,0.00034765452870487933,0
1978,183527,0.829,19,0.05,0.00036566861978683035,1
1979,183536,0.919,9,0.05,0.00040283122669077583,1
1980,183636,0,100,0.05,0.00038126216422824656,0
1981,183736,0,100,0.05,0.00042780184470757375,0
1982,183836,0,100,0.05,0.0004064858607307542,0
1983,183936,0,100,0.05,0.00038878776584169825,0
1984,183990,0.514,54,0.05,0.00042686077331718816,1
1985,184090,0,100,0.05,0.00041657696732727345,0
1986,184190,0,100,0.05,0.0003942968326009577,0
1987,184290,0,100,0.05,0.0003847127357585123,0
1988,184390,0,100,0.05,0.00037184761255048215,0
1989,184406,0.856,16,0.05,0.00044979517588217277,1
1990,184506,0,100,0.05,0.0004166951779188821,0
1991,184606,0,100,0.05,0.00036053858922969085,0
1992,184706,0,100,0.05,0.0003952296705392655,0
1993,184806,0,100,0.05,0.0003584032302023843,0
1994,184844,0.6579999999999999,38,0.05,0.00041769990524411887,1
1995,184944,0,100,0.05,0.00044560352311236786,0
1996,185007,0.43299999999999994,63,0.05,0.000349721329199845,1
1997,185107,0,100,0.05,0.0003559421888530778,0
1998,185207,0,100,0.05,0.0003811738461081404,0
1999,185266,0.469,59,0.05,0.000417233569058195,1
2000,185366,0,100,0.05,0.00039507690860773436,0
2001,185466,0,100,0.05,0.000352342056503403,0
2002,185566,0,100,0.05,0.0004165884749090765,0
2003,185605,0.649,39,0.05,0.0003793163050431758,1
2004,185705,0,100,0.05,0.0003540397733740974,0
2005,185805,0,100,0.05,0.0003851329139070003,0
2006,185905,0,100,0.05,0.0003624719900835771,0
2007,186005,0,100,0.05,0.0003719082340103341,0
2008,186105,0,100,0.05,0.00034773709976434477,0
2009,186205,0,100,0.05,0.00038610354291449765,0
2010,186305,0,100,0.05,0.0003577773897268344,0
2011,186374,0.379,69,0.05,0.00034465893248494285,1
2012,186474,0,100,0.05,0.0003483786871947814,0
2013,186574,0,100,0.05,0.00036465142606175507,0
2014,186674,0,100,0.05,0.0003616701288774493,0
2015,186692,0.838,18,0.05,0.0003403534663246117,1
2016,186792,0,100,0.05,0.0003936433236231096,0
2017,186892,0,100,0.05,0.00034738189897325354,0
2018,186992,0,100,0.05,0.00039725628244923427,0
2019,187092,0,100,0.05,0.00035646388882014433,0
2020,187192,0,100,0.05,0.00034378862714220306,0
2021,187292,0,100,0.05,0.0003545560621569166,0
2022,187392,0,100,0.05,0.0003749645807329216,0
2023,187492,0,100,0.05,0.000407138156988367,0
2024,187592,0,100,0.05,0.00037276863873557885,0
2025,187602,0.91,10,0.05,0.00046508055529557166,1
2026,187702,0,100,0.05,0.00038400014931539773,0
2027,187802,0,100,0.05,0.0003801553702214733,0
2028,187902,0,100,0.05,0.0003512638932079426,0
2029,188002,0,100,0.05,0.0003057681358768605,0
2030,188024,0.802,22,0.05,0.00035797747180119836,1
2031,188124,0,100,0.05,0.00038285804177576213,0
2032,188224,0,100,0.05,0.00034334191423113225,0
2033,188324,0,100,0.05,0.0003314674588909838,0
2034,188424,0,100,0.05,0.00033169193338835614,0
2035,188524,0,100,0.05,0.00037316294481570366,0
2036,188537,0.883,13,0.05,0.0003363070035657774,1
2037,188637,0,100,0.05,0.0003775870070239762,0
2038,188720,0.253,83,0.05,0.0003434149714969435,1
2039,188820,0,100,0.05,0.00033027558027242776,0
2040,188920,0,100,0.05,0.00033507000473036896,0
2041,189020,0,100,0.05,0.00032173557661735686,0
2042,189120,0,100,0.05,0.0003176779218483716,0
2043,189220,0,100,0.05,0.0003707647421833826,0
2044,189320,0,100,0.05,0.0003448285052945721,0
2045,189420,0,100,0.05,0.00039244384577614256,0
2046,189520,0,100,0.05,0.00038540869623830074,0
2047,189620,0,100,0.05,0.00036048788315383716,0
2048,189720,0,100,0.05,0.0003649568398395786,0
2049,189820,0,100,0.05,0.0003792347315174993,0
2050,189920,0,100,0.05,0.0003743564986507408,0
2051,190020,0,100,0.05,0.00036005047062644737,0
2052,190120,0,100,0.05,0.00035788655583019136,0
2053,190149,0.739,29,0.05,0.00045738170818618404,1
2054,190249,0,100,0.05,0.0003597250479651848,0
2055,190349,0,100,0.05,0.0003417583880218444,0
2056,190449,0,100,0.05,0.00031309922011132587,0
2057,190549,0,100,0.05,0.0003332789508567657,0
2058,190649,0,100,0.05,0.00032457287270517556,0
2059,190749,0,100,0.05,0.0003974597100386745,0
2060,190849,0,100,0.05,0.0003711118590581464,0
2061,190922,0.34299999999999997,73,0.05,0.00034925062368840794,1
2062,191022,0,100,0.05,0.00035238086213212227,0
2063,191090,0.3879999999999999,68,0.05,0.0003748016599060707,1
2064,191190,0,100,0.05,0.0003392616444034502,0
2065,191290,0,100,0.05,0.0003760468559630681,0
2066,191390,0,100,0.05,0.0003441129565908341,0
2067,191490,0,100,0.05,0.00034562864129839,0
2068,191500,0.91,10,0.05,0.00039190324023365977,1
2069,191600,0,100,0.05,0.0003655266237910837,0
2070,191700,0,100,0.05,0.0004058113246719586,0
2071,191738,0.6579999999999999,38,0.05,0.00033547271806654813,1
2072,191838,0,100,0.05,0.0003577178088016808,0
2073,191938,0,100,0.05,0.00033527180388773556,0
2074,192038,0,100,0.05,0.0003685255731033976,0
2075,192138,0,100,0.05,0.0003623183990930556,0
2076,192238,0,100,0.05,0.0003655232072196668,0
2077,192338,0,100,0.05,0.0003445909376750933,0
2078,192392,0.514,54,0.05,0.0003134473933001842,1
2079,192492,0,100,0.05,0.00033592844945815156,0
2080,192584,0.17199999999999993,92,0.05,0.0003443102799318022,1
2081,192641,0.487,57,0.05,0.00035890470411559044,1
2082,192667,0.766,26,0.05,0.00030772355883247935,1
2083,192767,0,100,0.05,0.0003848377617396181,0
2084,192867,0,100,0.05,0.0003447256748040672,0
2085,192870,0.973,3,0.05,0.0005659612458354483,1
2086,192970,0,100,0.05,0.0003422590882473742,0
2087,193070,0,100,0.05,0.0003318611091162893,0
2088,193170,0,100,0.05,0.0003300941647103173,0
2089,193270,0,100,0.05,0.00032918187047471293,0
2090,193370,0,100,0.05,0.0003415216034773039,0
2091,193470,0,100,0.05,0.00032444220378238244,0
2092,193543,0.34299999999999997,73,0.05,0.0003383130805721596,1
2093,193593,0.55,50,0.05,0.0003628015115100425,1
2094,193693,0,100,0.05,0.0003567373784972006,0
2095,193733,0.6399999999999999,40,0.05,0.00040074017115330205,1
2096,193786,0.5229999999999999,53,0.05,0.00031053423752485477,1
2097,193886,0,100,0.05,0.00034106764367606955,0
2098,193986,0,100,0.05,0.0003480671194483875,0
2099,194018,0.712,32,0.05,0.0003559019721706136,1
2100,194118,0,100,0.05,0.00035163882617780475,0
2101,194218,0,100,0.05,0.000321619901660597,0
2102,194318,0,100,0.05,0.00032427569680294256,0
2103,194418,0,100,0.05,0.000297904758444929,0
2104,194518,0,100,0.05,0.0003268641389149707,0
2105,194618,0,100,0.05,0.0003559553292870987,0
2106,194718,0,100,0.05,0.00031517992196313573,0
2107,194818,0,100,0.05,0.0003535615094006062,0
2108,194918,0,100,0.05,0.0003416607931285398,0
2109,195018,0,100,0.05,0.0003924338933211402,0
2110,195118,0,100,0.05,0.0003584683519875398,0
2111,195218,0,100,0.05,0.00035616385241155513,0
2112,195318,0,100,0.05,0.00034059899662679526,0
2113,195418,0,100,0.05,0.0003318453606698313,0
2114,195518,0,100,0.05,0.0003763739136775257,0
2115,195618,0,100,0.05,0.00033459121164924,0
2116,195718,0,100,0.05,0.00035191775190469344,0
2117,195818,0,100,0.05,0.00035041147450101564,0
2118,195918,0,100,0.05,0.0003404321487323614,0
2119,196018,0,100,0.05,0.0003238460143984412,0
2120,196118,0,100,0.05,0.00037915626489848364,0
2121,196218,0,100,0.05,0.00032421240459370895,0
2122,196318,0,100,0.05,0.00033174808930198197,0
2123,196418,0,100,0.05,0.00034149030445405513,0
2124,196518,0,100,0.05,0.0003682953940005973,0
2125,196618,0,100,0.05,0.00034243569149111863,0
2126,196718,0,100,0.05,0.0003607912857842166,0
2127,196807,0.19899999999999995,89,0.05,0.00040138535307173546,1
2128,196907,0,100,0.05,0.00032983742472424637,0
2129,197007,0,100,0.05,0.0003174367600149708,0
2130,197054,0.577,47,0.05,0.0003950047999325684,1
2131,197154,0,100,0.05,0.0003726011835533427,0
2132,197254,0,100,0.05,0.000353340403707989,0
2133,197354,0,100,0.05,0.00037360074849857483,0
2134,197454,0,100,0.05,0.00034226325235067637,0
2135,197554,0,100,0.05,0.00037252107533277014,0
2136,197654,0,100,0.05,0.00033052021892217455,0
2137,197675,0.8109999999999999,21,0.05,0.00035785288041335575,1
2138,197775,0,100,0.05,0.00033115783327957615,0
2139,197875,0,100,0.05,0.0003540300133317942,0
2140,197975,0,100,0.05,0.0003427303466378362,0
2141,198075,0,100,0.05,0.000324544797767885,0
2142,198175,0,100,0.05,0.0003667417299584486,0
2143,198275,0,100,0.05,0.0003110254245257238,0
2144,198375,0,100,0.05,0.0003506555651256349,0
2145,198446,0.361,71,0.05,0.00032396624502184816,1
2146,198546,0,100,0.05,0.0003037689908524044,0
2147,198646,0,100,0.05,0.0003207764414401026,0
2148,198746,0,100,0.05,0.0003491197113908129,0
2149,198846,0,100,0.05,0.0003243895130799501,0
2150,198875,0.739,29,0.05,0.00029462707833113986,1
2151,198975,0,100,0.05,0.00031545102978270735,0
2152,199075,0,100,0.05,0.00032632824120810256,0
2153,199175,0,100,0.05,0.0003524648914390127,0
2154,199275,0,100,0.05,0.0003140364465798484,0
2155,199375,0,100,0.05,0.0003382721578236669,0
2156,199475,0,100,0.05,0.00036526945092191454,0
2157,199575,0,100,0.05,0.00031855054065090373,0
2158,199675,0,100,0.05,0.00034708983374002854,0
2159,199737,0.44199999999999995,62,0.05,0.00034112502928638285,1
2160,199837,0,100,0.05,0.0003419311281322734,0
2161,199859,0.802,22,0.05,0.00032044218741330866,1
2162,199959,0,100,0.05,0.00035051234048296467,0
2163,200059,0,100,0.05,0.0002796371020303923,0
2164,200159,0,100,0.05,0.0003264373672573129,0
2165,200259,0,100,0.05,0.0003445451693551149,0
2166,200296,0.667,37,0.05,0.0003074261381894954,1
2167,200396,0,100,0.05,0.00031479773759201634,0
2168,200496,0,100,0.05,0.000304862516495632,0
2169,200533,0.667,37,0.05,0.00037181190477772236,1
2170,200633,0,100,0.05,0.0003159496414082241,0
2171,200733,0,100,0.05,0.00030028722700080833,0
2172,200779,0.586,46,0.05,0.0003103227802215691,1
2173,200791,0.892,12,0.05,0.0002512857548329824,1
2174,200891,0,100,0.05,0.00033166743585752553,0
2175,200958,0.3969999999999999,67,0.05,0.0003066589954177112,1
2176,201058,0,100,0.05,0.0003608320239800378,0
2177,201158,0,100,0.05,0.0003445614537486108,0
2178,201258,0,100,0.05,0.00029874295883928424,0
2179,201358,0,100,0.05,0.00031595252083207017,0
2180,201376,0.838,18,0.05,0.00031057725239710027,1
2181,201476,0,100,0.05,0.00035544042206311135,0
2182,201576,0,100,0.05,0.0003122082814661553,0
2183,201676,0,100,0.05,0.0003483150286047021,0
2184,201776,0,100,0.05,0.0003428746676581795,0
2185,201779,0.973,3,0.05,0.00030185751772175234,1
2186,201863,0.244,84,0.05,0.0003067689976454685,1
2187,201963,0,100,0.05,0.0003221736910927575,0
2188,201991,0.748,28,0.05,0.000396302482061271,1
2189,202091,0,100,0.05,0.00032411081025202293,0
2190,202191,0,100,0.05,0.0003206511150710867,0
2191,202243,0.532,52,0.05,0.0003616277401586278,1
2192,202343,0,100,0.05,0.0003185624499747064,0
2193,202443,0,100,0.05,0.00032330892059690086,0
2194,202543,0,100,0.05,0.0003131856649997644,0
2195,202643,0,100,0.05,0.00030777595366089373,0
2196,202743,0,100,0.05,0.0003436701319878921,0
2197,202843,0,100,0.05,0.0003349454079580028,0
2198,202943,0,100,0.05,0.0003153540960556711,0
2199,203043,0,100,0.05,0.00032398017170635283,0
2200,203143,0,100,0.05,0.00031104714733373837,0
2201,203243,0,100,0.05,0.0003433379857415275,0
2202,203259,0.856,16,0.05,0.000258116478107695,1
2203,203278,0.829,19,0.05,0.00028809333161916584,1
2204,203378,0,100,0.05,0.00032493217808223564,0
2205,203478,0,100,0.05,0.0003091610005503753,0
2206,203578,0,100,0.05,0.00032633386210363825,0
2207,203674,0.136,96,0.05,0.00029866672768245434,1
2208,203713,0.649,39,0.05,0.00030278032150258345,1
2209,203715,0.982,2,0.05,0.0004901980719296262,1
2210,203775,0.45999999999999996,60,0.05,0.00034253652150558384,1
2211,203875,0,100,0.05,0.00030345702373779204,0
2212,203975,0,100,0.05,0.0003026126340046176,0
2213,204075,0,100,0.05,0.00033055673651688266,0
2214,204175,0,100,0.05,0.0003300589560967637,0
2215,204242,0.3969999999999999,67,0.05,0.0003207383928003846,1
2216,204342,0,100,0.05,0.00032433642423711716,0
2217,204442,0,100,0.05,0.0002913464709854452,0
2218,204542,0,100,0.05,0.0003175075048420695,0
2219,204642,0,100,0.05,0.00028696325010969304,0
2220,204742,0,100,0.05,0.00029743401486484797,0
2221,204842,0,100,0.05,0.00030235857997467974,0
2222,204942,0,100,0.05,0.0003314996585686458,0
2223,205042,0,100,0.05,0.0003117788529561949,0
2224,205142,0,100,0.05,0.00032401379496150185,0
2225,205242,0,100,0.05,0.00033629866280534773,0
2226,205290,0.5680000000000001,48,0.05,0.0003043311473144665,1
2227,205390,0,100,0.05,0.0002854776574349671,0
2228,205490,0,100,0.05,0.00028626426892515157,0
2229,205590,0,100,0.05,0.000272853765036416,0
2230,205643,0.5229999999999999,53,0.05,0.00035898430133732653,1
2231,205743,0,100,0.05,0.00033589841921639164,0
2232,205843,0,100,0.05,0.00029370544110861373,0
2233,205943,0,100,0.05,0.0002826806542725535,0
2234,206043,0,100,0.05,0.00030266481557191584,0
2235,206143,0,100,0.05,0.0002617833190379315,0
2236,206243,0,100,0.05,0.0003093608861672692,0
2237,206311,0.3879999999999999,68,0.05,0.00030749538927921094,1
2238,206357,0.586,46,0.05,0.00029277699610722027,1
2239,206457,0,100,0.05,0.0003263529153628042,0
2240,206557,0.09999999999999998,100,0.05,0.00029831372885382736,1
2241,206583,0.766,26,0.05,0.0002908880151853037,1
2242,206588,0.955,5,0.05,0.0003240141086280346,1
2243,206688,0,100,0.05,0.0003222473979622009,0
2244,206788,0,100,0.05,0.0003209020780195715,0
2245,206888,0,100,0.05,0.000331118063586473,0
2246,206988,0,100,0.05,0.000302603065938456,0
2247,207088,0,100,0.05,0.00033714912424329666,0
2248,207152,0.42399999999999993,64,0.05,0.0003273020422511763,1
2249,207252,0,100,0.05,0.00031704851346148644,0
2250,207275,0.7929999999999999,23,0.05,0.00028511796035277456,1
2251,207294,0.829,19,0.05,0.00033594472532920346,1
2252,207394,0,100,0.05,0.00031312158826040103,0
2253,207482,0.20799999999999996,88,0.05,0.00029244563479964694,1
2254,207582,0,100,0.05,0.0002805257834916119,0
2255,207682,0,100,0.05,0.0003180110150424298,0
2256,207782,0,100,0.05,0.000352146409713896,0
2257,207796,0.874,14,0.05,0.0002997232757999362,1
2258,207896,0,100,0.05,0.00031998503756767603,0
2259,207996,0,100,0.05,0.0003021248449658742,0
2260,208096,0,100,0.05,0.0003113221203420835,0
2261,208196,0,100,0.05,0.0003177777732707909,0
2262,208296,0,100,0.05,0.0002952113822902902,0
2263,208396,0,100,0.05,0.000327480547966843,0
2264,208496,0,100,0.05,0.0003163772678090027,0
2265,208596,0,100,0.05,0.00029225052348920145,0
2266,208696,0,100,0.05,0.0003155659097319585,0
2267,208796,0,100,0.05,0.00030701801551913377,0
2268,208896,0,100,0.05,0.00029817714927048654,0
2269,208996,0,100,0.05,0.00028187721203721595,0
2270,209096,0,100,0.05,0.00033383333644451343,0
2271,209196,0,100,0.05,0.00031316269542003283,0
2272,209296,0,100,0.05,0.00031370615208288656,0
2273,209396,0,100,0.05,0.0003175882006325992,0
2274,209403,0.9369999999999999,7,0.05,0.0003963744093198329,1
2275,209503,0,100,0.05,0.00033313800086034464,0
2276,209521,0.838,18,0.05,0.0003055308817339311,1
2277,209621,0,100,0.05,0.00034537130464741496,0
2278,209721,0,100,0.05,0.0003220780958145042,0
2279,209821,0,100,0.05,0.00032010829498176465,0
2280,209921,0,100,0.05,0.000277622462817817,0
2281,210021,0,100,0.05,0.0003209299148329592,0
2282,210121,0,100,0.05,0.00035692680030479095,0
2283,210221,0,100,0.05,0.00031681435957580105,0
2284,210233,0.892,12,0.05,0.0003055141405639006,1
2285,210333,0,100,0.05,0.000321273131921771,0
2286,210433,0,100,0.05,0.0003248084487131564,0
2287,210533,0,100,0.05,0.00034427968221280026,0
2288,210633,0,100,0.05,0.0003082796192757087,0
2289,210646,0.883,13,0.05,0.0002841711315201022,1
2290,210685,0.649,39,0.05,0.0003020949150549057,1
2291,210785,0,100,0.05,0.00036295708057878075,0
2292,210885,0,100,0.05,0.00031641622736060525,0
2293,210985,0,100,0.05,0.00033104445799835957,0
2294,211085,0,100,0.05,0.0002898620376799954,0
2295,211185,0,100,0.05,0.00028451261277950834,0
2296,211285,0,100,0.05,0.00032992230233503506,0
2297,211297,0.892,12,0.05,0.0002488704534092297,1
2298,211397,0,100,0.05,0.00029039082721283194,0
2299,211497,0,100,0.05,0.0003071150875621242,0
2300,211597,0,100,0.05,0.00033901524631801294,0
2301,211697,0,100,0.05,0.000317894467516453,0
2302,211797,0,100,0.05,0.0003178136585484026,0
2303,211897,0,100,0.05,0.00031764373350597454,0
2304,211997,0,100,0.05,0.0003243349282274721,0
2305,212097,0,100,0.05,0.0002924060513760196,0
2306,212131,0.694,34,0.05,0.0002893012204046553,1
2307,212174,0.613,43,0.05,0.0003316323110443908,1
2308,212214,0.6399999999999999,40,0.05,0.0003236057834328676,1
2309,212314,0,100,0.05,0.00032130754487297964,0
2310,212377,0.43299999999999994,63,0.05,0.0003000253675545248,1
2311,212477,0,100,0.05,0.00030138216097839174,0
2312,212577,0,100,0.05,0.00031923338308843086,0
2313,212677,0,100,0.05,0.00032569978189712857,0
2314,212777,0,100,0.05,0.00035201981489080936,0
2315,212877,0,100,0.05,0.0003387953776109498,0
2316,212905,0.748,28,0.05,0.00038190831089325784,1
2317,213005,0,100,0.05,0.00029655808459210675,0
2318,213105,0,100,0.05,0.0003373701600503409,0
2319,213205,0,100,0.05,0.00032694147808797424,0
2320,213305,0,100,0.05,0.0003135261234274367,0
2321,213377,0.352,72,0.05,0.00028886484698078776,1
2322,213477,0,100,0.05,0.0002959450153139187,0
2323,213577,0,100,0.05,0.000280613839840953,0
2324,213677,0,100,0.05,0.0003096643031312851,0
2325,213777,0,100,0.05,0.00030127726047794566,0
2326,213877,0,100,0.05,0.0003468410496861907,0
2327,213911,0.694,34,0.05,0.0002739419592484517,1
2328,213934,0.7929999999999999,23,0.05,0.0003382766602874693,1
2329,213994,0.45999999999999996,60,0.05,0.00032804944603412876,1
2330,214076,0.262,82,0.05,0.0003396344942391407,1
2331,214101,0.775,25,0.05,0.00034968717125593684,1
2332,214201,0,100,0.05,0.0003511958761373535,0
2333,214301,0,100,0.05,0.00029157808829040734,0
2334,214401,0,100,0.05,0.00032578619411651746,0
2335,214501,0,100,0.05,0.0003138295364624355,0
2336,214531,0.73,30,0.05,0.00027591107767269325,1
2337,214631,0,100,0.05,0.0003315556323650526,0
2338,214731,0,100,0.05,0.00031698917235189583,0
2339,214831,0,100,0.05,0.0003307128269807436,0
2340,214931,0,100,0.05,0.00034093247595592404,0
2341,215031,0,100,0.05,0.0003109394727653125,0
2342,215074,0.613,43,0.05,0.00035112839683532976,1
2343,215174,0,100,0.05,0.000318264439192717,0
2344,215274,0,100,0.05,0.00032020109327277166,0
2345,215374,0,100,0.05,0.0003056109879616997,0
2346,215474,0,100,0.05,0.0002968928020709427,0
2347,215574,0,100,0.05,0.0003161774542240892,0
2348,215644,0.37,70,0.05,0.0002901331236249202,1
2349,215744,0,100,0.05,0.00027234343837335474,0
2350,215844,0,100,0.05,0.00029933871286630165,0
2351,215944,0,100,0.05,0.0003092512090370292,0
2352,216044,0,100,0.05,0.0003547736808104673,0
2353,216144,0,100,0.05,0.0003088902419403894,0
2354,216244,0,100,0.05,0.00034255376216606236,0
2355,216344,0,100,0.05,0.000328435056253511,0
2356,216444,0,100,0.05,0.00031220070937706626,0
2357,216508,0.42399999999999993,64,0.05,0.00033052758499252377,1
2358,216608,0,100,0.05,0.0003274426313873846,0
2359,216708,0,100,0.05,0.0003311950833449373,0
2360,216808,0,100,0.05,0.0003163558314554393,0
2361,216908,0,100,0.05,0.00031553157154121434,0
2362,217008,0,100,0.05,0.00034841923010390017,0
2363,217108,0,100,0.05,0.00031523097575700374,0
2364,217208,0,100,0.05,0.0003475288417030242,0
2365,217308,0,100,0.05,0.00036616977438825416,0
2366,217408,0,100,0.05,0.00035163810189260404,0
2367,217414,0.946,6,0.05,0.0003193974674407703,1
2368,217514,0,100,0.05,0.0003144303055887576,0
2369,217578,0.42399999999999993,64,0.05,0.00031498031364662893,1
2370,217678,0,100,0.05,0.0003521385497515439,0
2371,217709,0.721,31,0.05,0.0003175931582987804,1
2372,217809,0,100,0.05,0.00032908787048654633,0
2373,217909,0,100,0.05,0.0003048312120154151,0
2374,217953,0.604,44,0.05,0.00036155697803637435,1
2375,218053,0,100,0.05,0.00032363633559725715,0
2376,218153,0,100,0.05,0.00036330897695734164,0
2377,218253,0,100,0.05,0.00032482118404004724,0
2378,218266,0.883,13,0.05,0.00037159000035339536,1
2379,218366,0,100,0.05,0.00032236728500720344,0
2380,218443,0.30699999999999994,77,0.05,0.0003223839931151461,1
2381,218527,0.244,84,0.05,0.00032835818754912386,1
2382,218627,0,100,0.05,0.00032696647100237896,0
2383,218727,0,100,0.05,0.0003353574020366068,0
2384,218771,0.604,44,0.05,0.0003641636559967248,1
2385,218871,0,100,0.05,0.0003534825779934181,0
2386,218971,0,100,0.05,0.00034283571898413356,0
2387,219071,0,100,0.05,0.00031165355518169235,0
2388,219122,0.5409999999999999,51,0.05,0.000398051526395184,1
2389,219222,0,100,0.05,0.0003210749523350387,0
2390,219322,0,100,0.05,0.0003710312545445049,0
2391,219330,0.9279999999999999,8,0.05,0.0003232004037272418,1
2392,219344,0.874,14,0.05,0.0003561573934608272,1
2393,219444,0,100,0.05,0.0003473913119887584,0
2394,219504,0.45999999999999996,60,0.05,0.00035565279746757974,1
2395,219604,0,100,0.05,0.00035588868042395915,0
2396,219704,0,100,0.05,0.00037443112538312564,0
2397,219804,0,100,0.05,0.0003645627576770494,0
2398,219904,0,100,0.05,0.00036404362304892857,0
2399,220004,0,100,0.05,0.0003085012880183058,0
2400,220011,0.9369999999999999,7,0.05,0.0002754742703733167,1
2401,220111,0,100,0.05,0.00035089932589471573,0
2402,220211,0,100,0.05,0.00036167238056805217,0
2403,220300,0.19899999999999995,89,0.05,0.0004034985439411071,1
2404,220400,0,100,0.05,0.00034979511769051897,0
2405,220500,0,100,0.05,0.00035750569630181415,0
2406,220600,0,100,0.05,0.00032290487230056896,0
2407,220700,0,100,0.05,0.00032363032463763377,0
2408,220737,0.667,37,0.05,0.00033255383253138435,1
2409,220837,0,100,0.05,0.00034499303372285793,0
2410,220923,0.22599999999999998,86,0.05,0.00032562450389885396,1
2411,221023,0,100,0.05,0.0003329515209043166,0
2412,221123,0,100,0.05,0.00030686069982039044,0
2413,221131,0.9279999999999999,8,0.05,0.00033580269882804714,1
2414,221231,0,100,0.05,0.0003485517505214375,0
2415,221331,0,100,0.05,0.00037820017168996853,0
2416,221431,0,100,0.05,0.00034603117332153487,0
2417,221531,0,100,0.05,0.0003172778558655409,0
2418,221631,0,100,0.05,0.00032522236844670263,0
2419,221731,0,100,0.05,0.0003217125833180035,0
2420,221831,0,100,0.05,0.0003238285580300726,0
2421,221931,0,100,0.05,0.00037959620101901236,0
2422,222031,0,100,0.05,0.0003629375731543405,0
2423,222131,0,100,0.05,0.000356123592791846,0
2424,222231,0,100,0.05,0.00032399264273408335,0
2425,222331,0,100,0.05,0.0003402298813307425,0
2426,222431,0,100,0.05,0.00038546387335372854,0
2427,222531,0,100,0.05,0.00033151857256598306,0
2428,222631,0,100,0.05,0.0003442064522459987,0
2429,222731,0,100,0.05,0.0003211969190488162,0
2430,222831,0,100,0.05,0.000345357832738955,0
2431,222931,0,100,0.05,0.0003291285433806479,0
2432,223031,0,100,0.05,0.00033191485032148195,0
2433,223131,0,100,0.05,0.00034707068123680074,0
2434,223169,0.6579999999999999,38,0.05,0.0003675060355530341,1
2435,223229,0.45999999999999996,60,0.05,0.00030343152999800317,1
2436,223329,0,100,0.05,0.00040185256604672757,0
2437,223428,0.10899999999999999,99,0.05,0.0003884934556830411,1
2438,223528,0,100,0.05,0.00033398931911506226,0
2439,223628,0,100,0.05,0.0003298331012047129,0
2440,223728,0,100,0.05,0.0003712957801326411,0
2441,223828,0,100,0.05,0.0003678196515102172,0
2442,223860,0.712,32,0.05,0.0003729867146375909,1
2443,223960,0,100,0.05,0.0003618336877480033,0
2444,224060,0,100,0.05,0.0003876662346738158,0
2445,224160,0,100,0.05,0.00032904969790251924,0
2446,224185,0.775,25,0.05,0.0003411249289638363,1
2447,224285,0,100,0.05,0.0003370852002990432,0
2448,224385,0,100,0.05,0.0003233713463851018,0
2449,224485,0,100,0.05,0.00031149479140367474,0
2450,224585,0,100,0.05,0.000322707681771135,0
2451,224685,0,100,0.05,0.00034241978955833473,0
2452,224785,0,100,0.05,0.0003208807995542884,0
2453,224885,0,100,0.05,0.00031972245524229946,0
2454,224985,0,100,0.05,0.0003001628322817851,0
2455,225013,0.748,28,0.05,0.00029652547683716487,1
2456,225113,0,100,0.05,0.0002898827267927118,0
2457,225195,0.262,82,0.05,0.00034302030778745555,1
2458,225295,0,100,0.05,0.0003257941313495394,0
2459,225395,0,100,0.05,0.00033200986519659636,0
2460,225474,0.2889999999999999,79,0.05,0.0003330627480437802,1
2461,225521,0.577,47,0.05,0.0003421009481671524,1
2462,225618,0.127,97,0.05,0.0003171013559415197,1
2463,225675,0.487,57,0.05,0.00034303713197770874,1
2464,225775,0,100,0.05,0.0003117232040676754,0
2465,225875,0,100,0.05,0.0003375803270319011,0
2466,225975,0,100,0.05,0.00033915935269760664,0
2467,226075,0,100,0.05,0.0003097183323552599,0
2468,226175,0,100,0.05,0.00032461294693348464,0
2469,226275,0,100,0.05,0.0003287718952560681,0
2470,226298,0.7929999999999999,23,0.05,0.0003380794546303704,1
2471,226313,0.865,15,0.05,0.0002754819336890553,1
2472,226357,0.604,44,0.05,0.0003196899484795391,1
2473,226457,0,100,0.05,0.0003086603660631226,0
2474,226557,0,100,0.05,0.00027497541821503547,0
2475,226576,0.829,19,0.05,0.00025341408112772594,1
2476,226676,0,100,0.05,0.0003364615534155746,0
2477,226721,0.595,45,0.05,0.0003214762120074334,1
2478,226821,0,100,0.05,0.0003186091065890651,0
2479,226921,0,100,0.05,0.0003601414366494282,0
2480,227021,0,100,0.05,0.000295637687377166,0
2481,227031,0.91,10,0.05,0.00024858256219886246,1
2482,227131,0,100,0.05,0.0003609720562963048,0
2483,227231,0,100,0.05,0.00034351234469795597,0
2484,227259,0.748,28,0.05,0.0003959512336483125,1
2485,227359,0,100,0.05,0.00037008432213042397,0
2486,227459,0,100,0.05,0.00035961438799859025,0
2487,227559,0,100,0.05,0.00032354650589695667,0
2488,227659,0,100,0.05,0.0003389574322864064,0
2489,227736,0.30699999999999994,77,0.05,0.00035605131727477,1
2490,227836,0,100,0.05,0.0002957388889262802,0
2491,227936,0,100,0.05,0.0003286477500660112,0
2492,228036,0,100,0.05,0.000279714079479163,0
2493,228073,0.667,37,0.05,0.00028416970043680694,1
2494,228173,0,100,0.05,0.0003039235655523953,0
2495,228183,0.91,10,0.05,0.00025928252216544934,1
2496,228283,0,100,0.05,0.0002914988177144551,0
2497,228383,0,100,0.05,0.0003215230655769119,0
2498,228483,0,100,0.05,0.00029336610135942463,0
2499,228568,0.235,85,0.05,0.0003454943119055208,1
2500,228668,0,100,0.05,0.0003280225926209823,0
2501,228729,0.45099999999999996,61,0.05,0.0003064893526988883,1
2502,228829,0,100,0.05,0.000300219415094034,0
2503,228929,0,100,0.05,0.0003289241000311449,0
2504,229029,0,100,0.05,0.00033298367232418967,0
2505,229129,0,100,0.05,0.00033561812142579583,0
2506,229229,0,100,0.05,0.00034817591003957207,0
2507,229244,0.865,15,0.05,0.0003891013887672064,1
2508,229344,0,100,0.05,0.00034116766117222143,0
2509,229444,0,100,0.05,0.00031449499751033726,0
2510,229544,0,100,0.05,0.0002810496093297843,0
2511,229610,0.4059999999999999,66,0.05,0.000313387965875198,1
2512,229710,0,100,0.05,0.00028901203892019113,0
2513,229755,0.595,45,0.05,0.0003489343007458956,1
2514,229777,0.802,22,0.05,0.00033724915027216247,1
2515,229877,0,100,0.05,0.00031846254980337106,0
2516,229977,0,100,0.05,0.00032362052963435416,0
2517,230015,0.6579999999999999,38,0.05,0.00031612289546357813,1
2518,230115,0,100,0.05,0.0003486471448559314,0
2519,230134,0.829,19,0.05,0.0003248271741061839,1
2520,230234,0,100,0.05,0.0003486151198012521,0
2521,230334,0,100,0.05,0.00035773714473180007,0
2522,230434,0,100,0.05,0.0003092191384348553,0
2523,230534,0,100,0.05,0.00030920858378522095,0
2524,230634,0,100,0.05,0.0003034197726810817,0
2525,230712,0.29799999999999993,78,0.05,0.0003697526693800822,1
2526,230723,0.901,11,0.05,0.0003545067851188254,1
2527,230823,0,100,0.05,0.000331855779804755,0
2528,230923,0,100,0.05,0.000325764041263028,0
2529,230936,0.883,13,0.05,0.00030144634981227753,1
2530,231036,0,100,0.05,0.00030678958908538336,0
2531,231045,0.919,9,0.05,0.0002592107832444728,1
2532,231145,0,100,0.05,0.00030607116204919296,0
2533,231245,0,100,0.05,0.0003432559781504096,0
2534,231345,0,100,0.05,0.0003120149685491924,0
2535,231445,0,100,0.05,0.0003231607039924711,0
2536,231545,0,100,0.05,0.00035660449131682983,0
2537,231645,0,100,0.05,0.0003152422063067206,0
2538,231745,0,100,0.05,0.00033866448797198245,0
2539,231845,0,100,0.05,0.00032779640416265467,0
2540,231872,0.757,27,0.05,0.0003090421030517771,1
2541,231972,0,100,0.05,0.00030200553039321675,0
2542,232072,0,100,0.05,0.00032809952776005955,0
2543,232172,0,100,0.05,0.00036182738382194656,0
2544,232272,0,100,0.05,0.00031120545954763654,0
2545,232372,0,100,0.05,0.00028204644444485894,0
2546,232472,0,100,0.05,0.00036493435232841875,0
2547,232477,0.955,5,0.05,0.0003363628289662302,1
2548,232577,0,100,0.05,0.00032987751794280487,0
2549,232597,0.82,20,0.05,0.00030337738862726835,1
2550,232697,0,100,0.05,0.00033719964518240885,0
2551,232797,0,100,0.05,0.00032672375691618073,0
2552,232897,0,100,0.05,0.0003504410634923261,0
2553,232902,0.955,5,0.05,0.00026679696748033166,1
2554,233002,0,100,0.05,0.00029485573548299727,0
2555,233102,0,100,0.05,0.0003128016400660272,0
2556,233202,0,100,0.05,0.00027908994183235337,0
2557,233256,0.514,54,0.05,0.00030700153271296857,1
2558,233356,0,100,0.05,0.0003291531545983162,0
2559,233456,0,100,0.05,0.00032869814793230035,0
2560,233556,0,100,0.05,0.0003025029495620402,0
2561,233656,0,100,0.05,0.0003106622757331934,0
2562,233756,0,100,0.05,0.0003039685843032203,0
2563,233784,0.748,28,0.05,0.0003287876210639037,1
2564,233800,0.856,16,0.05,0.0003505652957755956,1
2565,233823,0.7929999999999999,23,0.05,0.00030792972693629764,1
2566,233923,0,100,0.05,0.00030649950971564974,0
2567,234023,0,100,0.05,0.00032071193170850164,0
2568,234123,0,100,0.05,0.00034453563996066804,0
2569,234223,0,100,0.05,0.00034643516064534194,0
2570,234323,0,100,0.05,0.00034676057104661597,0
2571,234423,0,100,0.05,0.0003605166159468354,0
2572,234523,0,100,0.05,0.000322003495239187,0
2573,234553,0.73,30,0.05,0.00042128018346071863,1
2574,234653,0,100,0.05,0.000316627655774937,0
2575,234753,0.09999999999999998,100,0.05,0.00032645928189594997,1
2576,234853,0,100,0.05,0.0003220913544282666,0
2577,234953,0,100,0.05,0.00029267329126014374,0
2578,235042,0.19899999999999995,89,0.05,0.0003597851600000907,1
2579,235142,0,100,0.05,0.000333894161731223,0
2580,235242,0,100,0.05,0.00032385332422563807,0
2581,235342,0,100,0.05,0.0003046771313165664,0
2582,235442,0,100,0.05,0.00036247938845917815,0
2583,235471,0.739,29,0.05,0.0002625318987250874,1
2584,235547,0.31599999999999995,76,0.05,0.00034400642084619903,1
2585,235616,0.379,69,0.05,0.0002802365146424669,1
2586,235677,0.45099999999999996,61,0.05,0.00030676260200275686,1
2587,235762,0.235,85,0.05,0.00027385716157903733,1
2588,235787,0.775,25,0.05,0.00039012856606859716,1
2589,235887,0,100,0.05,0.00037716842736699617,0
2590,235987,0,100,0.05,0.0003230528127096477,0
2591,236087,0,100,0.05,0.00029845754215784837,0
2592,236187,0,100,0.05,0.0003094265105755767,0
2593,236287,0,100,0.05,0.0003371128484286601,0
2594,236387,0,100,0.05,0.00030820667303487425,0
2595,236463,0.31599999999999995,76,0.05,0.0003426992384686999,1
2596,236494,0.721,31,0.05,0.0002940235109793233,1
2597,236594,0,100,0.05,0.00032499439650564456,0
2598,236656,0.44199999999999995,62,0.05,0.0003421589353820309,1
2599,236756,0,100,0.05,0.0003190354347680113,0
2600,236856,0,100,0.05,0.00030684334353281884,0
2601,236956,0,100,0.05,0.0003436532835257822,0
2602,237056,0,100,0.05,0.00033620114416407884,0
2603,237088,0.712,32,0.05,0.00035387111302043195,1
2604,237188,0,100,0.05,0.00033821479624748465,0
2605,237288,0,100,0.05,0.0002992678587543196,0
2606,237327,0.649,39,0.05,0.00037910639236006554,1
2607,237427,0,100,0.05,0.00032279455084790245,0
2608,237527,0,100,0.05,0.0003301996673690155,0
2609,237627,0,100,0.05,0.00033094046402766254,0
2610,237727,0,100,0.05,0.0003473094834043877,0
2611,237732,0.955,5,0.05,0.00021442105135065502,1
2612,237832,0,100,0.05,0.00030789506738074126,0
2613,237923,0.18099999999999994,91,0.05,0.0003193408594777613,1
2614,238023,0,100,0.05,0.00031020889968203847,0
2615,238123,0,100,0.05,0.00036721678108733616,0
2616,238223,0,100,0.05,0.00033604550058953465,0
2617,238323,0,100,0.05,0.00032388720270319025,0
2618,238341,0.838,18,0.05,0.00039871210416701314,1
2619,238351,0.91,10,0.05,0.0003877535302308388,1
2620,238371,0.82,20,0.05,0.00037695484606956595,1
2621,238471,0,100,0.05,0.00032133617722138294,0
2622,238505,0.694,34,0.05,0.00026503721475070477,1
2623,238605,0,100,0.05,0.000302256843970099,0
2624,238705,0,100,0.05,0.00036299005718319676,0
2625,238805,0,100,0.05,0.0003326674885465763,0
2626,238905,0,100,0.05,0.00033025337659637444,0
2627,238938,0.703,33,0.05,0.0003390983040321082,1
2628,239038,0,100,0.05,0.00035209924390073867,0
2629,239138,0,100,0.05,0.0003475390695166425,0
2630,239238,0,100,0.05,0.0003534782666247338,0
2631,239338,0,100,0.05,0.0003278899707220262,0
2632,239428,0.18999999999999995,90,0.05,0.0003092497180558793,1
2633,239528,0,100,0.05,0.0003674671713815769,0
2634,239628,0,100,0.05,0.0003582227929655346,0
2635,239654,0.766,26,0.05,0.00033274056029488117,1
2636,239754,0,100,0.05,0.00032100235366669947,0
2637,239854,0,100,0.05,0.00034825806258595546,0
2638,239954,0,100,0.05,0.00033451834387960845,0
2639,240054,0,100,0.05,0.00031566442194161934,0
2640,240154,0,100,0.05,0.00034593644209962804,0
2641,240254,0,100,0.05,0.00031291271505324403,0
2642,240267,0.883,13,0.05,0.0002827023636200465,1
2643,240367,0,100,0.05,0.00035944961877248715,0
2644,240467,0,100,0.05,0.0003578819529138855,0
2645,240567,0,100,0.05,0.0003348508811905049,0
2646,240667,0,100,0.05,0.00036624812695663423,0
2647,240767,0,100,0.05,0.00033720674149662956,0
2648,240867,0,100,0.05,0.0003304742786713177,0
2649,240967,0,100,0.05,0.00032677108101779594,0
2650,241067,0,100,0.05,0.0003811799220056855,0
2651,241167,0,100,0.05,0.0003558006305684103,0
2652,241267,0,100,0.05,0.0003591621685336577,0
2653,241298,0.721,31,0.05,0.00025621694270915713,1
2654,241398,0,100,0.05,0.00037314117234927836,0
2655,241498,0,100,0.05,0.0003646505493816221,0
2656,241598,0,100,0.05,0.00033919972636795134,0
2657,241698,0,100,0.05,0.0003056698209547903,0
2658,241798,0,100,0.05,0.0003406222930789227,0
2659,241898,0,100,0.05,0.0003806249304398079,0
2660,241998,0,100,0.05,0.000296099353399768,0
2661,242098,0,100,0.05,0.0003575269163411576,0
2662,242173,0.32499999999999996,75,0.05,0.00034038388757229163,1
2663,242273,0,100,0.05,0.00034566797028674046,0
2664,242373,0,100,0.05,0.00032596868302789514,0
2665,242473,0,100,0.05,0.0003089426691440167,0
2666,242484,0.901,11,0.05,0.0006041975615186278,1
2667,242584,0,100,0.05,0.0003171802197903162,0
2668,242684,0,100,0.05,0.0003424615231415373,0
2669,242784,0,100,0.05,0.0003280367773550097,0
2670,242884,0,100,0.05,0.00031170985032076716,0
2671,242984,0,100,0.05,0.00032999431536154586,0
2672,243064,0.2799999999999999,80,0.05,0.0003225170682526368,1
2673,243164,0,100,0.05,0.00030533025863405783,0
2674,243167,0.973,3,0.05,0.0004499131755437702,1
2675,243267,0,100,0.05,0.0003332118454636657,0
2676,243367,0,100,0.05,0.0003260426188353449,0
2677,243467,0,100,0.05,0.00034994271394680256,0
2678,243567,0,100,0.05,0.0003492980203736806,0
2679,243655,0.20799999999999996,88,0.05,0.0003321101768795581,1
2680,243755,0,100,0.05,0.00032089055650430965,0
2681,243765,0.91,10,0.05,0.00035709233779925855,1
2682,243865,0,100,0.05,0.00033716119520249777,0
2683,243965,0,100,0.05,0.00034060334732203043,0
2684,244065,0,100,0.05,0.00036134989219135607,0
2685,244136,0.361,71,0.05,0.00036443891809207163,1
2686,244147,0.901,11,0.05,0.0002848088743948293,1
2687,244150,0.973,3,0.05,0.00037719844840466976,1
2688,244250,0,100,0.05,0.0003838950213685166,0
2689,244350,0,100,0.05,0.0003770175557292532,0
2690,244450,0,100,0.05,0.0003400851365586277,0
2691,244550,0,100,0.05,0.0003903093000553781,0
2692,244650,0,100,0.05,0.00034117198032618034,0
2693,244750,0,100,0.05,0.0003319139830273343,0
2694,244850,0,100,0.05,0.0003474846212338889,0
2695,244950,0,100,0.05,0.00037090583246026656,0
2696,245050,0,100,0.05,0.00036641991428041363,0
2697,245150,0,100,0.05,0.0003973083534947364,0
2698,245250,0,100,0.05,0.0003235763149132254,0
2699,245350,0,100,0.05,0.0003485104112041881,0
2700,245441,0.18099999999999994,91,0.05,0.00032436065993061964,1
2701,245541,0,100,0.05,0.0003596916595779476,0
2702,245641,0,100,0.05,0.00032982190745315163,0
2703,245741,0,100,0.05,0.0003160194088195567,0
2704,245841,0,100,0.05,0.0003956361284508603,0
2705,245867,0.766,26,0.05,0.0003564284936426422,1
2706,245967,0,100,0.05,0.00034240187243995024,0
2707,246016,0.5589999999999999,49,0.05,0.0002976177311211359,1
2708,246116,0,100,0.05,0.0003707144443251309,0
2709,246216,0,100,0.05,0.00035058680223301055,0
2710,246274,0.478,58,0.05,0.0003958355734759042,1
2711,246374,0,100,0.05,0.0003359158674356877,0
2712,246474,0,100,0.05,0.00038501065464515707,0
2713,246505,0.721,31,0.05,0.0002844248437829646,1
2714,246605,0,100,0.05,0.00034917574565042743,0
2715,246705,0,100,0.05,0.00031998228438169464,0
2716,246805,0,100,0.05,0.000338810910252505,0
2717,246905,0,100,0.05,0.0003381678861478576,0
2718,247005,0,100,0.05,0.0003387930730605149,0
2719,247105,0,100,0.05,0.0003383385602137423,0
2720,247205,0,100,0.05,0.00035374094899452756,0
2721,247305,0,100,0.05,0.0003473128368204925,0
2722,247405,0,100,0.05,0.0003501938370754942,0
2723,247505,0,100,0.05,0.00034949929005961166,0
2724,247605,0,100,0.05,0.000351920158827852,0
2725,247619,0.874,14,0.05,0.00037260606300800906,1
2726,247719,0,100,0.05,0.000394998619776743,0
2727,247819,0,100,0.05,0.00034435403933457564,0
2728,247919,0,100,0.05,0.0003615238022757694,0
2729,248019,0,100,0.05,0.0003622753973104409,0
2730,248119,0,100,0.05,0.00034854190118494444,0
2731,248219,0,100,0.05,0.00033243898084037935,0
2732,248301,0.262,82,0.05,0.0003325700848707617,1
2733,248401,0,100,0.05,0.0003422566589142662,0
2734,248501,0,100,0.05,0.0003239516957182786,0
2735,248601,0,100,0.05,0.0003169371329204296,0
2736,248701,0,100,0.05,0.00031514911232079614,0
2737,248716,0.865,15,0.05,0.00033606587385293096,1
2738,248816,0,100,0.05,0.0003145295495778555,0
2739,248916,0,100,0.05,0.00033308341873635074,0
2740,249016,0,100,0.05,0.0003500930906557187,0
2741,249116,0,100,0.05,0.00035686305633134905,0
2742,249216,0,100,0.05,0.00035593326691014227,0
2743,249316,0,100,0.05,0.00030130568713502724,0
2744,249416,0,100,0.05,0.0003518201603583293,0
2745,249516,0,100,0.05,0.0002873583364271326,0
2746,249616,0,100,0.05,0.00035095864288450687,0
2747,249716,0,100,0.05,0.00031258543276635464,0
2748,249756,0.6399999999999999,40,0.05,0.00027486234639582106,1
2749,249856,0,100,0.05,0.0003323810939400573,0
2750,249876,0.82,20,0.05,0.0003361230636073742,1
2751,249966,0.18999999999999995,90,0.05,0.0003239224066217301,1
2752,250066,0,100,0.05,0.00036444038894842376,0
2753,250166,0,100,0.05,0.00031162900846538834,0
2754,250266,0,100,0.05,0.00033790391851653114,0
2755,250366,0,100,0.05,0.0003319792543334188,0
2756,250466,0,100,0.05,0.0003482402976078447,0
2757,250566,0,100,0.05,0.00035035058317589574,0
2758,250666,0,100,0.05,0.00031065378861967475,0
2759,250766,0,100,0.05,0.0003639495857350994,0
2760,250776,0.91,10,0.05,0.0001956839296326507,1
2761,250853,0.30699999999999994,77,0.05,0.00032426649477792444,1
2762,250885,0.712,32,0.05,0.0003128471678337519,1
2763,250985,0,100,0.05,0.00033319249781925463,0
2764,250999,0.874,14,0.05,0.00029719306050018143,1
2765,251099,0,100,0.05,0.0003590482393701677,0
2766,251199,0,100,0.05,0.0002880826993714436,0
2767,251299,0,100,0.05,0.00034162688520154914,0
2768,251373,0.33399999999999996,74,0.05,0.00030657590429433875,1
2769,251473,0,100,0.05,0.0003505020626471378,0
2770,251573,0,100,0.05,0.0003429052051069448,0
2771,251673,0,100,0.05,0.0003700553687667707,0
2772,251773,0,100,0.05,0.0003525622305096476,0
2773,251840,0.3969999999999999,67,0.05,0.00030224693128091994,1
2774,251940,0,100,0.05,0.00031087021807252313,0
2775,252040,0,100,0.05,0.00033305431137705457,0
2776,252140,0,100,0.05,0.00035988506526337007,0
2777,252240,0,100,0.05,0.0003260399860300822,0
2778,252284,0.604,44,0.05,0.00036693461185098965,1
2779,252384,0,100,0.05,0.0003661491783714155,0
2780,252484,0,100,0.05,0.0003225775036116829,0
2781,252505,0.8109999999999999,21,0.05,0.0003335564158208269,1
2782,252605,0,100,0.05,0.0003150896907391143,0
2783,252705,0,100,0.05,0.0003466132988978643,0
2784,252805,0,100,0.05,0.00034150137449614706,0
2785,252905,0,100,0.05,0.0003747557669339585,0
2786,253005,0,100,0.05,0.00031568325000989715,0
2787,253105,0,100,0.05,0.0003514976170117734,0
2788,253205,0,100,0.05,0.0003482821823854465,0
2789,253305,0,100,0.05,0.00035898521968192655,0
2790,253405,0,100,0.05,0.00029686954629141836,0
2791,253505,0,100,0.05,0.0003352128971164348,0
2792,253605,0,100,0.05,0.000337272734977887,0
2793,253705,0,100,0.05,0.0003226644083770225,0
2794,253805,0,100,0.05,0.00030876043529133313,0
2795,253905,0,100,0.05,0.0003203721453610342,0
2796,254005,0,100,0.05,0.00034510164710809476,0
2797,254006,0.991,1,0.05,8.642036118544638e-05,1
2798,254106,0,100,0.05,0.0003358040774037363,0
2799,254206,0,100,0.05,0.00034223096787172836,0
2800,254306,0,100,0.05,0.0002865138697961811,0
2801,254330,0.784,24,0.05,0.00029488913060049526,1
2802,254430,0,100,0.05,0.00032290198345435783,0
2803,254530,0,100,0.05,0.00032127715763635934,0
2804,254566,0.6759999999999999,36,0.05,0.00036893798682689923,1
2805,254666,0,100,0.05,0.0003249192308066995,0
2806,254766,0,100,0.05,0.0003229892158560688,0
2807,254866,0,100,0.05,0.0003232973159902031,0
2808,254899,0.703,33,0.05,0.00037713450822621144,1
2809,254999,0,100,0.05,0.00034632186227099735,0
2810,255099,0,100,0.05,0.0003683914705834468,0
2811,255199,0,100,0.05,0.0003546625225135358,0
2812,255208,0.919,9,0.05,0.00040913560466530424,1
2813,255308,0,100,0.05,0.0003402643639856251,0
2814,255408,0,100,0.05,0.0003208529447874753,0
2815,255508,0,100,0.05,0.0003468516984867165,0
2816,255608,0,100,0.05,0.00031384113630338105,0
2817,255660,0.532,52,0.05,0.00039746207431352767,1
2818,255760,0,100,0.05,0.0003446459536644397,0
2819,255775,0.865,15,0.05,0.00029904025044136994,1
2820,255843,0.3879999999999999,68,0.05,0.0003234123619489872,1
2821,255943,0,100,0.05,0.0003465020731528057,0
2822,256043,0,100,0.05,0.0003473833428870421,0
2823,256143,0,100,0.05,0.00033696587986923986,0
2824,256243,0,100,0.05,0.00033563463806785877,0
2825,256343,0,100,0.05,0.000352333091723267,0
2826,256443,0,100,0.05,0.00032592108342214486,0
2827,256524,0.2709999999999999,81,0.05,0.0003593186798460931,1
2828,256536,0.892,12,0.05,0.00033930242595185217,1
2829,256636,0,100,0.05,0.00030252253262005977,0
2830,256652,0.856,16,0.05,0.0003426003622735152,1
2831,256752,0,100,0.05,0.0003141667632735334,0
2832,256852,0,100,0.05,0.00035301333002280444,0
2833,256918,0.4059999999999999,66,0.05,0.00029461982574668417,1
2834,257018,0,100,0.05,0.0003375898313242942,0
2835,257118,0,100,0.05,0.0003751611468396732,0
2836,257218,0,100,0.05,0.00036892473875923317,0
2837,257318,0,100,0.05,0.0003471939520750311,0
2838,257418,0,100,0.05,0.0003202610285370611,0
2839,257518,0,100,0.05,0.00037465006949787493,0
2840,257618,0,100,0.05,0.00034891811112174764,0
2841,257718,0,100,0.05,0.00035292760185257066,0
2842,257818,0,100,0.05,0.0003244351228204323,0
2843,257918,0,100,0.05,0.0003178634804135072,0
2844,258018,0,100,0.05,0.00032114504603669047,0
2845,258118,0,100,0.05,0.0003905475392821245,0
2846,258218,0,100,0.05,0.00035738159684115087,0
2847,258223,0.955,5,0.05,0.0003823075589025393,1
2848,258323,0,100,0.05,0.0003397100434085587,0
2849,258423,0,100,0.05,0.00034021271152596456,0
2850,258523,0,100,0.05,0.00034198977333289805,0
2851,258559,0.6759999999999999,36,0.05,0.00034756274241469026,1
2852,258564,0.955,5,0.05,0.00021010037016822025,1
2853,258664,0,100,0.05,0.00032159691727429163,0
2854,258764,0,100,0.05,0.0003411944071922335,0
2855,258864,0,100,0.05,0.00034846076181565877,0
2856,258904,0.6399999999999999,40,0.05,0.0003098998122368357,1
2857,258933,0.739,29,0.05,0.00038924360906721317,1
2858,259033,0,100,0.05,0.00032094131121993994,0
2859,259133,0,100,0.05,0.0003023716449024505,0
2860,259233,0,100,0.05,0.00039740981334034585,0
2861,259277,0.604,44,0.05,0.0003466979624962815,1
2862,259377,0,100,0.05,0.0003483397851596237,0
2863,259442,0.4149999999999999,65,0.05,0.00039934515505312724,1
2864,259494,0.532,52,0.05,0.0003321403526989833,1
2865,259594,0,100,0.05,0.00035024895823880796,0
2866,259602,0.9279999999999999,8,0.05,0.00031746253080200404,1
2867,259702,0,100,0.05,0.00036404535778274296,0
2868,259802,0,100,0.05,0.0003467265210929327,0
2869,259821,0.829,19,0.05,0.0003319109819130972,1
2870,259921,0,100,0.05,0.00032162116905965377,0
2871,260021,0,100,0.05,0.00033748844478395765,0
2872,260121,0,100,0.05,0.0003442375097074546,0
2873,260221,0,100,0.05,0.00034887201927631396,0
2874,260321,0,100,0.05,0.0003360413217887981,0
2875,260421,0,100,0.05,0.00032509026048501257,0
2876,260521,0,100,0.05,0.000303527873402345,0
2877,260581,0.45999999999999996,60,0.05,0.0003092631484226634,1
2878,260681,0,100,0.05,0.00031797584444575477,0
2879,260703,0.802,22,0.05,0.0003808927788420326,1
2880,260803,0,100,0.05,0.0003081590230431175,0
2881,260903,0,100,0.05,0.0003506330582604278,0
2882,260939,0.6759999999999999,36,0.05,0.0003313741593350035,1
2883,261039,0,100,0.05,0.00035010559629881753,0
2884,261139,0,100,0.05,0.00032143659755092815,0
2885,261239,0,100,0.05,0.000343135909170087,0
2886,261247,0.9279999999999999,8,0.05,0.000489736406962038,1
2887,261347,0,100,0.05,0.00034785674353770445,0
2888,261447,0,100,0.05,0.0002846962081457605,0
2889,261547,0,100,0.05,0.00035004689609195337,0
2890,261553,0.946,6,0.05,0.0005000380770070478,1
2891,261653,0,100,0.05,0.00037719620202551594,0
2892,261715,0.44199999999999995,62,0.05,0.00036965165993258837,1
2893,261815,0,100,0.05,0.0003127753514854703,0
2894,261915,0,100,0.05,0.00031080339904292486,0
2895,262015,0,100,0.05,0.0003431371793885774,0
2896,262050,0.685,35,0.05,0.00031382844234550635,1
2897,262150,0,100,0.05,0.00032939187680312897,0
2898,262250,0,100,0.05,0.00033679201227641896,0
2899,262305,0.5049999999999999,55,0.05,0.000332284507219976,1
2900,262378,0.34299999999999997,73,0.05,0.00034162400229371546,1
2901,262478,0,100,0.05,0.0003229197661858052,0
2902,262578,0,100,0.05,0.00032897988541662925,0
2903,262600,0.802,22,0.05,0.0003306925273963398,1
2904,262700,0,100,0.05,0.0003537420825887239,0
2905,262800,0,100,0.05,0.000349947603099281,0
2906,262823,0.7929999999999999,23,0.05,0.0003811270767271154,1
2907,262923,0,100,0.05,0.0003307126844447339,0
2908,262924,0.991,1,0.05,0.0004161681281402707,1
2909,263024,0,100,0.05,0.00034724324741546296,0
2910,263124,0,100,0.05,0.0003263648764186655,0
2911,263224,0,100,0.05,0.0003372001757816179,0
2912,263287,0.43299999999999994,63,0.05,0.00031536209488487136,1
2913,263387,0,100,0.05,0.0003605140108265914,0
2914,263487,0,100,0.05,0.00034493300694521167,0
2915,263587,0,100,0.05,0.00029806106236719644,0
2916,263687,0,100,0.05,0.00033177330065882417,0
2917,263787,0,100,0.05,0.00031421083036548225,0
2918,263806,0.829,19,0.05,0.0002960350372488488,1
2919,263825,0.829,19,0.05,0.0003370613627148008,1
2920,263925,0,100,0.05,0.00031626780757505914,0
2921,263955,0.73,30,0.05,0.0003503295966462853,1
2922,264055,0,100,0.05,0.0003527392368778237,0
2923,264155,0,100,0.05,0.0003246735184802674,0
2924,264176,0.8109999999999999,21,0.05,0.00030220269677340097,1
2925,264276,0,100,0.05,0.00035132244494889164,0
2926,264376,0,100,0.05,0.0003644426340179052,0
2927,264476,0,100,0.05,0.00032292009243974464,0
2928,264576,0,100,0.05,0.00037341178031056186,0
2929,264676,0,100,0.05,0.0003520017363189254,0
2930,264776,0,100,0.05,0.0003608055957738543,0
2931,264876,0,100,0.05,0.0003081994829699397,0
2932,264976,0,100,0.05,0.0003447565818350995,0
2933,265076,0,100,0.05,0.000364316996128764,0
2934,265176,0,100,0.05,0.00034745394772471626,0
2935,265276,0,100,0.05,0.00034571981908811724,0
2936,265373,0.127,97,0.05,0.00031286178175636,1
2937,265473,0,100,0.05,0.0003642870063777082,0
2938,265573,0,100,0.05,0.0003235327596485149,0
2939,265673,0,100,0.05,0.00031712136202258987,0
2940,265773,0,100,0.05,0.00036438282797462306,0
2941,265873,0,100,0.05,0.00034256474682479163,0
2942,265950,0.30699999999999994,77,0.05,0.00036921242394487606,1
2943,266050,0,100,0.05,0.0003356545889619156,0
2944,266150,0,100,0.05,0.0003290449519045069,0
2945,266164,0.874,14,0.05,0.00034535689675457045,1
2946,266264,0,100,0.05,0.0003445659464341588,0
2947,266364,0,100,0.05,0.0003295003413950326,0
2948,266464,0,100,0.05,0.0003210369084990816,0
2949,266564,0,100,0.05,0.00034376908755803017,0
2950,266664,0,100,0.05,0.0003524942281001131,0
2951,266764,0,100,0.05,0.00032929374243394704,0
2952,266794,0.73,30,0.05,0.00035728118042849624,1
2953,266894,0,100,0.05,0.0003070050683891168,0
2954,266994,0,100,0.05,0.00033244315858610207,0
2955,267094,0,100,0.05,0.00034236891471664424,0
2956,267139,0.595,45,0.05,0.00029984826582626234,1
2957,267229,0.18999999999999995,90,0.05,0.0003257755762105161,1
2958,267329,0,100,0.05,0.0003350803340435959,0
2959,267429,0,100,0.05,0.0003635665196634363,0
2960,267529,0,100,0.05,0.00033952953657717444,0
2961,267629,0,100,0.05,0.0003249782861530548,0
2962,267729,0,100,0.05,0.0003207064643356716,0
2963,267829,0,100,0.05,0.00033739336769940566,0
2964,267929,0,100,0.05,0.0003495353234757204,0
2965,268029,0,100,0.05,0.00034632680217328016,0
2966,268129,0,100,0.05,0.00033472920302301645,0
2967,268229,0,100,0.05,0.00034780772311933107,0
2968,268252,0.7929999999999999,23,0.05,0.0003984285288859847,1
2969,268281,0.739,29,0.05,0.00033537349924605723,1
2970,268381,0,100,0.05,0.0003583855995384511,0
2971,268481,0,100,0.05,0.00034145041994634086,0
2972,268581,0,100,0.05,0.0003257311681591091,0
2973,268681,0,100,0.05,0.0003470790631763521,0
2974,268781,0,100,0.05,0.0003419584921721253,0
2975,268870,0.19899999999999995,89,0.05,0.0003316946659764285,1
2976,268970,0,100,0.05,0.00032381344004534185,0
2977,269016,0.586,46,0.05,0.00032848603586899117,1
2978,269116,0,100,0.05,0.0003644904586690245,0
2979,269216,0,100,0.05,0.0003291421156609431,0
2980,269316,0,100,0.05,0.0003022926116682356,0
2981,269416,0,100,0.05,0.0003263800138665829,0
2982,269426,0.91,10,0.05,0.00023077596197254024,1
2983,269526,0,100,0.05,0.00034374702021523263,0
2984,269542,0.856,16,0.05,0.0004122877276131476,1
2985,269642,0,100,0.05,0.0003246747539196804,0
2986,269742,0,100,0.05,0.00036010139912832527,0
2987,269842,0,100,0.05,0.00031441115927009376,0
2988,269942,0,100,0.05,0.0003176868665832444,0
2989,270042,0,100,0.05,0.00031655792157835093,0
2990,270044,0.982,2,0.05,0.00024875175586203113,1
2991,270144,0,100,0.05,0.0003287847263709409,0
2992,270238,0.15400000000000003,94,0.05,0.0003421859987707997,1
2993,270338,0,100,0.05,0.0003558387243538164,0
2994,270358,0.82,20,0.05,0.00041166427254211155,1
2995,270458,0,100,0.05,0.0003355389270291198,0
2996,270539,0.2709999999999999,81,0.05,0.00034500013974554157,1
2997,270639,0,100,0.05,0.00032991832711559254,0
2998,270739,0,100,0.05,0.00034005205408902837,0
2999,270839,0,100,0.05,0.00035624038871901576,0
3000,270939,0,100,0.05,0.0003347964926069835,0
3001,271039,0,100,0.05,0.00036138946314167697,0
3002,271139,0,100,0.05,0.0003564828138769371,0
3003,271239,0,100,0.05,0.00037874229772569376,0
3004,271339,0,100,0.05,0.00034534817874373405,0
3005,271439,0,100,0.05,0.00031979770756151993,0
3006,271539,0,100,0.05,0.000380051624342741,0
3007,271639,0,100,0.05,0.0003240677150643023,0
3008,271739,0,100,0.05,0.00033375183171301614,0
3009,271839,0,100,0.05,0.0003677595822227886,0
3010,271939,0,100,0.05,0.00029945016303827287,0
3011,272039,0,100,0.05,0.0003195413336288766,0
3012,272139,0,100,0.05,0.0003109002367455105,0
3013,272160,0.8109999999999999,21,0.05,0.0003511379687725345,1
3014,272260,0,100,0.05,0.00033780171077523846,0
3015,272360,0,100,0.05,0.0003053996933886083,0
3016,272460,0,100,0.05,0.0003445108109008288,0
3017,272560,0,100,0.05,0.00029138408566723226,0
3018,272582,0.802,22,0.05,0.0004073418785992544,1
3019,272682,0,100,0.05,0.00031361378576548303,0
3020,272782,0,100,0.05,0.0003183337319569546,0
3021,272882,0,100,0.05,0.00032700136103812837,0
3022,272982,0,100,0.05,0.00034083847836882344,0
3023,273038,0.4959999999999999,56,0.05,0.0003264001729153928,1
3024,273138,0,100,0.05,0.0003581588084125542,0
3025,273238,0,100,0.05,0.000312452852667775,0
3026,273338,0,100,0.05,0.00039870344109658616,0
3027,273411,0.34299999999999997,73,0.05,0.0003538241228989759,1
3028,273511,0,100,0.05,0.00037617507754475807,0
3029,273519,0.9279999999999999,8,0.05,0.0005048505900049349,1
3030,273619,0,100,0.05,0.00038026508467737586,0
3031,273719,0,100,0.05,0.00036079668570891953,0
3032,273819,0,100,0.05,0.00032903696912399026,0
3033,273913,0.15400000000000003,94,0.05,0.00033211959337077517,1
3034,274013,0,100,0.05,0.00036230739751772487,0
3035,274113,0,100,0.05,0.0003575739972802694,0
3036,274145,0.712,32,0.05,0.0003351239060975786,1
3037,274245,0,100,0.05,0.0003638798113752273,0
3038,274345,0,100,0.05,0.00037423875495733226,0
3039,274368,0.7929999999999999,23,0.05,0.0003996702036364814,1
3040,274468,0,100,0.05,0.0003448504421248799,0
3041,274568,0,100,0.05,0.0004077292413057876,0
3042,274668,0,100,0.05,0.00036870668114715957,0
3043,274768,0,100,0.05,0.00035654696355777557,0
3044,274868,0,100,0.05,0.0003525691288086819,0
3045,274968,0,100,0.05,0.0004062235196033725,0
3046,275068,0,100,0.05,0.00039102781058318213,0
3047,275168,0,100,0.05,0.00036385542669449935,0
3048,275268,0,100,0.05,0.00039820884627260965,0
3049,275368,0,100,0.05,0.0003371076662915584,0
3050,275468,0,100,0.05,0.0003457272829473368,0
3051,275568,0,100,0.05,0.00036844971175014506,0
3052,275658,0.18999999999999995,90,0.05,0.00034161522550372564,1
3053,275692,0.694,34,0.05,0.0004151410553544445,1
3054,275792,0,100,0.05,0.0003498376840434503,0
3055,275892,0,100,0.05,0.0003626879262446892,0
3056,275992,0,100,0.05,0.0004051335938493139,0
3057,276014,0.802,22,0.05,0.00028694113974448885,1
3058,276114,0,100,0.05,0.00037767130947031547,0
3059,276214,0,100,0.05,0.00035035502616665326,0
3060,276314,0,100,0.05,0.00036953564787836515,0
3061,276346,0.712,32,0.05,0.00037267285574671405,1
3062,276446,0,100,0.05,0.00035001323634787696,0
3063,276546,0,100,0.05,0.00039049272611009657,0
3064,276646,0,100,0.05,0.0003593806957360357,0
3065,276746,0,100,0.05,0.00034575993144244423,0
3066,276846,0,100,0.05,0.000350849569804268,0
3067,276946,0,100,0.05,0.00033421979391278,0
3068,276981,0.685,35,0.05,0.00034227405340061525,1
3069,277081,0,100,0.05,0.0003478093243393232,0
3070,277181,0,100,0.05,0.00039272817797609606,0
3071,277281,0,100,0.05,0.0003853418033759226,0
3072,277381,0,100,0.05,0.00035002674580027817,0
3073,277382,0.991,1,0.05,0.0003862253506667912,1
3074,277482,0,100,0.05,0.0003638070717352093,0
3075,277559,0.30699999999999994,77,0.05,0.0003877193307921339,1
3076,277659,0,100,0.05,0.0003579777861887123,0
3077,277759,0,100,0.05,0.000379552890190098,0
3078,277859,0,100,0.05,0.0003966437271083123,0
3079,277868,0.919,9,0.05,0.0005006226516949633,1
3080,277968,0,100,0.05,0.00037333472006139345,0
3081,278063,0.14500000000000002,95,0.05,0.0003338094777063816,1
3082,278163,0,100,0.05,0.00035852435808919836,0
3083,278263,0,100,0.05,0.00038061106351960916,0
3084,278353,0.18999999999999995,90,0.05,0.00034983427495818533,1
3085,278453,0,100,0.05,0.00036133498528215566,0
3086,278553,0,100,0.05,0.00038456762697023803,0
3087,278558,0.955,5,0.05,0.0003358406946063042,1
3088,278658,0,100,0.05,0.000328810152495862,0
3089,278733,0.32499999999999996,75,0.05,0.0003576704574030979,1
3090,278791,0.478,58,0.05,0.0003718941388797248,1
3091,278891,0,100,0.05,0.00039842635804234307,0
3092,278991,0,100,0.05,0.00032271211079205387,0
3093,279091,0,100,0.05,0.00035794746989267876,0
3094,279191,0,100,0.05,0.00036991404038417387,0
3095,279291,0,100,0.05,0.00032234934695225093,0
3096,279391,0,100,0.05,0.00034157514208345676,0
3097,279491,0,100,0.05,0.0003909946437124745,0
3098,279591,0,100,0.05,0.0003701225586337387,0
3099,279691,0,100,0.05,0.0003531918859880534,0
3100,279791,0,100,0.05,0.0003494737391883973,0
3101,279891,0.09999999999999998,100,0.05,0.0003345009751137695,1
3102,279991,0,100,0.05,0.00037811980029800907,0
3103,280091,0,100,0.05,0.0003939028199238237,0
3104,280191,0,100,0.05,0.0003677853705084999,0
3105,280291,0,100,0.05,0.0003482512201662757,0
3106,280391,0,100,0.05,0.00034769225734635254,0
3107,280393,0.982,2,0.05,0.0002744943922152743,1
3108,280493,0,100,0.05,0.00038339252001605927,0
3109,280593,0,100,0.05,0.00039674897598160894,0
3110,280693,0,100,0.05,0.0004041606782993767,0
3111,280793,0,100,0.05,0.0003593977449054364,0
3112,280893,0,100,0.05,0.0003607074024694157,0
3113,280993,0,100,0.05,0.0003242892386697349,0
3114,281093,0,100,0.05,0.00035219390734710033,0
3115,281193,0,100,0.05,0.00032526932343898804,0
3116,281202,0.919,9,0.05,0.00029345497912597947,1
3117,281302,0,100,0.05,0.00034373294125543906,0
3118,281303,0.991,1,0.05,0.00013215022045187652,1
3119,281403,0,100,0.05,0.0003643642703536898,0
3120,281428,0.775,25,0.05,0.000383553933352232,1
3121,281444,0.856,16,0.05,0.0003857125666399952,1
3122,281500,0.4959999999999999,56,0.05,0.000317795236956694,1
3123,281600,0,100,0.05,0.00035959197535703427,0
3124,281700,0,100,0.05,0.00040314967791346137,0
3125,281800,0,100,0.05,0.00038030963012715803,0
3126,281900,0,100,0.05,0.00034474502466764535,0
3127,281924,0.784,24,0.05,0.0003455623591435142,1
3128,282024,0,100,0.05,0.00036912308756654967,0
3129,282124,0,100,0.05,0.0003466973746981239,0
3130,282175,0.5409999999999999,51,0.05,0.0003444692224815406,1
3131,282230,0.5049999999999999,55,0.05,0.00032311258930183776,1
3132,282330,0,100,0.05,0.00032892845758397015,0
3133,282430,0,100,0.05,0.0003548173151284573,0
3134,282468,0.6579999999999999,38,0.05,0.0003385132481765284,1
3135,282568,0,100,0.05,0.0003327267215354368,0
3136,282668,0,100,0.05,0.0003655184950912371,0
3137,282768,0,100,0.05,0.00033218536627828145,0
3138,282769,0.991,1,0.05,0.0005971126374788582,1
3139,282869,0,100,0.05,0.0004053950419620378,0
3140,282969,0,100,0.05,0.00030632775047706673,0
3141,283069,0,100,0.05,0.00035127707884385017,0
3142,283169,0,100,0.05,0.0003638048889115453,0
3143,283269,0,100,0.05,0.0004019617899757577,0
3144,283369,0,100,0.05,0.00040477083926816705,0
3145,283469,0,100,0.05,0.0003732930003025103,0
3146,283569,0,100,0.05,0.0003145148468320258,0
3147,283669,0,100,0.05,0.0003463476969409385,0
3148,283769,0,100,0.05,0.0003847776220936794,0
3149,283869,0,100,0.05,0.0003805724683115841,0
3150,283959,0.18999999999999995,90,0.05,0.000344656314377466,1
3151,284059,0,100,0.05,0.0003571012445900124,0
3152,284159,0,100,0.05,0.00032260424279229483,0
3153,284231,0.352,72,0.05,0.0003133582637625902,1
3154,284331,0,100,0.05,0.00036222624195943355,0
3155,284353,0.802,22,0.05,0.00043008872903142634,1
3156,284453,0,100,0.05,0.00036164679391731625,0
3157,284546,0.16299999999999992,93,0.05,0.0003227345808823806,1
3158,284646,0,100,0.05,0.0003251177010679385,0
3159,284746,0,100,0.05,0.0003789972490267246,0
3160,284846,0,100,0.05,0.0003546950219606515,0
3161,284946,0,100,0.05,0.00034131844773583,0
3162,285046,0,100,0.05,0.00033625738229602574,0
3163,285146,0,100,0.05,0.0003429139610852872,0
3164,285246,0,100,0.05,0.0003794482915691333,0
3165,285346,0,100,0.05,0.00032951397115539295,0
3166,285446,0,100,0.05,0.00037120503202459076,0
3167,285546,0,100,0.05,0.00037887590060563524,0
3168,285646,0,100,0.05,0.0003387461394959246,0
3169,285746,0,100,0.05,0.00036389871951541863,0
3170,285846,0,100,0.05,0.00036521751957479864,0
3171,285946,0,100,0.05,0.00038574180605792206,0
3172,285958,0.892,12,0.05,0.0003252165042795241,1
3173,286058,0,100,0.05,0.0003497007685655262,0
3174,286110,0.532,52,0.05,0.00036717325712323567,1
3175,286210,0,100,0.05,0.0003789429197604477,0
3176,286310,0,100,0.05,0.00035302945992953026,0
3177,286410,0,100,0.05,0.00035843019119056405,0
3178,286510,0,100,0.05,0.00032280127623380395,0
3179,286512,0.982,2,0.05,0.00020140478591201827,1
3180,286535,0.7929999999999999,23,0.05,0.00031128103981482917,1
3181,286635,0,100,0.05,0.0003620186460102559,0
3182,286735,0,100,0.05,0.00034426273940880493,0
3183,286823,0.20799999999999996,88,0.05,0.00031291778257334295,1
3184,286923,0,100,0.05,0.00034549469026387667,0
3185,287023,0,100,0.05,0.00034047463843307925,0
3186,287059,0.6759999999999999,36,0.05,0.0003034547245180066,1
3187,287159,0,100,0.05,0.0003527099088023533,0
3188,287259,0,100,0.05,0.00035101015699183334,0
3189,287359,0,100,0.05,0.0003230690854252316,0
3190,287459,0,100,0.05,0.0003150053285207832,0
3191,287559,0,100,0.05,0.0003176862814871129,0
3192,287612,0.5229999999999999,53,0.05,0.00034520920667520567,1
3193,287662,0.55,50,0.05,0.00032224799098912627,1
3194,287762,0,100,0.05,0.00032322387007297946,0
3195,287862,0,100,0.05,0.00033593870568438434,0
3196,287962,0,100,0.05,0.0003242136577864585,0
3197,288062,0,100,0.05,0.00034978329945261065,0
3198,288086,0.784,24,0.05,0.0003804923295926225,1
3199,288186,0,100,0.05,0.0003200342374657339,0
3200,288286,0,100,0.05,0.00033141855547000885,0
3201,288386,0,100,0.05,0.00035573500033933667,0
3202,288486,0,100,0.05,0.0003383335027319845,0
3203,288542,0.4959999999999999,56,0.05,0.0003247297721437852,1
3204,288642,0,100,0.05,0.0003244883407751331,0
3205,288742,0,100,0.05,0.0003267476399196312,0
3206,288842,0,100,0.05,0.0003389406234418857,0
3207,288942,0,100,0.05,0.000344098875830241,0
3208,289042,0,100,0.05,0.000376913135551149,0
3209,289142,0,100,0.05,0.00031388731389597524,0
3210,289242,0,100,0.05,0.00038679160148603843,0
3211,289342,0,100,0.05,0.00028293754116020864,0
3212,289442,0,100,0.05,0.00034493503324483754,0
3213,289542,0,100,0.05,0.0003404239402152598,0
3214,289642,0,100,0.05,0.0003139602972078137,0
3215,289677,0.685,35,0.05,0.0003761597684518035,1
3216,289777,0,100,0.05,0.00029089480805851055,0
3217,289841,0.42399999999999993,64,0.05,0.00030721142394440903,1
3218,289941,0,100,0.05,0.0003647042367811082,0
3219,290041,0,100,0.05,0.00034667771531530887,0
3220,290135,0.15400000000000003,94,0.05,0.0003308163134708129,1
3221,290235,0,100,0.05,0.00031431016395799816,0
3222,290335,0,100,0.05,0.00034300945175345986,0
3223,290435,0,100,0.05,0.00030411557945626556,0
3224,290535,0,100,0.05,0.0003331479678308824,0
3225,290562,0.757,27,0.05,0.00037211541617849706,1
3226,290587,0.775,25,0.05,0.0003616621857509017,1
3227,290687,0,100,0.05,0.0003392602429448743,0
3228,290787,0,100,0.05,0.00032316829841875003,0
3229,290815,0.748,28,0.05,0.0003238209220788641,1
3230,290915,0,100,0.05,0.00036605694178433625,0
3231,290954,0.649,39,0.05,0.0003576910099722087,1
3232,291054,0,100,0.05,0.00034280921583558667,0
3233,291154,0,100,0.05,0.00031768610926519614,0
3234,291254,0,100,0.05,0.0004020426397983101,0
3235,291258,0.964,4,0.05,0.00026856893236981705,1
3236,291358,0,100,0.05,0.00037650565787771483,0
3237,291362,0.964,4,0.05,0.00016448209680675063,1
3238,291383,0.8109999999999999,21,0.05,0.0003680650988826528,1
3239,291483,0,100,0.05,0.00037856510709389113,0
3240,291583,0,100,0.05,0.0003585073623253265,0
3241,291683,0,100,0.05,0.0003274234681703092,0
3242,291783,0,100,0.05,0.000348363958128175,0
3243,291883,0,100,0.05,0.00037764300919661763,0
3244,291983,0,100,0.05,0.00032072077967313815,0
3245,291995,0.892,12,0.05,0.0001814471246082879,1
3246,292095,0,100,0.05,0.0003435164949769387,0
3247,292195,0,100,0.05,0.0003429972197773168,0
3248,292201,0.946,6,0.05,0.0004228566588911538,1
3249,292301,0,100,0.05,0.0003619977430207655,0
3250,292401,0,100,0.05,0.0003112561474881659,0
3251,292501,0,100,0.05,0.0003158145038469229,0
3252,292601,0,100,0.05,0.00030584974996600067,0
3253,292701,0,100,0.05,0.00037959115386911437,0
3254,292801,0,100,0.05,0.00037945255449812977,0
3255,292901,0,100,0.05,0.0003410471976530971,0
3256,293001,0,100,0.05,0.0003482189458736684,0
3257,293101,0,100,0.05,0.00031531049833574795,0
3258,293201,0,100,0.05,0.00034114461443095933,0
3259,293301,0,100,0.05,0.00033507346917758694,0
3260,293401,0,100,0.05,0.000303445655554242,0
3261,293501,0,100,0.05,0.00033757128519937393,0
3262,293601,0,100,0.05,0.0003107661080139223,0
3263,293701,0,100,0.05,0.0002975048447115114,0
3264,293756,0.5049999999999999,55,0.05,0.0003586692333390767,1
3265,293767,0.901,11,0.05,0.00029291169233726,1
3266,293867,0,100,0.05,0.0003166682264054543,0
3267,293914,0.577,47,0.05,0.00030666980293314367,1
3268,294014,0,100,0.05,0.00035849640138621905,0
3269,294114,0,100,0.05,0.0003369189125078265,0
3270,294179,0.4149999999999999,65,0.05,0.00033502021872734006,1
3271,294279,0,100,0.05,0.0003271488802784006,0
3272,294291,0.892,12,0.05,0.00037992616368380067,1
3273,294391,0,100,0.05,0.00032112980170495575,0
3274,294491,0,100,0.05,0.00034176284432760437,0
3275,294591,0,100,0.05,0.0003374110990262125,0
3276,294593,0.982,2,0.05,0.000346935230481904,1
3277,294635,0.622,42,0.05,0.00040210717660167053,1
3278,294735,0,100,0.05,0.0003426095293980325,0
3279,294835,0,100,0.05,0.00034274434779945294,0
3280,294935,0,100,0.05,0.000352435466083989,0
3281,295035,0,100,0.05,0.0003217420910732471,0
3282,295135,0,100,0.05,0.0003611786254623439,0
3283,295235,0,100,0.05,0.000326041956723202,0
3284,295247,0.892,12,0.05,0.0003128320034496331,1
3285,295347,0,100,0.05,0.00032102215129270917,0
3286,295447,0,100,0.05,0.0003203500212475774,0
3287,295547,0,100,0.05,0.0003593323574750684,0
3288,295578,0.721,31,0.05,0.0004985414195670596,1
3289,295678,0,100,0.05,0.00037114953189302467,0
3290,295778,0,100,0.05,0.00034120231226552277,0
3291,295878,0,100,0.05,0.00037014396981248864,0
3292,295957,0.2889999999999999,79,0.05,0.00034269787707510464,1
3293,296015,0.478,58,0.05,0.00036495554590585706,1
3294,296049,0.694,34,0.05,0.00041392556950621144,1
3295,296149,0,100,0.05,0.0003290971537717269,0
3296,296249,0,100,0.05,0.00033387460018275306,0
3297,296349,0,100,0.05,0.00034322661558690016,0
3298,296449,0,100,0.05,0.00037716071186878254,0
3299,296549,0,100,0.05,0.00033638339107710635,0
3300,296649,0,100,0.05,0.0003112984429208154,0
3301,296733,0.244,84,0.05,0.00030870937257532205,1
3302,296833,0,100,0.05,0.00035248031810624524,0
3303,296933,0,100,0.05,0.00036249980483262336,0
3304,297033,0,100,0.05,0.00033713344510033494,0
3305,297133,0,100,0.05,0.00032069353790575405,0
3306,297144,0.901,11,0.05,0.000428966061339121,1
3307,297244,0,100,0.05,0.0003178811211546417,0
3308,297344,0,100,0.05,0.0003379750698513817,0
3309,297444,0,100,0.05,0.00034168411177233794,0
3310,297544,0,100,0.05,0.00033096877850766757,0
3311,297644,0,100,0.05,0.00032020097161876036,0
3312,297690,0.586,46,0.05,0.0002786163141022173,1
3313,297790,0,100,0.05,0.00031798889873243754,0
3314,297890,0,100,0.05,0.00029338043537791237,0
3315,297990,0,100,0.05,0.00033789928387705,0
3316,298090,0,100,0.05,0.0003399235769029474,0
3317,298190,0,100,0.05,0.00036545100458170056,0
3318,298290,0,100,0.05,0.00034803105856553887,0
3319,298390,0,100,0.05,0.0003563607363503252,0
3320,298434,0.604,44,0.05,0.00031397096228664105,1
3321,298461,0.757,27,0.05,0.00036338605342381116,1
3322,298520,0.469,59,0.05,0.00034597441302494034,1
3323,298620,0,100,0.05,0.00034365153880571597,0
3324,298698,0.29799999999999993,78,0.05,0.000345250599984399,1
3325,298798,0,100,0.05,0.00031832454083087215,0
3326,298898,0,100,0.05,0.0003527914623191464,0
3327,298998,0,100,0.05,0.0003292041922486533,0
3328,299098,0,100,0.05,0.0003517682211531792,0
3329,299198,0,100,0.05,0.000335127511061728,0
3330,299213,0.865,15,0.05,0.0002556527756193342,1
3331,299313,0,100,0.05,0.0003065326959040249,0
3332,299406,0.16299999999999992,93,0.05,0.00030886732483556827,1
3333,299416,0.91,10,0.05,0.00036134336078248453,1
3334,299516,0,100,0.05,0.00037033652282843834,0
3335,299616,0,100,0.05,0.0003613985965057509,0
3336,299716,0,100,0.05,0.0003254968557666871,0
3337,299816,0,100,0.05,0.00030480571036605396,0
3338,299916,0,100,0.05,0.00030851160063321,0
3339,299953,0.667,37,0.05,0.00028857348051796844,1
3340,300000,0,47,0.05,0.0003877687856228031,0
