episode,frames,episode_reward,episode_len,epsilon,loss,success
1,100,0,100,0.9994722222222222,0.00013186794899750688,0
2,120,0.82,20,0.9993666666666666,9.55688085014117e-05,1
3,220,0,100,0.9988388888888889,0.0029548624292874593,0
4,320,0,100,0.9983111111111111,0.00026283956913175643,0
5,420,0,100,0.9977833333333334,0.0001089370443878579,0
6,520,0,100,0.9972555555555556,9.380456889630295e-05,0
7,620,0,100,0.9967277777777778,9.2348229700292e-05,0
8,720,0,100,0.9962,4.8752956308817376e-05,0
9,820,0,100,0.9956722222222222,0.0001006533311738167,0
10,920,0,100,0.9951444444444445,4.820218175154878e-05,0
11,1020,0,100,0.9946166666666667,0.0003714661817139131,0
12,1120,0,100,0.9940888888888889,0.0010610190219449579,0
13,1220,0,100,0.9935611111111111,0.000280969933301094,0
14,1320,0,100,0.9930333333333333,0.0001509308837194112,0
15,1420,0,100,0.9925055555555555,7.462528050382389e-05,0
16,1520,0,100,0.9919777777777777,5.869021500984673e-05,0
17,1620,0,100,0.99145,5.8257526843590314e-05,0
18,1720,0,100,0.9909222222222223,4.6397202877415113e-05,0
19,1820,0,100,0.9903944444444445,6.338496407806815e-05,0
20,1837,0.847,17,0.9903047222222222,3.472510765919544e-05,1
21,1937,0,100,0.9897769444444444,0.000478603264909907,0
22,2037,0,100,0.9892491666666666,0.0010174759558685765,0
23,2137,0,100,0.9887213888888889,0.0010428194369887934,0
24,2237,0,100,0.9881936111111111,0.0004946797947923187,0
25,2337,0,100,0.9876658333333334,0.00035578207178332377,0
26,2437,0,100,0.9871380555555556,0.00023071095874911408,0
27,2537,0,100,0.9866102777777778,0.00012089052415831247,0
28,2570,0.703,33,0.9864361111111111,9.791834340968776e-05,1
29,2670,0,100,0.9859083333333334,0.00041815836248133565,0
30,2770,0,100,0.9853805555555556,0.0006617974887194578,0
31,2870,0,100,0.9848527777777778,0.0002187007452812395,0
32,2970,0,100,0.984325,0.00030047169700992527,0
33,3070,0,100,0.9837972222222222,0.0010016796894706205,0
34,3170,0,100,0.9832694444444444,0.000970141241705278,0
35,3270,0,100,0.9827416666666666,0.000885827476013219,0
36,3367,0.127,97,0.9822297222222223,0.0004388924763710766,1
37,3433,0.4059999999999999,66,0.9818813888888889,0.0003241052046095402,1
38,3533,0,100,0.9813536111111111,0.0003533281660202192,0
39,3633,0,100,0.9808258333333333,0.0002645815967116505,0
40,3733,0,100,0.9802980555555556,0.00024437594878691017,0
41,3833,0,100,0.9797702777777778,0.00024499819777702215,0
42,3921,0.20799999999999996,88,0.9793058333333333,0.00017615372185404837,1
43,4021,0,100,0.9787780555555555,0.0002472476035472937,0
44,4121,0,100,0.9782502777777777,0.0010958464146824554,0
45,4221,0,100,0.9777225,0.0006677540977398167,0
46,4243,0.802,22,0.9776063888888888,0.0006220464797066102,1
47,4343,0,100,0.9770786111111112,0.0008679806842701509,0
48,4443,0,100,0.9765508333333334,0.0004315139755635755,0
49,4543,0,100,0.9760230555555556,0.0004924643090635073,0
50,4643,0,100,0.9754952777777778,0.0005346968187950552,0
51,4743,0,100,0.9749675,0.0002677458294783719,0
52,4843,0,100,0.9744397222222222,0.00042127788219659124,0
53,4943,0,100,0.9739119444444444,0.00024600037395430265,0
54,5043,0,100,0.9733841666666667,0.0008951202173921047,0
55,5143,0,100,0.9728563888888889,0.0006580601951282006,0
56,5243,0,100,0.9723286111111111,0.0008208047015068587,0
57,5343,0,100,0.9718008333333333,0.0006008082433254458,0
58,5443,0,100,0.9712730555555555,0.0005672731621598359,0
59,5543,0,100,0.9707452777777777,0.0003929281457385514,0
60,5643,0,100,0.9702175,0.0004290377682627877,0
61,5645,0.982,2,0.9702069444444444,0.0006953181000426412,1
62,5745,0,100,0.9696791666666666,0.0003953382570762187,0
63,5845,0,100,0.9691513888888889,0.0008613716066611232,0
64,5945,0,100,0.9686236111111111,0.000517900122285937,0
65,6045,0,100,0.9680958333333334,0.0007106554406345822,0
66,6145,0,100,0.9675680555555556,0.0009523260178684723,0
67,6245,0,100,0.9670402777777778,0.000717698106309399,0
68,6345,0,100,0.9665125,0.0005584054040082265,0
69,6445,0,100,0.9659847222222222,0.0006190291486564092,0
70,6545,0,100,0.9654569444444444,0.0005000418139388784,0
71,6645,0,100,0.9649291666666666,0.00043733398742915595,0
72,6745,0,100,0.9644013888888889,0.0004640932434267597,0
73,6845,0,100,0.9638736111111111,0.0004159827261173632,0
74,6945,0,100,0.9633458333333333,0.00041326066173496656,0
75,7045,0,100,0.9628180555555556,0.0007505387652054197,0
76,7145,0,100,0.9622902777777778,0.0007873875051154756,0
77,7245,0,100,0.9617625,0.0005784408948966302,0
78,7345,0,100,0.9612347222222222,0.00048496455608983526,0
79,7445,0,100,0.9607069444444445,0.0005739492279826663,0
80,7545,0,100,0.9601791666666667,0.0005244411721650977,0
81,7645,0,100,0.9596513888888889,0.00047233698081981855,0
82,7745,0,100,0.9591236111111111,0.0004275437748583499,0
83,7845,0,100,0.9585958333333333,0.0003178274296806194,0
84,7896,0.5409999999999999,51,0.9583266666666667,0.00028552572692598345,1
85,7996,0,100,0.9577988888888889,0.00030042800935916605,0
86,8096,0,100,0.9572711111111111,0.0008552688050258439,0
87,8196,0,100,0.9567433333333333,0.0006699022953398526,0
88,8296,0,100,0.9562155555555556,0.0005547571716306265,0
89,8396,0,100,0.9556877777777778,0.0004950054106302559,0
90,8496,0,100,0.95516,0.0004413934652984608,0
91,8596,0,100,0.9546322222222222,0.00042828054414712825,0
92,8601,0.955,5,0.9546058333333334,0.0003498037694953382,1
93,8701,0,100,0.9540780555555556,0.0005516684645408532,0
94,8801,0,100,0.9535502777777778,0.00042839755216846244,0
95,8901,0,100,0.9530225,0.0004894889790011803,0
96,9001,0,100,0.9524947222222222,0.0006903835621051257,0
97,9101,0,100,0.9519669444444444,0.0008081197462161072,0
98,9175,0.33399999999999996,74,0.9515763888888888,0.0007612347269330073,1
99,9236,0.45099999999999996,61,0.9512544444444444,0.000694089238035691,1
100,9336,0,100,0.9507266666666667,0.0005459803339908831,0
101,9436,0,100,0.9501988888888889,0.0005121158495603595,0
102,9536,0,100,0.9496711111111111,0.00045109587539627683,0
103,9636,0,100,0.9491433333333333,0.00045078121976985133,0
104,9736,0,100,0.9486155555555555,0.00039688885961368213,0
105,9836,0,100,0.9480877777777778,0.0003496888960944489,0
106,9936,0,100,0.94756,0.00037792581068060824,0
107,10036,0,100,0.9470322222222223,0.0004755156399187399,0
108,10041,0.955,5,0.9470058333333333,0.00047899640048854053,1
109,10141,0,100,0.9464780555555555,0.0006720832103746943,0
110,10241,0,100,0.9459502777777777,0.0006267441796080675,0
111,10341,0,100,0.9454225,0.0007311579752422403,0
112,10441,0,100,0.9448947222222223,0.0007340939350251575,0
113,10541,0,100,0.9443669444444445,0.000616446779895341,0
114,10641,0,100,0.9438391666666667,0.0006251909302955028,0
115,10741,0,100,0.9433113888888889,0.0004563892062287778,0
116,10841,0,100,0.9427836111111111,0.00047307147877290846,0
117,10941,0,100,0.9422558333333333,0.0004522520240425365,0
118,11041,0,100,0.9417280555555556,0.0006015907209075521,0
119,11141,0,100,0.9412002777777778,0.0009735952276969329,0
120,11241,0,100,0.9406725,0.0007959286162804347,0
121,11341,0,100,0.9401447222222222,0.0006489695337950252,0
122,11441,0,100,0.9396169444444444,0.0006363227817928419,0
123,11541,0,100,0.9390891666666666,0.000515777299151523,0
124,11641,0,100,0.9385613888888888,0.000552091214194661,0
125,11741,0,100,0.9380336111111112,0.0004113331850385293,0
126,11767,0.766,26,0.9378963888888889,0.00041598176679914247,1
127,11867,0,100,0.9373686111111111,0.000602741865295684,0
128,11967,0,100,0.9368408333333333,0.0004478429991286248,0
129,12067,0,100,0.9363130555555556,0.0008468163220095448,0
130,12167,0,100,0.9357852777777778,0.0007510709617054089,0
131,12267,0,100,0.9352575,0.0007216322349268011,0
132,12367,0,100,0.9347297222222222,0.0006438893379527145,0
133,12467,0,100,0.9342019444444445,0.000564649768784875,0
134,12567,0,100,0.9336741666666667,0.0005693929431436118,0
135,12667,0,100,0.9331463888888889,0.0005727578303776681,0
136,12767,0,100,0.9326186111111111,0.00042352232499979434,0
137,12867,0,100,0.9320908333333333,0.0006489895052800421,0
138,12967,0,100,0.9315630555555555,0.0006488525803433731,0
139,13067,0,100,0.9310352777777777,0.0006690176867414266,0
140,13152,0.235,85,0.9305866666666667,0.0007358827600803446,1
141,13167,0.865,15,0.9305075,0.0006080140757452076,1
142,13267,0,100,0.9299797222222222,0.0008403946863836609,0
143,13367,0,100,0.9294519444444445,0.0007042999735858757,0
144,13467,0,100,0.9289241666666667,0.0006232957018073648,0
145,13567,0,100,0.9283963888888889,0.0005856709189538379,0
146,13667,0,100,0.9278686111111111,0.0007855204422958195,0
147,13767,0,100,0.9273408333333333,0.0006003221229184418,0
148,13867,0,100,0.9268130555555556,0.0004767318190715741,0
149,13967,0,100,0.9262852777777778,0.0005838883681281004,0
150,14067,0,100,0.9257575,0.0006188388617010787,0
151,14167,0,100,0.9252297222222222,0.0006113491427095141,0
152,14267,0,100,0.9247019444444444,0.0006780264615372289,0
153,14367,0,100,0.9241741666666666,0.0006754488525621127,0
154,14467,0,100,0.9236463888888888,0.0006068594638782088,0
155,14567,0,100,0.9231186111111112,0.000637904008035548,0
156,14667,0,100,0.9225908333333334,0.000605394827289274,0
157,14767,0,100,0.9220630555555556,0.0005919422811712138,0
158,14867,0,100,0.9215352777777778,0.0005639445780252572,0
159,14967,0,100,0.9210075,0.0006946150025760289,0
160,15067,0,100,0.9204797222222222,0.0007205453822098207,0
161,15167,0,100,0.9199519444444444,0.0006828222436888609,0
162,15267,0,100,0.9194241666666667,0.0007861227326793597,0
163,15367,0,100,0.9188963888888889,0.0007209353084908798,0
164,15467,0,100,0.9183686111111111,0.0007697670270863455,0
165,15567,0,100,0.9178408333333333,0.0006374047604913358,0
166,15667,0,100,0.9173130555555555,0.0006857716954255011,0
167,15767,0,100,0.9167852777777777,0.0006017305146087893,0
168,15867,0,100,0.9162575,0.0005733897461323068,0
169,15967,0,100,0.9157297222222223,0.0005873584523214959,0
170,16067,0,100,0.9152019444444445,0.0006906880927272141,0
171,16167,0,100,0.9146741666666667,0.0007831179469940252,0
172,16267,0,100,0.9141463888888889,0.0007182290955097414,0
173,16367,0,100,0.9136186111111111,0.0007127903660875745,0
174,16467,0,100,0.9130908333333333,0.0007501038548070937,0
175,16567,0,100,0.9125630555555555,0.0006384528827038594,0
176,16667,0,100,0.9120352777777778,0.0008960331810521894,0
177,16767,0,100,0.9115075,0.000638338892313186,0
178,16867,0,100,0.9109797222222222,0.0006289813733019401,0
179,16967,0,100,0.9104519444444444,0.0005439462368667592,0
180,17067,0,100,0.9099241666666666,0.0008174758104723878,0
181,17167,0,100,0.9093963888888889,0.0007620770647190511,0
182,17267,0,100,0.9088686111111111,0.000741183759237174,0
183,17367,0,100,0.9083408333333334,0.0008042347163427622,0
184,17467,0,100,0.9078130555555556,0.0007954906775557902,0
185,17567,0,100,0.9072852777777778,0.0006633244265685789,0
186,17667,0,100,0.9067575,0.0006913186080055311,0
187,17767,0,100,0.9062297222222222,0.0006797132865176537,0
188,17867,0,100,0.9057019444444444,0.0005235152897512307,0
189,17967,0,100,0.9051741666666666,0.0005410498271521646,0
190,18067,0,100,0.9046463888888889,0.0007329024591308553,0
191,18167,0,100,0.9041186111111111,0.0007777228725899477,0
192,18267,0,100,0.9035908333333333,0.0007776334573281929,0
193,18367,0,100,0.9030630555555555,0.0007133790080843027,0
194,18467,0,100,0.9025352777777778,0.0007116495461377781,0
195,18567,0,100,0.9020075,0.0006317835177469533,0
196,18667,0,100,0.9014797222222223,0.0006901710941747297,0
197,18767,0,100,0.9009519444444445,0.0006080094518256374,0
198,18867,0,100,0.9004241666666667,0.0007305779479793272,0
199,18967,0,100,0.8998963888888889,0.0005970496882218867,0
200,19067,0,100,0.8993686111111111,0.0006647833205352072,0
201,19112,0.595,45,0.8991311111111111,0.0006590109845597504,1
202,19212,0,100,0.8986033333333333,0.0009151830538758076,0
203,19312,0,100,0.8980755555555555,0.0007783179671969264,0
204,19412,0,100,0.8975477777777778,0.0007842135887767654,0
205,19512,0,100,0.89702,0.0007384378604183439,0
206,19612,0,100,0.8964922222222222,0.0006590057909488678,0
207,19712,0,100,0.8959644444444445,0.0006588970229495317,0
208,19812,0,100,0.8954366666666667,0.000756631258991547,0
209,19912,0,100,0.8949088888888889,0.0007032148483267519,0
210,19942,0.73,30,0.8947505555555555,0.0005832349037518725,1
211,20042,0,100,0.8942227777777778,0.0007154103722859873,0
212,20142,0,100,0.893695,0.0009168370185943786,0
213,20242,0,100,0.8931672222222222,0.0009725145602715202,0
214,20342,0,100,0.8926394444444444,0.0008237998739059549,0
215,20442,0,100,0.8921116666666666,0.000775365949521074,0
216,20542,0,100,0.891583888888889,0.0007563635169935878,0
217,20642,0,100,0.8910561111111112,0.0007587038120254874,0
218,20742,0,100,0.8905283333333334,0.0007620649575255811,0
219,20842,0,100,0.8900005555555556,0.0006486017390852794,0
220,20942,0,100,0.8894727777777778,0.0007295693727792241,0
221,21042,0,100,0.888945,0.0007923195094917901,0
222,21142,0,100,0.8884172222222222,0.000869528108596569,0
223,21242,0,100,0.8878894444444445,0.0008755647763609886,0
224,21273,0.721,31,0.8877258333333333,0.0011090110525518895,1
225,21373,0,100,0.8871980555555555,0.001062931779306382,0
226,21473,0,100,0.8866702777777777,0.0009329095487191808,0
227,21573,0,100,0.8861425,0.0007442038027511443,0
228,21673,0,100,0.8856147222222223,0.0007077470276271924,0
229,21773,0,100,0.8850869444444445,0.0006381176973809488,0
230,21873,0,100,0.8845591666666667,0.0007039989053737372,0
231,21973,0,100,0.8840313888888889,0.0006863103974319529,0
232,22073,0,100,0.8835036111111111,0.0009500289929565042,0
233,22173,0,100,0.8829758333333333,0.0009283080758177675,0
234,22273,0,100,0.8824480555555556,0.0009882907805149443,0
235,22373,0,100,0.8819202777777778,0.0009058424628165084,0
236,22473,0,100,0.8813925,0.0008443820237880573,0
237,22573,0,100,0.8808647222222222,0.0007225400082825217,0
238,22673,0,100,0.8803369444444444,0.000883868042146787,0
239,22773,0,100,0.8798091666666666,0.0007512494425463956,0
240,22873,0,100,0.8792813888888888,0.0007020263619779143,0
241,22973,0,100,0.8787536111111112,0.0007795147981960326,0
242,23073,0,100,0.8782258333333334,0.0008038776856847108,0
243,23173,0,100,0.8776980555555556,0.0009395697034779005,0
244,23203,0.73,30,0.8775397222222222,0.000891068688846038,1
245,23303,0,100,0.8770119444444444,0.0012202746857656165,0
246,23403,0,100,0.8764841666666667,0.0008746599467121996,0
247,23503,0,100,0.8759563888888889,0.0010579493449768052,0
248,23603,0,100,0.8754286111111111,0.0008284262039524037,0
249,23703,0,100,0.8749008333333333,0.0008414757487480529,0
250,23803,0,100,0.8743730555555556,0.000853395705926232,0
251,23903,0,100,0.8738452777777778,0.0008718849363503978,0
252,24003,0,100,0.8733175,0.0008453163017111365,0
253,24103,0,100,0.8727897222222223,0.0009626258467324078,0
254,24203,0,100,0.8722619444444444,0.0009416749957017601,0
255,24303,0,100,0.8717341666666667,0.0008407173430896364,0
256,24403,0,100,0.8712063888888889,0.0009007451884099283,0
257,24503,0,100,0.8706786111111111,0.0008609679245273582,0
258,24603,0,100,0.8701508333333333,0.0008186479841242545,0
259,24703,0,100,0.8696230555555555,0.000877599793166155,0
260,24803,0,100,0.8690952777777778,0.0008463791763642802,0
261,24903,0,100,0.8685674999999999,0.0008752791128063109,0
262,25003,0,100,0.8680397222222223,0.0008121184415358585,0
263,25103,0,100,0.8675119444444445,0.0011262221561628395,0
264,25203,0,100,0.8669841666666667,0.001159561869862955,0
265,25303,0,100,0.8664563888888889,0.0010823750475537964,0
266,25403,0,100,0.8659286111111111,0.0010510868349228985,0
267,25503,0,100,0.8654008333333334,0.0011408700484025758,0
268,25603,0,100,0.8648730555555556,0.0008547182366601191,0
269,25703,0,100,0.8643452777777778,0.0009144699569151271,0
270,25803,0,100,0.8638175,0.000920234377408633,0
271,25903,0,100,0.8632897222222222,0.0007793814243632368,0
272,26003,0,100,0.8627619444444444,0.0009001469626673497,0
273,26103,0,100,0.8622341666666666,0.0009938293482991867,0
274,26203,0,100,0.861706388888889,0.0010906664526555687,0
275,26225,0.802,22,0.8615902777777777,0.0012967170451619577,1
276,26325,0,100,0.8610625000000001,0.0007887273085361812,0
277,26425,0,100,0.8605347222222223,0.0008332229175721295,0
278,26525,0,100,0.8600069444444445,0.0008763802144676447,0
279,26625,0,100,0.8594791666666667,0.0010667974679381587,0
280,26725,0,100,0.8589513888888889,0.0008161469267361099,0
281,26825,0,100,0.8584236111111111,0.0008584808192972559,0
282,26925,0,100,0.8578958333333333,0.0009346203539462295,0
283,27025,0,100,0.8573680555555556,0.000935684968426358,0
284,27125,0,100,0.8568402777777778,0.0011044497854891234,0
285,27225,0,100,0.8563125,0.0010251269632135518,0
286,27325,0,100,0.8557847222222222,0.0011320949354558252,0
287,27425,0,100,0.8552569444444444,0.0008457433519652114,0
288,27525,0,100,0.8547291666666667,0.0008746405548299662,0
289,27625,0,100,0.8542013888888889,0.001139601469039917,0
290,27725,0,100,0.8536736111111111,0.0008989486712380312,0
291,27825,0,100,0.8531458333333334,0.0009311245856224559,0
292,27925,0,100,0.8526180555555556,0.0010567958463798277,0
293,28021,0.136,96,0.8521113888888889,0.00084021193136626,1
294,28121,0,100,0.8515836111111111,0.0009462866593094077,0
295,28126,0.955,5,0.8515572222222222,0.0010900402558036149,1
296,28226,0,100,0.8510294444444444,0.0010761765495408326,0
297,28326,0,100,0.8505016666666667,0.000997701800079085,0
298,28426,0,100,0.8499738888888889,0.0011926242901245132,0
299,28502,0.31599999999999995,76,0.8495727777777777,0.0010099761612333456,1
300,28602,0,100,0.849045,0.0011044513435626868,0
301,28702,0,100,0.8485172222222223,0.001130367544537876,0
302,28770,0.3879999999999999,68,0.8481583333333333,0.0010058365091133643,1
303,28870,0,100,0.8476305555555556,0.0010875815816689283,0
304,28970,0,100,0.8471027777777778,0.001036409710359294,0
305,29070,0,100,0.846575,0.0009221731530851684,0
306,29170,0,100,0.8460472222222222,0.0010902077984064817,0
307,29270,0,100,0.8455194444444445,0.0009922070257016458,0
308,29370,0,100,0.8449916666666667,0.0011965229923953302,0
309,29470,0,100,0.8444638888888889,0.0009365697253088002,0
310,29564,0.15400000000000003,94,0.8439677777777778,0.0011145773317734215,1
311,29664,0,100,0.84344,0.0010538817159249448,0
312,29764,0,100,0.8429122222222223,0.0012580467379302719,0
313,29864,0,100,0.8423844444444444,0.0009962623780302238,0
314,29964,0,100,0.8418566666666667,0.0009509824366250541,0
315,30064,0,100,0.8413288888888889,0.0009392843967361841,0
316,30164,0,100,0.8408011111111111,0.0009955494849418756,0
317,30264,0,100,0.8402733333333333,0.0009845785480865742,0
318,30364,0,100,0.8397455555555555,0.0010297030198853463,0
319,30464,0,100,0.8392177777777778,0.0010100099659757689,0
320,30564,0,100,0.8386899999999999,0.0009999487458844669,0
321,30664,0,100,0.8381622222222223,0.001053661584155634,0
322,30764,0,100,0.8376344444444445,0.0009130931527761277,0
323,30864,0,100,0.8371066666666667,0.0009655261115403845,0
324,30964,0,100,0.8365788888888889,0.001087300862855045,0
325,31064,0,100,0.8360511111111111,0.0010918753410805947,0
326,31164,0,100,0.8355233333333334,0.0009852538121049293,0
327,31264,0,100,0.8349955555555555,0.0010112658129946795,0
328,31364,0,100,0.8344677777777778,0.0010051803063834087,0
329,31464,0,100,0.83394,0.0010396874825528357,0
330,31564,0,100,0.8334122222222222,0.0011382539983605965,0
331,31664,0,100,0.8328844444444444,0.0010652178748568985,0
332,31764,0,100,0.8323566666666666,0.0010774715049774385,0
333,31864,0,100,0.831828888888889,0.000951769502426032,0
334,31964,0,100,0.8313011111111112,0.0011799770664947572,0
335,32064,0,100,0.8307733333333334,0.001174421839095885,0
336,32164,0,100,0.8302455555555556,0.0011157511360943317,0
337,32264,0,100,0.8297177777777778,0.0009467717295046896,0
338,32364,0,100,0.82919,0.001309799598529935,0
339,32464,0,100,0.8286622222222222,0.0012030584132298827,0
340,32564,0,100,0.8281344444444445,0.0011746098339790478,0
341,32664,0,100,0.8276066666666667,0.0012400307519419584,0
342,32764,0,100,0.8270788888888889,0.001154690813709749,0
343,32864,0,100,0.8265511111111111,0.0008841477842361201,0
344,32964,0,100,0.8260233333333333,0.0008873625357227866,0
345,33064,0,100,0.8254955555555555,0.001395806373329833,0
346,33164,0,100,0.8249677777777777,0.0012492206736351363,0
347,33264,0,100,0.8244400000000001,0.0013064279545505998,0
348,33364,0,100,0.8239122222222223,0.0012976258440176025,0
349,33464,0,100,0.8233844444444445,0.0012880597767070867,0
350,33564,0,100,0.8228566666666667,0.0013299676356837153,0
351,33664,0,100,0.8223288888888889,0.001020051457817317,0
352,33764,0,100,0.8218011111111111,0.0012563981667335611,0
353,33864,0,100,0.8212733333333333,0.0012305382624617778,0
354,33964,0,100,0.8207455555555556,0.0010476416975143366,0
355,34064,0,100,0.8202177777777778,0.001182578269217629,0
356,34164,0,100,0.81969,0.0013846203093999066,0
357,34264,0,100,0.8191622222222222,0.0013866177675663494,0
358,34364,0,100,0.8186344444444444,0.0012228682180284523,0
359,34464,0,100,0.8181066666666666,0.001232475600845646,0
360,34564,0,100,0.8175788888888889,0.0012474605787429027,0
361,34664,0,100,0.8170511111111112,0.0010260824122815392,0
362,34764,0,100,0.8165233333333334,0.0013232603899086825,0
363,34864,0,100,0.8159955555555556,0.0011176640242047142,0
364,34964,0,100,0.8154677777777778,0.0011719380113936495,0
365,35064,0,100,0.81494,0.001195372914953623,0
366,35164,0,100,0.8144122222222222,0.0011579666921170428,0
367,35264,0,100,0.8138844444444444,0.0013466614531353117,0
368,35364,0,100,0.8133566666666667,0.0012924200494308024,0
369,35464,0,100,0.8128288888888889,0.001337366377701983,0
370,35564,0,100,0.8123011111111111,0.001097365207679104,0
371,35601,0.667,37,0.8121058333333333,0.0008967294274338496,1
372,35701,0,100,0.8115780555555556,0.0011593420419376344,0
373,35801,0,100,0.8110502777777777,0.0011361807388311717,0
374,35901,0,100,0.8105225,0.001284826383634936,0
375,36001,0,100,0.8099947222222222,0.00138455687178066,0
376,36101,0,100,0.8094669444444444,0.0012242636838345788,0
377,36201,0,100,0.8089391666666667,0.0013210673702997156,0
378,36275,0.33399999999999996,74,0.8085486111111111,0.0012610351550392807,1
379,36303,0.748,28,0.8084008333333333,0.0014718818596780433,1
380,36403,0,100,0.8078730555555556,0.0011528171223471873,0
381,36465,0.44199999999999995,62,0.8075458333333334,0.0011650338429101412,1
382,36565,0,100,0.8070180555555555,0.0013705506789847277,0
383,36665,0,100,0.8064902777777778,0.00108880569881876,0
384,36673,0.9279999999999999,8,0.8064480555555555,0.0007035949201963376,1
385,36773,0,100,0.8059202777777777,0.0012128563644364476,0
386,36873,0,100,0.8053925,0.0013428172576823271,0
387,36973,0,100,0.8048647222222223,0.0011422876949654893,0
388,37073,0,100,0.8043369444444445,0.001203038771636784,0
389,37173,0,100,0.8038091666666667,0.0012946226765052416,0
390,37273,0,100,0.8032813888888889,0.0012701087172899861,0
391,37373,0,100,0.8027536111111111,0.0013554440281586721,0
392,37473,0,100,0.8022258333333333,0.0010596296355652158,0
393,37573,0,100,0.8016980555555555,0.0012148726131999865,0
394,37673,0,100,0.8011702777777778,0.0009708287156536244,0
395,37702,0.739,29,0.8010172222222223,0.0011162071013100573,1
396,37802,0,100,0.8004894444444445,0.0014425702748121693,0
397,37902,0,100,0.7999616666666667,0.0012678822263842448,0
398,38002,0,100,0.7994338888888889,0.0011310088909522165,0
399,38102,0,100,0.7989061111111111,0.0013611040051910094,0
400,38202,0,100,0.7983783333333334,0.0016001387280994094,0
401,38302,0,100,0.7978505555555555,0.0012687515863217414,0
402,38402,0,100,0.7973227777777778,0.001385970533156069,0
403,38502,0,100,0.796795,0.0012052440532715992,0
404,38602,0,100,0.7962672222222222,0.0013330137281445786,0
405,38702,0,100,0.7957394444444444,0.0015315953726531006,0
406,38802,0,100,0.7952116666666667,0.0011233281808381435,0
407,38902,0,100,0.794683888888889,0.0011201455429545603,0
408,39002,0,100,0.7941561111111111,0.0013285113892925438,0
409,39102,0,100,0.7936283333333334,0.0011900931599666364,0
410,39202,0,100,0.7931005555555556,0.0013625044850050473,0
411,39302,0,100,0.7925727777777778,0.001148005920695141,0
412,39402,0,100,0.792045,0.0016097310543409548,0
413,39502,0,100,0.7915172222222222,0.0015299468283774332,0
414,39602,0,100,0.7909894444444445,0.0015310331853106618,0
415,39702,0,100,0.7904616666666666,0.0014934826899843756,0
416,39802,0,100,0.7899338888888889,0.0013383943139342591,0
417,39902,0,100,0.7894061111111111,0.0013908299413742497,0
418,40002,0,100,0.7888783333333333,0.00105272581189638,0
419,40102,0,100,0.7883505555555556,0.001343500378425233,0
420,40202,0,100,0.7878227777777778,0.001327400330628734,0
421,40302,0,100,0.7872950000000001,0.0012479973284644074,0
422,40402,0,100,0.7867672222222222,0.0014006186250480823,0
423,40502,0,100,0.7862394444444445,0.0011948744152323343,0
424,40602,0,100,0.7857116666666667,0.0014791550289373844,0
425,40702,0,100,0.7851838888888889,0.0012522435857681557,0
426,40802,0,100,0.7846561111111111,0.0013439510148600675,0
427,40902,0,100,0.7841283333333333,0.001443653234746307,0
428,41002,0,100,0.7836005555555555,0.0011961426422931255,0
429,41102,0,100,0.7830727777777778,0.001430427077866625,0
430,41202,0,100,0.782545,0.0013050014257896692,0
431,41302,0,100,0.7820172222222223,0.001406628207769245,0
432,41402,0,100,0.7814894444444445,0.0014650757488561795,0
433,41502,0,100,0.7809616666666667,0.001492538528109435,0
434,41602,0,100,0.7804338888888889,0.0014415624436514918,0
435,41702,0,100,0.7799061111111111,0.0011822146756458097,0
436,41802,0,100,0.7793783333333333,0.0012668604464852252,0
437,41902,0,100,0.7788505555555556,0.0012654494139133022,0
438,42002,0,100,0.7783227777777778,0.0012791339377872645,0
439,42102,0,100,0.777795,0.0012044275074731558,0
440,42202,0,100,0.7772672222222222,0.001552229534718208,0
441,42302,0,100,0.7767394444444444,0.0012338646891294047,0
442,42402,0,100,0.7762116666666666,0.0014796011871658266,0
443,42502,0,100,0.7756838888888888,0.001465136909391731,0
444,42602,0,100,0.7751561111111112,0.0013119729651953093,0
445,42702,0,100,0.7746283333333334,0.0013398500045877881,0
446,42802,0,100,0.7741005555555556,0.0012534416478592902,0
447,42902,0,100,0.7735727777777778,0.0013594334558001719,0
448,43002,0,100,0.773045,0.0014023441475001163,0
449,43102,0,100,0.7725172222222222,0.0015221890233806335,0
450,43202,0,100,0.7719894444444444,0.00153684412187431,0
451,43302,0,100,0.7714616666666667,0.001321968803240452,0
452,43402,0,100,0.7709338888888889,0.001455825678713154,0
453,43502,0,100,0.7704061111111111,0.001485886998125352,0
454,43602,0,100,0.7698783333333333,0.0012649397127097472,0
455,43702,0,100,0.7693505555555555,0.0016190043996903115,0
456,43802,0,100,0.7688227777777779,0.0017289175422047264,0
457,43902,0,100,0.768295,0.0014680075584328734,0
458,44002,0,100,0.7677672222222223,0.001343824052310083,0
459,44102,0,100,0.7672394444444445,0.0013150745586608537,0
460,44202,0,100,0.7667116666666667,0.0016086335357977078,0
461,44302,0,100,0.7661838888888889,0.0015076035039965064,0
462,44326,0.784,24,0.7660572222222222,0.0013022425919189118,1
463,44426,0,100,0.7655294444444445,0.0015316443960182368,0
464,44526,0,100,0.7650016666666667,0.0013050664329784922,0
465,44626,0,100,0.7644738888888889,0.0011371485673589631,0
466,44726,0,100,0.7639461111111111,0.0017918864914099686,0
467,44826,0,100,0.7634183333333333,0.0013322838736348785,0
468,44926,0,100,0.7628905555555556,0.0012897270169924013,0
469,45026,0,100,0.7623627777777777,0.0016415102218161337,0
470,45126,0,100,0.761835,0.0013009176474588458,0
471,45226,0,100,0.7613072222222222,0.001412724330148194,0
472,45326,0,100,0.7607794444444445,0.0014662034969660453,0
473,45426,0,100,0.7602516666666667,0.0012516425899229944,0
474,45526,0,100,0.7597238888888889,0.001524704391194973,0
475,45626,0,100,0.7591961111111111,0.0018168663172400557,0
476,45726,0,100,0.7586683333333333,0.0017667004416580313,0
477,45826,0,100,0.7581405555555556,0.0013670537678990512,0
478,45926,0,100,0.7576127777777778,0.0014452782343141735,0
479,46026,0,100,0.757085,0.0015851733883027919,0
480,46126,0,100,0.7565572222222222,0.0017335854074917733,0
481,46226,0,100,0.7560294444444444,0.001607330225815531,0
482,46326,0,100,0.7555016666666666,0.0018011445290176198,0
483,46426,0,100,0.7549738888888889,0.001664066445955541,0
484,46526,0,100,0.7544461111111112,0.00152635842357995,0
485,46626,0,100,0.7539183333333334,0.0013324830841156654,0
486,46726,0,100,0.7533905555555556,0.0016135697477147914,0
487,46826,0,100,0.7528627777777778,0.001161695367190987,0
488,46909,0.253,83,0.7524247222222222,0.0015594932830651257,1
489,47009,0,100,0.7518969444444444,0.0015351693402044476,0
490,47109,0,100,0.7513691666666666,0.0012110602858592756,0
491,47209,0,100,0.7508413888888888,0.001319832688604947,0
492,47309,0,100,0.7503136111111112,0.0018479872468742543,0
493,47409,0,100,0.7497858333333334,0.0012689585590851494,0
494,47509,0,100,0.7492580555555556,0.0016703228783444503,0
495,47609,0,100,0.7487302777777778,0.001466209010250168,0
496,47709,0,100,0.7482025,0.0017169413270312361,0
497,47809,0,100,0.7476747222222222,0.0017817412952717859,0
498,47909,0,100,0.7471469444444445,0.0014140752752427944,0
499,48009,0,100,0.7466191666666666,0.0018416471683303825,0
500,48109,0,100,0.7460913888888889,0.0014324145173304713,0
501,48209,0,100,0.7455636111111111,0.0013380081424838864,0
502,48309,0,100,0.7450358333333333,0.0014660555457521695,0
503,48409,0,100,0.7445080555555555,0.0015522623050492257,0
504,48509,0,100,0.7439802777777778,0.001322057158104144,0
505,48609,0,100,0.7434525000000001,0.0016646895359735936,0
506,48709,0,100,0.7429247222222222,0.0016261292767012492,0
507,48809,0,100,0.7423969444444445,0.0016618921619374306,0
508,48909,0,100,0.7418691666666667,0.0014385043701622634,0
509,49009,0,100,0.7413413888888889,0.001256459998257924,0
510,49109,0,100,0.7408136111111111,0.0016178440651856362,0
511,49209,0,100,0.7402858333333333,0.0015882469952339306,0
512,49309,0,100,0.7397580555555556,0.0015964348331908695,0
513,49319,0.91,10,0.7397052777777777,0.0018769271729979665,1
514,49419,0,100,0.7391775,0.0012420568816014566,0
515,49519,0,100,0.7386497222222222,0.0015327799040824174,0
516,49619,0,100,0.7381219444444445,0.0013667332477052697,0
517,49719,0,100,0.7375941666666667,0.0014450155515805818,0
518,49819,0,100,0.7370663888888889,0.0016689644727739506,0
519,49919,0,100,0.7365386111111112,0.0014070814152364619,0
520,50019,0,100,0.7360108333333333,0.001262119417951908,0
521,50119,0,100,0.7354830555555556,0.0014582934911595658,0
522,50219,0,100,0.7349552777777778,0.0017016114894067868,0
523,50319,0,100,0.7344275,0.0013634747217292898,0
524,50419,0,100,0.7338997222222222,0.001123757604655111,0
525,50519,0,100,0.7333719444444444,0.0014758353485376575,0
526,50619,0,100,0.7328441666666667,0.0015890384107478893,0
527,50719,0,100,0.732316388888889,0.0012792610307224095,0
528,50819,0,100,0.7317886111111112,0.0012693891051458195,0
529,50919,0,100,0.7312608333333334,0.0014497268517152406,0
530,51019,0,100,0.7307330555555556,0.0013174696857458912,0
531,51119,0,100,0.7302052777777778,0.0016766509378794581,0
532,51219,0,100,0.7296775,0.0019057396013522521,0
533,51319,0,100,0.7291497222222223,0.0015756480189156718,0
534,51419,0,100,0.7286219444444445,0.0014828039798885583,0
535,51519,0,100,0.7280941666666667,0.0018504775830660946,0
536,51619,0,100,0.7275663888888889,0.0012862152757588774,0
537,51719,0,100,0.7270386111111111,0.0014430684421677142,0
538,51819,0,100,0.7265108333333333,0.001463149244664237,0
539,51919,0,100,0.7259830555555555,0.0013418983030715026,0
540,52019,0,100,0.7254552777777779,0.0015273574003367685,0
541,52119,0,100,0.7249275000000001,0.0016211422940250486,0
542,52219,0,100,0.7243997222222223,0.0014871502545429393,0
543,52319,0,100,0.7238719444444445,0.001785611207014881,0
544,52419,0,100,0.7233441666666667,0.001434265707503073,0
545,52519,0,100,0.722816388888889,0.0016932789693237282,0
546,52619,0,100,0.7222886111111111,0.0014585240778978914,0
547,52719,0,100,0.7217608333333334,0.0013221747250645422,0
548,52819,0,100,0.7212330555555555,0.001608242762449663,0
549,52919,0,100,0.7207052777777778,0.0014339908663532697,0
550,53019,0,100,0.7201775,0.00129710841254564,0
551,53119,0,100,0.7196497222222222,0.0016193261949229054,0
552,53219,0,100,0.7191219444444445,0.0019468213748768904,0
553,53319,0,100,0.7185941666666666,0.0015137916640378536,0
554,53419,0,100,0.718066388888889,0.0015451903449138626,0
555,53519,0,100,0.7175386111111111,0.0016694011446088553,0
556,53619,0,100,0.7170108333333334,0.0013766154384939,0
557,53719,0,100,0.7164830555555556,0.0018549543307744899,0
558,53819,0,100,0.7159552777777778,0.0014136540013714694,0
559,53919,0,100,0.7154275000000001,0.0015899921374511905,0
560,54019,0,100,0.7148997222222222,0.0020593548560282216,0
561,54119,0,100,0.7143719444444445,0.0017376948668970727,0
562,54219,0,100,0.7138441666666666,0.0017821902461582794,0
563,54288,0.379,69,0.7134800000000001,0.0017661057932275362,1
564,54388,0,100,0.7129522222222222,0.0018223501284956002,0
565,54488,0,100,0.7124244444444445,0.0016400611892458982,0
566,54588,0,100,0.7118966666666666,0.0013329774513840674,0
567,54688,0,100,0.7113688888888889,0.0016775960501399822,0
568,54788,0,100,0.710841111111111,0.0018066125339828432,0
569,54888,0,100,0.7103133333333334,0.0014867381870863029,0
570,54988,0,100,0.7097855555555557,0.00151569924200885,0
571,55088,0,100,0.7092577777777778,0.0016220301095745526,0
572,55188,0,100,0.7087300000000001,0.0017879681382328271,0
573,55288,0,100,0.7082022222222222,0.0015868186330772005,0
574,55388,0,100,0.7076744444444445,0.0013853605755139143,0
575,55488,0,100,0.7071466666666666,0.001399509216134902,0
576,55588,0,100,0.7066188888888889,0.0017447083350270987,0
577,55688,0,100,0.7060911111111112,0.0016311378046520986,0
578,55788,0,100,0.7055633333333333,0.0018180561752524228,0
579,55888,0,100,0.7050355555555556,0.0016260700809652916,0
580,55988,0,100,0.7045077777777777,0.0012114628562994766,0
581,56088,0,100,0.70398,0.001638339591154363,0
582,56103,0.865,15,0.7039008333333334,0.001737139280885458,1
583,56203,0,100,0.7033730555555555,0.001408473566698376,0
584,56303,0,100,0.7028452777777778,0.0020282331691123547,0
585,56403,0,100,0.7023174999999999,0.0015858010557712988,0
586,56439,0.6759999999999999,36,0.7021275,0.0012056408999746458,1
587,56539,0,100,0.7015997222222222,0.0013421378802740947,0
588,56639,0,100,0.7010719444444444,0.0016770084644667804,0
589,56739,0,100,0.7005441666666667,0.001596482497116085,0
590,56839,0,100,0.7000163888888888,0.0013362315655103885,0
591,56939,0,100,0.6994886111111112,0.0019050563397468067,0
592,56986,0.577,47,0.6992405555555556,0.00163496470393395,1
593,57086,0,100,0.6987127777777777,0.001817220006196294,0
594,57186,0,100,0.6981850000000001,0.0018414959873189218,0
595,57286,0,100,0.6976572222222222,0.001843412445159629,0
596,57386,0,100,0.6971294444444445,0.0019070094337803312,0
597,57398,0.892,12,0.6970661111111112,0.001332088378452075,1
598,57498,0,100,0.6965383333333333,0.0014806618195143527,0
599,57598,0,100,0.6960105555555556,0.0015714813731028698,0
600,57698,0,100,0.6954827777777778,0.0016122042536153458,0
601,57798,0,100,0.694955,0.001535472175164614,0
602,57898,0,100,0.6944272222222223,0.0016167960554594174,0
603,57998,0,100,0.6938994444444444,0.0018838689575204626,0
604,58098,0,100,0.6933716666666667,0.0018215001086355188,0
605,58198,0,100,0.6928438888888888,0.001750908133399207,0
606,58298,0,100,0.6923161111111111,0.0017215439293067902,0
607,58398,0,100,0.6917883333333333,0.0018212675792165102,0
608,58498,0,100,0.6912605555555555,0.0013398594243335539,0
609,58598,0,100,0.6907327777777778,0.0017298649475560523,0
610,58698,0,100,0.690205,0.0021620017278473824,0
611,58798,0,100,0.6896772222222223,0.0018043092866719234,0
612,58898,0.09999999999999998,100,0.6891494444444444,0.001840667685319204,1
613,58998,0,100,0.6886216666666667,0.0017434473379398696,0
614,59098,0,100,0.6880938888888889,0.0017347213285393082,0
615,59150,0.532,52,0.6878194444444444,0.0017369996902953761,1
616,59250,0,100,0.6872916666666666,0.0020519228506600483,0
617,59350,0,100,0.686763888888889,0.0016965416056336836,0
618,59450,0,100,0.686236111111111,0.001806118183012586,0
619,59550,0,100,0.6857083333333334,0.0017125917723751626,0
620,59650,0,100,0.6851805555555556,0.0016525962304149288,0
621,59750,0,100,0.6846527777777778,0.002008105114509817,0
622,59850,0,100,0.684125,0.0018202231495524756,0
623,59950,0,100,0.6835972222222222,0.0018239064706722275,0
624,60050,0,100,0.6830694444444445,0.0019017553597223014,0
625,60063,0.883,13,0.6830008333333333,0.0012766204913182615,1
626,60163,0,100,0.6824730555555556,0.0017573185768560507,0
627,60263,0,100,0.6819452777777778,0.001873124330304563,0
628,60363,0,100,0.6814175,0.001691678268252872,0
629,60387,0.784,24,0.6812908333333334,0.0018140065997916583,1
630,60487,0,100,0.6807630555555555,0.002177179086720571,0
631,60587,0,100,0.6802352777777778,0.0017552707524737343,0
632,60687,0,100,0.6797075,0.0017681589725543744,0
633,60787,0,100,0.6791797222222222,0.0015773735661059618,0
634,60887,0,100,0.6786519444444444,0.0016026948834769429,0
635,60987,0,100,0.6781241666666666,0.0014727087941719219,0
636,61087,0,100,0.677596388888889,0.0020154907993855885,0
637,61144,0.487,57,0.6772955555555555,0.0016504869977085803,1
638,61244,0,100,0.6767677777777779,0.0019579777025501245,0
639,61344,0,100,0.67624,0.001711471454182174,0
640,61444,0,100,0.6757122222222223,0.0019399908382911235,0
641,61544,0,100,0.6751844444444445,0.0018291771211079322,0
642,61644,0,100,0.6746566666666667,0.0017012361716479062,0
643,61744,0,100,0.6741288888888889,0.0016055796001455747,0
644,61844,0,100,0.6736011111111111,0.0015296777343610302,0
645,61893,0.5589999999999999,49,0.6733425,0.0014239687202925965,1
646,61993,0,100,0.6728147222222223,0.0016434532261337153,0
647,62093,0,100,0.6722869444444445,0.001844892221270129,0
648,62193,0,100,0.6717591666666667,0.0018122823315206915,0
649,62293,0,100,0.6712313888888889,0.0017437234029057435,0
650,62393,0,100,0.6707036111111111,0.001632619956508279,0
651,62443,0.55,50,0.6704397222222223,0.001586734033189714,1
652,62543,0,100,0.6699119444444445,0.0016887496146955527,0
653,62643,0,100,0.6693841666666667,0.0017432562264730223,0
654,62743,0,100,0.6688563888888889,0.001608153902052436,0
655,62843,0,100,0.6683286111111111,0.0018123717507114634,0
656,62943,0,100,0.6678008333333334,0.002168247993395198,0
657,63043,0,100,0.6672730555555556,0.001560830427624751,0
658,63143,0,100,0.6667452777777778,0.0019098064850550144,0
659,63243,0,100,0.6662175,0.0019701258130953646,0
660,63343,0,100,0.6656897222222222,0.0017999509815126657,0
661,63424,0.2709999999999999,81,0.6652622222222222,0.0018459756184587785,1
662,63524,0,100,0.6647344444444445,0.00177711278462084,0
663,63624,0,100,0.6642066666666667,0.0015007014459115452,0
664,63724,0,100,0.6636788888888889,0.0017183464611298404,0
665,63824,0,100,0.6631511111111111,0.0015141476120334118,0
666,63924,0,100,0.6626233333333333,0.0011833536185440606,0
667,64024,0,100,0.6620955555555555,0.0015477181156165899,0
668,64124,0,100,0.6615677777777778,0.0019066042956546881,0
669,64224,0,100,0.6610400000000001,0.001922233542718459,0
670,64284,0.45999999999999996,60,0.6607233333333333,0.001640173372773764,1
671,64384,0,100,0.6601955555555556,0.0016244161035865545,0
672,64484,0,100,0.6596677777777777,0.0019846907837199976,0
673,64584,0,100,0.6591400000000001,0.0016973399624112063,0
674,64684,0,100,0.6586122222222223,0.0014964827848598361,0
675,64784,0,100,0.6580844444444445,0.0015480500838020816,0
676,64785,0.991,1,0.6580791666666667,0.0020787182729691267,1
677,64885,0,100,0.6575513888888889,0.001932333548029419,0
678,64968,0.253,83,0.6571133333333333,0.0020949165477047124,1
679,65068,0,100,0.6565855555555555,0.0015054800867801532,0
680,65168,0,100,0.6560577777777779,0.0017716197945992463,0
681,65268,0,100,0.6555300000000001,0.0018013339408207685,0
682,65368,0,100,0.6550022222222223,0.0016990472903125919,0
683,65468,0,100,0.6544744444444445,0.002201922810054384,0
684,65568,0,100,0.6539466666666667,0.001987483187112957,0
685,65668,0,100,0.653418888888889,0.0016449468804057687,0
686,65768,0,100,0.6528911111111111,0.0017212018504505976,0
687,65868,0,100,0.6523633333333334,0.0016564144706353546,0
688,65931,0.43299999999999994,63,0.6520308333333333,0.0021889898912160703,1
689,66031,0.09999999999999998,100,0.6515030555555557,0.0020010757210548037,1
690,66131,0,100,0.6509752777777777,0.0019343486984143964,0
691,66231,0,100,0.6504475000000001,0.0018034170957980677,0
692,66331,0,100,0.6499197222222223,0.002103477564523928,0
693,66371,0.6399999999999999,40,0.6497086111111111,0.0016371098085073755,1
694,66471,0,100,0.6491808333333333,0.0020514718299091328,0
695,66571,0,100,0.6486530555555556,0.0019586613136925736,0
696,66671,0,100,0.6481252777777777,0.0014718574096332304,0
697,66771,0,100,0.6475975,0.0020699890816467813,0
698,66871,0,100,0.6470697222222223,0.001586444903514348,0
699,66971,0,100,0.6465419444444445,0.00186379746068269,0
700,67071,0,100,0.6460141666666668,0.0019491185696097091,0
701,67171,0,100,0.6454863888888889,0.0016238781239371746,0
702,67271,0,100,0.6449586111111112,0.0022009870808687992,0
703,67371,0,100,0.6444308333333333,0.0015867626201361417,0
704,67471,0,100,0.6439030555555556,0.0016308644795208238,0
705,67571,0,100,0.6433752777777778,0.001916672236402519,0
706,67671,0,100,0.6428475,0.0016887557264999486,0
707,67771,0,100,0.6423197222222223,0.00181665802228963,0
708,67812,0.631,41,0.6421033333333334,0.0017672075234103676,1
709,67870,0.478,58,0.6417972222222222,0.0018854957663028598,1
710,67970,0,100,0.6412694444444444,0.0015423710690811276,0
711,68070,0,100,0.6407416666666668,0.0019673876735032537,0
712,68170,0,100,0.6402138888888889,0.001917493251094129,0
713,68270,0,100,0.6396861111111112,0.001667471887776628,0
714,68287,0.847,17,0.6395963888888889,0.0016731721116229892,1
715,68387,0,100,0.6390686111111111,0.0018862835215986706,0
716,68487,0,100,0.6385408333333333,0.0018386046381783671,0
717,68587,0,100,0.6380130555555557,0.001739470349275507,0
718,68687,0,100,0.6374852777777777,0.0017643896851222962,0
719,68787,0,100,0.6369575000000001,0.0019524827910936437,0
720,68887,0,100,0.6364297222222222,0.0020983862355933524,0
721,68987,0,100,0.6359019444444445,0.0017399366016616112,0
722,69087,0,100,0.6353741666666667,0.0019602727686287833,0
723,69187,0,100,0.6348463888888889,0.00228933881939156,0
724,69287,0,100,0.6343186111111112,0.0018440637417370454,0
725,69387,0,100,0.6337908333333333,0.001704082837095484,0
726,69487,0,100,0.6332630555555556,0.002006197910523042,0
727,69587,0,100,0.6327352777777777,0.001471011277171783,0
728,69687,0,100,0.6322075,0.0016207794181536883,0
729,69787,0,100,0.6316797222222222,0.0017834274398046545,0
730,69887,0,100,0.6311519444444444,0.0019588168754125944,0
731,69987,0,100,0.6306241666666668,0.0014883610792458058,0
732,70087,0,100,0.6300963888888889,0.001920908036408946,0
733,70187,0,100,0.6295686111111112,0.001994617584277876,0
734,70287,0,100,0.6290408333333333,0.0022807856381405144,0
735,70387,0,100,0.6285130555555556,0.001864233829837758,0
736,70487,0,100,0.6279852777777778,0.0017265741594019346,0
737,70587,0,100,0.6274575,0.0013931788993068038,0
738,70687,0,100,0.6269297222222223,0.0018751261342549697,0
739,70787,0,100,0.6264019444444444,0.001916002134385053,0
740,70887,0,100,0.6258741666666667,0.001737025173206348,0
741,70987,0,100,0.6253463888888888,0.001845047342358157,0
742,71087,0,100,0.6248186111111111,0.0016988282452803105,0
743,71187,0,100,0.6242908333333334,0.002466330802999437,0
744,71287,0,100,0.6237630555555556,0.0020590936264488846,0
745,71315,0.748,28,0.6236152777777777,0.0021301525266608223,1
746,71415,0,100,0.6230875,0.0017397949835867622,0
747,71515,0,100,0.6225597222222222,0.0017976447672117502,0
748,71519,0.964,4,0.6225386111111111,0.0008230738021666184,1
749,71619,0,100,0.6220108333333334,0.0019534477466368115,0
750,71719,0,100,0.6214830555555555,0.001969395423657261,0
751,71819,0,100,0.6209552777777778,0.0018704529051319697,0
752,71919,0,100,0.6204275,0.001686844980577007,0
753,72019,0,100,0.6198997222222222,0.001604122203134466,0
754,72119,0,100,0.6193719444444444,0.002095894111553207,0
755,72219,0,100,0.6188441666666666,0.0020904640870867295,0
756,72319,0,100,0.618316388888889,0.0018572382812271826,0
757,72419,0,100,0.617788611111111,0.0017897122172871604,0
758,72519,0,100,0.6172608333333334,0.0021991479358985087,0
759,72619,0,100,0.6167330555555556,0.0021779243700439112,0
760,72719,0,100,0.6162052777777778,0.0019005144090624526,0
761,72819,0,100,0.6156775,0.0018784505926305428,0
762,72919,0,100,0.6151497222222222,0.0015835955034708604,0
763,73019,0,100,0.6146219444444445,0.001993732242262922,0
764,73119,0,100,0.6140941666666666,0.0023598695045802744,0
765,73219,0,100,0.6135663888888889,0.0016140833706595004,0
766,73319,0,100,0.6130386111111111,0.0018800701736472547,0
767,73419,0,100,0.6125108333333333,0.0021863039291929454,0
768,73519,0,100,0.6119830555555555,0.0022454568374087104,0
769,73619,0,100,0.6114552777777778,0.0016801458984264173,0
770,73719,0,100,0.6109275000000001,0.001982872608641628,0
771,73819,0,100,0.6103997222222222,0.0022064784151734785,0
772,73919,0,100,0.6098719444444445,0.0020692593467538244,0
773,74019,0,100,0.6093441666666667,0.001993994346994441,0
774,74119,0,100,0.6088163888888889,0.0019918424307252282,0
775,74152,0.703,33,0.6086422222222222,0.0016707686538046057,1
776,74252,0,100,0.6081144444444444,0.0018001593856024555,0
777,74352,0,100,0.6075866666666667,0.0018709482392296195,0
778,74403,0.5409999999999999,51,0.6073175,0.0020827574629163114,1
779,74503,0,100,0.6067897222222223,0.00214054395823041,0
780,74603,0,100,0.6062619444444445,0.002168018465163186,0
781,74635,0.712,32,0.6060930555555556,0.0023712276051810477,1
782,74642,0.9369999999999999,7,0.6060561111111111,0.0021566642597982927,1
783,74678,0.6759999999999999,36,0.6058661111111111,0.0018012210178615835,1
784,74778,0,100,0.6053383333333333,0.0017874180519720539,0
785,74878,0,100,0.6048105555555556,0.0017698014725465328,0
786,74978,0,100,0.6042827777777777,0.0016722766702878288,0
787,75078,0,100,0.603755,0.002139705746085383,0
788,75178,0,100,0.6032272222222222,0.0017785781245038379,0
789,75278,0,100,0.6026994444444445,0.0021123246947536245,0
790,75378,0,100,0.6021716666666667,0.0015800663403933869,0
791,75478,0,100,0.6016438888888889,0.0018874890651204624,0
792,75578,0,100,0.6011161111111112,0.002204138699162286,0
793,75678,0,100,0.6005883333333333,0.001870533266919665,0
794,75778,0,100,0.6000605555555556,0.0023625995533075182,0
795,75878,0,100,0.5995327777777778,0.0020360050036106257,0
796,75978,0,100,0.599005,0.0019096298751537688,0
797,75988,0.91,10,0.5989522222222222,0.0022859271004563196,1
798,76088,0,100,0.5984244444444444,0.0019410216659889556,0
799,76188,0,100,0.5978966666666667,0.002377202182542533,0
800,76288,0,100,0.5973688888888888,0.001778751061356161,0
801,76388,0,100,0.5968411111111112,0.0017771938399528152,0
802,76488,0,100,0.5963133333333334,0.0024639087775722144,0
803,76588,0,100,0.5957855555555556,0.0016290230519371107,0
804,76688,0,100,0.5952577777777778,0.002129482162708882,0
805,76706,0.838,18,0.5951627777777778,0.0020627295275011826,1
806,76806,0,100,0.594635,0.0018757182784611358,0
807,76906,0,100,0.5941072222222222,0.00200606095866533,0
808,77006,0,100,0.5935794444444444,0.0019686333564459344,0
809,77106,0,100,0.5930516666666668,0.001986778533027973,0
810,77206,0,100,0.5925238888888888,0.002086326264834497,0
811,77306,0,100,0.5919961111111112,0.0022471448258147577,0
812,77406,0,100,0.5914683333333334,0.0023382665056851694,0
813,77506,0,100,0.5909405555555556,0.002056006012135185,0
814,77606,0,100,0.5904127777777778,0.0026045407220954076,0
815,77706,0,100,0.589885,0.001929699644097127,0
816,77806,0,100,0.5893572222222223,0.002332913737045601,0
817,77906,0,100,0.5888294444444444,0.0022677776622003877,0
818,77941,0.685,35,0.5886447222222222,0.002565337318394865,1
819,77981,0.6399999999999999,40,0.5884336111111111,0.002048438205383718,1
820,78081,0,100,0.5879058333333333,0.0026204866747139024,0
821,78181,0,100,0.5873780555555556,0.0022638735591317526,0
822,78281,0,100,0.5868502777777778,0.002295406208722852,0
823,78381,0,100,0.5863225000000001,0.0023049940765486098,0
824,78481,0,100,0.5857947222222223,0.00208415393368341,0
825,78581,0,100,0.5852669444444445,0.0020228256593691186,0
826,78681,0,100,0.5847391666666667,0.001755837116506882,0
827,78781,0,100,0.5842113888888889,0.0016803563470602968,0
828,78881,0,100,0.5836836111111111,0.0020941110112471504,0
829,78981,0,100,0.5831558333333333,0.0018053262055036613,0
830,79081,0,100,0.5826280555555556,0.0022603211770183406,0
831,79181,0,100,0.5821002777777778,0.0021430992166278882,0
832,79281,0,100,0.5815725,0.0022181124915368854,0
833,79381,0,100,0.5810447222222223,0.0024910611272207462,0
834,79481,0,100,0.5805169444444445,0.0020322025031782685,0
835,79581,0,100,0.5799891666666668,0.0021952463572961277,0
836,79681,0,100,0.5794613888888889,0.0020930069568566977,0
837,79781,0,100,0.5789336111111112,0.0019024903525132685,0
838,79881,0,100,0.5784058333333334,0.0020660942111862825,0
839,79981,0,100,0.5778780555555556,0.0020021887149778194,0
840,80081,0,100,0.5773502777777778,0.0019763352355221288,0
841,80181,0,100,0.5768225,0.0024870294716674833,0
842,80197,0.856,16,0.5767380555555556,0.0016542703524464741,1
843,80297,0,100,0.5762102777777778,0.0022331045285682192,0
844,80397,0,100,0.5756825000000001,0.0016477948319516145,0
845,80497,0,100,0.5751547222222222,0.0019968303106725218,0
846,80571,0.33399999999999996,74,0.5747641666666667,0.002050920090295148,1
847,80671,0,100,0.5742363888888888,0.0020040856843115762,0
848,80771,0,100,0.5737086111111112,0.002121784896298777,0
849,80861,0.18999999999999995,90,0.5732336111111112,0.002457944077711242,1
850,80961,0,100,0.5727058333333334,0.002031719869119115,0
851,81061,0,100,0.5721780555555556,0.001982479323341977,0
852,81161,0,100,0.5716502777777779,0.002353728568123188,0
853,81261,0,100,0.5711225,0.0022309974452946334,0
854,81361,0,100,0.5705947222222223,0.00221505815803539,0
855,81461,0,100,0.5700669444444444,0.0024490279087331147,0
856,81538,0.30699999999999994,77,0.5696605555555556,0.002096055534384032,1
857,81638,0,100,0.5691327777777778,0.002007635041954927,0
858,81657,0.829,19,0.5690325,0.0015917766983253195,1
859,81757,0,100,0.5685047222222223,0.00220938507525716,0
860,81857,0,100,0.5679769444444445,0.0025199964735656975,0
861,81957,0,100,0.5674491666666668,0.0025937441474525257,0
862,82057,0,100,0.5669213888888889,0.0020799420116236434,0
863,82157,0,100,0.5663936111111112,0.0020987975315074434,0
864,82257,0,100,0.5658658333333333,0.0018579426922951826,0
865,82357,0,100,0.5653380555555556,0.002047247236187104,0
866,82457,0,100,0.5648102777777777,0.0025143624425982124,0
867,82557,0,100,0.5642825,0.002178431679785717,0
868,82657,0,100,0.5637547222222223,0.0020473327365471052,0
869,82757,0,100,0.5632269444444444,0.0022215480566956103,0
870,82857,0,100,0.5626991666666668,0.0023213827679865063,0
871,82957,0,100,0.5621713888888888,0.002161308316572104,0
872,83057,0,100,0.5616436111111112,0.0018654130565118976,0
873,83157,0,100,0.5611158333333333,0.0020247347227996216,0
874,83257,0,100,0.5605880555555556,0.0023391406878363343,0
875,83357,0,100,0.5600602777777779,0.002329822439933196,0
876,83457,0,100,0.5595325,0.001726261502772104,0
877,83557,0,100,0.5590047222222223,0.0019026225022389554,0
878,83657,0,100,0.5584769444444444,0.0023717726368340662,0
879,83757,0,100,0.5579491666666667,0.0021219174261204897,0
880,83857,0,100,0.5574213888888888,0.0020012529761879705,0
881,83957,0,100,0.5568936111111111,0.0020200838145683518,0
882,84057,0,100,0.5563658333333334,0.002175805364968255,0
883,84157,0,100,0.5558380555555555,0.0019914246155531144,0
884,84257,0,100,0.5553102777777779,0.0023390680109150706,0
885,84357,0,100,0.5547825,0.001990900271339342,0
886,84371,0.874,14,0.5547086111111111,0.002021852040862931,1
887,84471,0,100,0.5541808333333333,0.0022473187814466655,0
888,84571,0,100,0.5536530555555557,0.0022969592118170113,0
889,84671,0,100,0.5531252777777778,0.0019350779496016912,0
890,84771,0,100,0.5525975000000001,0.002015120220021345,0
891,84871,0,100,0.5520697222222222,0.0022719052620232107,0
892,84971,0,100,0.5515419444444445,0.0020262813949375414,0
893,85071,0,100,0.5510141666666667,0.0020353316157707014,0
894,85171,0,100,0.5504863888888889,0.0023716851920471526,0
895,85271,0,100,0.5499586111111111,0.0020647721231216564,0
896,85371,0,100,0.5494308333333333,0.00236776735575404,0
897,85471,0,100,0.5489030555555556,0.002286186917917803,0
898,85571,0,100,0.5483752777777777,0.0020018079159490297,0
899,85671,0,100,0.5478475,0.0021749636429012754,0
900,85705,0.694,34,0.5476680555555555,0.00246911241008681,1
901,85805,0,100,0.5471402777777779,0.0019511768949450924,0
902,85905,0,100,0.5466125,0.0021266023005591704,0
903,86005,0,100,0.5460847222222223,0.0020004215504741294,0
904,86105,0,100,0.5455569444444445,0.0019334825885016472,0
905,86205,0,100,0.5450291666666667,0.002321485565043986,0
906,86305,0,100,0.5445013888888889,0.0025380816584220155,0
907,86405,0,100,0.5439736111111111,0.002278855515178293,0
908,86505,0,100,0.5434458333333334,0.002254704416845925,0
909,86605,0,100,0.5429180555555555,0.0016862541018053889,0
910,86669,0.42399999999999993,64,0.5425802777777777,0.0025354359177072183,1
911,86769,0,100,0.5420525,0.0020487295428756624,0
912,86869,0,100,0.5415247222222223,0.0020346379448892547,0
913,86940,0.361,71,0.54115,0.0019822112546125296,1
914,87040,0,100,0.5406222222222222,0.002070278887404129,0
915,87140,0,100,0.5400944444444444,0.0025408288204926068,0
916,87240,0,100,0.5395666666666666,0.00229761768685421,0
917,87281,0.631,41,0.5393502777777778,0.0015040489755536815,1
918,87381,0,100,0.5388225,0.002057684888713993,0
919,87481,0,100,0.5382947222222223,0.0023694318448542616,0
920,87512,0.721,31,0.5381311111111111,0.0025125965926676027,1
921,87612,0,100,0.5376033333333333,0.00230933204467874,0
922,87712,0,100,0.5370755555555555,0.0022135128930676727,0
923,87812,0,100,0.5365477777777778,0.0025061730280867777,0
924,87912,0,100,0.5360199999999999,0.00204715814354131,0
925,88012,0,100,0.5354922222222223,0.0022663873978308402,0
926,88112,0,100,0.5349644444444445,0.002331815674260724,0
927,88212,0,100,0.5344366666666667,0.002191740897251293,0
928,88312,0,100,0.5339088888888889,0.002150671509443782,0
929,88412,0,100,0.5333811111111111,0.00196431836404372,0
930,88512,0,100,0.5328533333333334,0.0019423904147697613,0
931,88612,0,100,0.5323255555555555,0.002278383763914462,0
932,88620,0.9279999999999999,8,0.5322833333333333,0.002422012941678986,1
933,88720,0,100,0.5317555555555555,0.002051539961830713,0
934,88820,0,100,0.5312277777777779,0.0021599541167961435,0
935,88920,0,100,0.5307,0.001964054824784398,0
936,89020,0,100,0.5301722222222223,0.0019106598469079473,0
937,89120,0,100,0.5296444444444445,0.002027636286220513,0
938,89220,0,100,0.5291166666666667,0.0019874584834906274,0
939,89320,0,100,0.5285888888888889,0.002227640614146367,0
940,89420,0,100,0.5280611111111111,0.0020309802278643476,0
941,89520,0,100,0.5275333333333334,0.002057982436672319,0
942,89540,0.82,20,0.5274277777777778,0.0022103693947428836,1
943,89614,0.33399999999999996,74,0.5270372222222223,0.0022485229038048185,1
944,89713,0.10899999999999999,99,0.5265147222222222,0.0018688923699282712,1
945,89813,0,100,0.5259869444444445,0.0021756666878354736,0
946,89913,0,100,0.5254591666666667,0.0018512344811460934,0
947,90013,0,100,0.5249313888888889,0.002235014531761408,0
948,90108,0.14500000000000002,95,0.52443,0.00231403134070876,1
949,90208,0,100,0.5239022222222223,0.001969432418409269,0
950,90308,0,100,0.5233744444444445,0.0020195912077906543,0
951,90312,0.964,4,0.5233533333333333,0.001624665514100343,1
952,90412,0,100,0.5228255555555557,0.00212704444071278,0
953,90512,0,100,0.5222977777777777,0.002102798504929524,0
954,90612,0,100,0.5217700000000001,0.0020637874855310655,0
955,90676,0.42399999999999993,64,0.5214322222222223,0.0020983382664780947,1
956,90776,0,100,0.5209044444444444,0.0021974262536969035,0
957,90876,0,100,0.5203766666666667,0.0021319071282050574,0
958,90976,0,100,0.5198488888888889,0.002166525830398314,0
959,91040,0.42399999999999993,64,0.5195111111111111,0.0017953517044588807,1
960,91140,0,100,0.5189833333333334,0.001944968067400623,0
961,91240,0,100,0.5184555555555554,0.002210837918682955,0
962,91340,0,100,0.5179277777777778,0.002259679491398856,0
963,91390,0.55,50,0.5176638888888889,0.0020853694912511857,1
964,91490,0,100,0.517136111111111,0.002134860478399787,0
965,91590,0,100,0.5166083333333333,0.0018166826482047327,0
966,91681,0.18099999999999994,91,0.5161280555555556,0.0019973920127965387,1
967,91781,0,100,0.5156002777777778,0.0021199902970693075,0
968,91881,0,100,0.5150725,0.002203757847310044,0
969,91958,0.30699999999999994,77,0.5146661111111112,0.0020896151526558953,1
970,92058,0,100,0.5141383333333334,0.0022047629253938794,0
971,92158,0,100,0.5136105555555555,0.002039449229487218,0
972,92258,0,100,0.5130827777777778,0.002055843201815151,0
973,92358,0,100,0.5125550000000001,0.002039756589801982,0
974,92458,0,100,0.5120272222222222,0.0018284913909155875,0
975,92558,0,100,0.5114994444444445,0.0022127247144817373,0
976,92658,0,100,0.5109716666666666,0.0022749368954100646,0
977,92758,0,100,0.5104438888888889,0.0024145315974601544,0
978,92858,0,100,0.5099161111111111,0.0018450992472935468,0
979,92958,0,100,0.5093883333333333,0.0019761832177755422,0
980,93058,0,100,0.5088605555555555,0.0021988190899719486,0
981,93158,0,100,0.5083327777777777,0.0019784509102464655,0
982,93177,0.829,19,0.5082325,0.002920491660724541,1
983,93277,0,100,0.5077047222222222,0.002115308383363299,0
984,93377,0,100,0.5071769444444445,0.0020088799623772502,0
985,93477,0,100,0.5066491666666667,0.0019403126949327997,0
986,93577,0,100,0.5061213888888889,0.001810356717905961,0
987,93677,0,100,0.5055936111111111,0.001925716203113552,0
988,93682,0.955,5,0.5055672222222223,0.0018100137240253389,1
989,93782,0,100,0.5050394444444445,0.0019220526376739144,0
990,93882,0,100,0.5045116666666667,0.0019609657768160107,0
991,93906,0.784,24,0.504385,0.0020210078146192245,1
992,94006,0,100,0.5038572222222222,0.0016867989883758128,0
993,94106,0,100,0.5033294444444445,0.0019716019998304544,0
994,94206,0,100,0.5028016666666667,0.0019302877856534905,0
995,94306,0,100,0.5022738888888889,0.0020947609582799486,0
996,94406,0,100,0.5017461111111111,0.0017765477325883694,0
997,94506,0,100,0.5012183333333333,0.0021693770948331805,0
998,94606,0,100,0.5006905555555556,0.0017281841169460676,0
999,94706,0,100,0.5001627777777778,0.0020321878281538376,0
1000,94806,0,100,0.49963500000000005,0.0019726898448425346,0
1001,94906,0,100,0.49910722222222226,0.001861464120738674,0
1002,95006,0,100,0.49857944444444446,0.001576790131512098,0
1003,95106,0,100,0.49805166666666667,0.002122908323945012,0
1004,95206,0,100,0.497523888888889,0.0018077962519600988,0
1005,95306,0,100,0.4969961111111111,0.0017559270077617838,0
1006,95406,0,100,0.4964683333333333,0.001923980142455548,0
1007,95506,0,100,0.4959405555555556,0.0016925311973318457,0
1008,95606,0,100,0.4954127777777778,0.0016599666429101489,0
1009,95642,0.6759999999999999,36,0.4952227777777779,0.0020435187260672036,1
1010,95742,0,100,0.494695,0.0019417396307107992,0
1011,95842,0,100,0.4941672222222222,0.0018261083675315604,0
1012,95942,0,100,0.4936394444444445,0.0021784237973042765,0
1013,96042,0,100,0.4931116666666667,0.0018056447774870321,0
1014,96142,0,100,0.4925838888888888,0.0018968191838939674,0
1015,96242,0,100,0.49205611111111114,0.0020926310669165103,0
1016,96342,0,100,0.49152833333333334,0.002187175292056054,0
1017,96442,0,100,0.49100055555555555,0.0020699022302869707,0
1018,96542,0,100,0.49047277777777787,0.0019425810748361983,0
1019,96642,0,100,0.48994499999999996,0.0018357963406015188,0
1020,96742,0,100,0.4894172222222223,0.002109781937324442,0
1021,96842,0,100,0.4888894444444445,0.0017094084221753291,0
1022,96942,0,100,0.4883616666666667,0.001785406970884651,0
1023,97042,0,100,0.487833888888889,0.0019857498820056206,0
1024,97076,0.694,34,0.4876544444444445,0.0019041339058757706,1
1025,97176,0,100,0.4871266666666666,0.00198473501164699,0
1026,97276,0,100,0.4865988888888889,0.0022860954105271957,0
1027,97376,0,100,0.4860711111111111,0.001888085673272144,0
1028,97476,0,100,0.4855433333333333,0.001892135603702627,0
1029,97499,0.7929999999999999,23,0.4854219444444444,0.001763154643729491,1
1030,97599,0,100,0.4848941666666666,0.0021941276526195,0
1031,97699,0,100,0.48436638888888894,0.0020159119833260773,0
1032,97799,0,100,0.48383861111111115,0.0019916051896871068,0
1033,97890,0.18099999999999994,91,0.48335833333333345,0.0023298209423076484,1
1034,97990,0,100,0.48283055555555554,0.002140864820103161,0
1035,98090,0,100,0.48230277777777775,0.0018790212881867774,0
1036,98190,0,100,0.48177500000000006,0.002044948672701139,0
1037,98290,0,100,0.48124722222222227,0.0020865821256302298,0
1038,98390,0,100,0.4807194444444445,0.0016914487691246905,0
1039,98490,0,100,0.4801916666666667,0.0016212312370771542,0
1040,98496,0.946,6,0.48016000000000003,0.001540951799446096,1
1041,98596,0,100,0.47963222222222224,0.002302785114443395,0
1042,98696,0,100,0.47910444444444444,0.002121573526237626,0
1043,98796,0,100,0.47857666666666676,0.0018716468862839974,0
1044,98896,0,100,0.47804888888888886,0.0022004534280858933,0
1045,98946,0.55,50,0.477785,0.0017027988628251479,1
1046,99046,0,100,0.4772572222222222,0.002019034973345697,0
1047,99146,0,100,0.47672944444444443,0.002263112576911226,0
1048,99246,0,100,0.47620166666666663,0.002009814610355534,0
1049,99346,0,100,0.47567388888888895,0.0018837444492965005,0
1050,99446,0,100,0.47514611111111116,0.002059997896722052,0
1051,99546,0,100,0.47461833333333336,0.0019721546460641547,0
1052,99646,0,100,0.47409055555555557,0.0020118307671509682,0
1053,99746,0,100,0.4735627777777778,0.002077050596708432,0
1054,99846,0,100,0.4730350000000001,0.001849897674692329,0
1055,99912,0.4059999999999999,66,0.4726866666666667,0.0017774203606126266,1
1056,99953,0.631,41,0.47247027777777784,0.00278194880158436,1
1057,100053,0,100,0.47194250000000004,0.0021182559395674615,0
1058,100153,0,100,0.47141472222222225,0.0018699720565928145,0
1059,100253,0,100,0.47088694444444446,0.0022999739449005574,0
1060,100318,0.4149999999999999,65,0.4705438888888889,0.0017909579668552256,1
1061,100418,0,100,0.4700161111111111,0.0016876466630492359,0
1062,100518,0,100,0.4694883333333334,0.0020217008818872273,0
1063,100618,0,100,0.4689605555555556,0.001827671408536844,0
1064,100718,0,100,0.4684327777777778,0.0018731961585581303,0
1065,100818,0,100,0.467905,0.002502901461557485,0
1066,100904,0.22599999999999998,86,0.46745111111111115,0.002035533734881536,1
1067,101004,0,100,0.46692333333333336,0.0019013914215611294,0
1068,101104,0,100,0.46639555555555556,0.0021727395395282657,0
1069,101204,0,100,0.46586777777777777,0.0021011111156258267,0
1070,101242,0.6579999999999999,38,0.46566722222222223,0.0024491091240442507,1
1071,101342,0,100,0.46513944444444444,0.0020115972307394258,0
1072,101406,0.42399999999999993,64,0.46480166666666667,0.0024052487037806713,1
1073,101475,0.379,69,0.46443750000000006,0.001970286799537396,1
1074,101575,0,100,0.46390972222222226,0.0017696409112249968,0
1075,101675,0,100,0.46338194444444447,0.002001746871974319,0
1076,101775,0,100,0.4628541666666667,0.002065271810279228,0
1077,101875,0,100,0.4623263888888889,0.0019843681072234175,0
1078,101975,0,100,0.4617986111111112,0.002269472873013001,0
1079,102075,0,100,0.4612708333333333,0.002248869439936243,0
1080,102175,0,100,0.4607430555555555,0.002299374323920347,0
1081,102275,0,100,0.4602152777777778,0.002101513164525386,0
1082,102298,0.7929999999999999,23,0.4600938888888889,0.002199193121075792,1
1083,102398,0,100,0.4595661111111111,0.001983795382839162,0
1084,102498,0,100,0.4590383333333333,0.0020136705160257408,0
1085,102598,0,100,0.45851055555555564,0.0015169872748083434,0
1086,102599,0.991,1,0.45850527777777783,0.001918391091749072,1
1087,102699,0,100,0.45797750000000004,0.0021252269015531056,0
1088,102799,0,100,0.45744972222222224,0.0016834562114672734,0
1089,102899,0,100,0.45692194444444456,0.0016987517531379126,0
1090,102999,0,100,0.45639416666666666,0.0019567927889875135,0
1091,103099,0,100,0.45586638888888886,0.00198592996399384,0
1092,103199,0,100,0.4553386111111112,0.0020039382990216835,0
1093,103299,0,100,0.4548108333333334,0.0021427318220958113,0
1094,103399,0,100,0.4542830555555555,0.0022032794001279397,0
1095,103499,0,100,0.4537552777777778,0.0017942684955778532,0
1096,103599,0,100,0.4532275,0.00205840906011872,0
1097,103699,0,100,0.4526997222222222,0.0021311882048030382,0
1098,103799,0,100,0.45217194444444453,0.0018373555623111314,0
1099,103899,0,100,0.4516441666666666,0.0023818303574807942,0
1100,103999,0,100,0.45111638888888894,0.0021008271755999885,0
1101,104027,0.748,28,0.4509686111111111,0.0022519481748791543,1
1102,104127,0,100,0.4504408333333333,0.0021071514181676323,0
1103,104227,0,100,0.4499130555555556,0.0017858588419039734,0
1104,104327,0,100,0.4493852777777778,0.0019440051578567363,0
1105,104427,0,100,0.4488575,0.0023604008796974086,0
1106,104527,0,100,0.4483297222222222,0.0016850009156041778,0
1107,104556,0.739,29,0.44817666666666667,0.0020582045023008412,1
1108,104656,0,100,0.447648888888889,0.0017235102655831724,0
1109,104756,0,100,0.4471211111111111,0.0018975266098277643,0
1110,104856,0,100,0.4465933333333334,0.0018583365494851023,0
1111,104956,0,100,0.4460655555555556,0.001956700428563636,0
1112,105056,0,100,0.4455377777777778,0.002041507269605063,0
1113,105156,0,100,0.44501,0.0022681504822685385,0
1114,105256,0,100,0.4444822222222222,0.0020611517564975658,0
1115,105356,0,100,0.44395444444444443,0.0017630160681437702,0
1116,105456,0,100,0.44342666666666675,0.002110231091210153,0
1117,105556,0,100,0.44289888888888895,0.0021556855115341025,0
1118,105656,0,100,0.44237111111111105,0.0019868635921739043,0
1119,105730,0.33399999999999996,74,0.4419805555555556,0.002517301229778929,1
1120,105830,0,100,0.4414527777777778,0.002382959821843542,0
1121,105930,0,100,0.440925,0.0018265526802861132,0
1122,106030,0,100,0.4403972222222222,0.0018171290040481835,0
1123,106130,0,100,0.43986944444444454,0.0019186704271123745,0
1124,106230,0,100,0.43934166666666674,0.0018488141347188503,0
1125,106254,0.784,24,0.439215,0.0017896940213783334,1
1126,106354,0,100,0.43868722222222223,0.0019548636706895194,0
1127,106454,0,100,0.43815944444444443,0.0018586743573541754,0
1128,106554,0,100,0.43763166666666675,0.0017808133806101979,0
1129,106654,0,100,0.43710388888888896,0.0019497784675331787,0
1130,106754,0,100,0.43657611111111105,0.0019287672033533453,0
1131,106854,0,100,0.43604833333333337,0.0017551098027615809,0
1132,106954,0,100,0.4355205555555556,0.0019208777911262588,0
1133,107051,0.127,97,0.4350086111111112,0.001923203243893216,1
1134,107151,0,100,0.4344808333333333,0.002059441050514579,0
1135,107251,0,100,0.4339530555555555,0.0017141461864230224,0
1136,107351,0,100,0.43342527777777784,0.0020243236084934325,0
1137,107451,0,100,0.43289750000000005,0.001961125861562323,0
1138,107551,0,100,0.43236972222222225,0.0017609587978222407,0
1139,107651,0,100,0.43184194444444446,0.00192688612267375,0
1140,107751,0,100,0.43131416666666667,0.0017402534355642275,0
1141,107851,0,100,0.43078638888888887,0.0017140097342780792,0
1142,107854,0.973,3,0.43077055555555555,0.0023166370616915324,1
1143,107954,0,100,0.43024277777777786,0.0021426791735575535,0
1144,108054,0,100,0.42971500000000007,0.0019986475157202223,0
1145,108154,0,100,0.42918722222222216,0.0018311015117797068,0
1146,108254,0,100,0.4286594444444445,0.0020721105503616853,0
1147,108331,0.30699999999999994,77,0.4282530555555556,0.0018684885728433003,1
1148,108431,0,100,0.4277252777777778,0.0017208442158880644,0
1149,108498,0.3969999999999999,67,0.4273716666666667,0.0018290625350834773,1
1150,108552,0.514,54,0.4270866666666667,0.0018799900194776623,1
1151,108652,0,100,0.42655888888888893,0.002015397639479488,0
1152,108735,0.253,83,0.4261208333333334,0.0018927180004889618,1
1153,108835,0,100,0.4255930555555556,0.002136132071027532,0
1154,108935,0,100,0.4250652777777778,0.0022257167205680163,0
1155,109035,0,100,0.4245375,0.002249919892055914,0
1156,109135,0,100,0.4240097222222222,0.0018896036737714895,0
1157,109235,0,100,0.42348194444444454,0.002059902498149313,0
1158,109335,0,100,0.42295416666666663,0.002052807722357102,0
1159,109342,0.9369999999999999,7,0.4229172222222223,0.002895958243503368,1
1160,109442,0,100,0.4223894444444445,0.0022443766467040403,0
1161,109542,0,100,0.4218616666666667,0.0019385502499062568,0
1162,109601,0.469,59,0.42155027777777787,0.0017053684243395672,1
1163,109701,0,100,0.42102249999999997,0.0019139360619010405,0
1164,109801,0,100,0.4204947222222222,0.0023617939552059396,0
1165,109901,0,100,0.4199669444444445,0.0021347628039075062,0
1166,110001,0,100,0.4194391666666667,0.0015588748306618072,0
1167,110101,0,100,0.418911388888889,0.002228504640515894,0
1168,110201,0,100,0.4183836111111111,0.002124174982018303,0
1169,110301,0,100,0.4178558333333333,0.0020210754679283126,0
1170,110401,0,100,0.41732805555555563,0.0020863054521032607,0
1171,110418,0.847,17,0.41723833333333327,0.0011930259882801158,1
1172,110518,0,100,0.4167105555555556,0.0021402699276222847,0
1173,110618,0,100,0.4161827777777778,0.00218719044351019,0
1174,110718,0,100,0.415655,0.002205781970988028,0
1175,110736,0.838,18,0.41556000000000004,0.002628820191603154,1
1176,110836,0,100,0.41503222222222225,0.001915218526555691,0
1177,110936,0,100,0.41450444444444445,0.0022666518166079186,0
1178,111036,0,100,0.41397666666666666,0.0020654834565357306,0
1179,111078,0.622,42,0.4137550000000001,0.0022349615236245362,1
1180,111080,0.982,2,0.41374444444444447,0.0009677530615590513,1
1181,111180,0,100,0.4132166666666667,0.0021366279092035257,0
1182,111280,0,100,0.4126888888888889,0.002059186941187363,0
1183,111380,0,100,0.4121611111111112,0.00204283052647952,0
1184,111480,0,100,0.4116333333333334,0.0018775375041877851,0
1185,111481,0.991,1,0.4116280555555556,0.0008423990802839398,1
1186,111581,0,100,0.4111002777777778,0.002068325027357787,0
1187,111681,0,100,0.4105725000000001,0.0019716352646355515,0
1188,111781,0,100,0.4100447222222222,0.0018151445570401847,0
1189,111839,0.478,58,0.4097386111111111,0.0020372604340082034,1
1190,111933,0.15400000000000003,94,0.40924250000000006,0.0019243038717677143,1
1191,112033,0,100,0.40871472222222227,0.0020065005496144295,0
1192,112133,0,100,0.4081869444444445,0.002462092486966867,0
1193,112142,0.919,9,0.4081394444444445,0.0016407984658144414,1
1194,112216,0.33399999999999996,74,0.40774888888888894,0.002033104534839859,1
1195,112316,0,100,0.40722111111111114,0.0017914388512144796,0
1196,112416,0,100,0.40669333333333335,0.001614216275047511,0
1197,112516,0,100,0.40616555555555556,0.001958983274525963,0
1198,112616,0,100,0.40563777777777776,0.0018353723105974495,0
1199,112716,0,100,0.4051100000000001,0.002411848271731287,0
1200,112816,0,100,0.4045822222222223,0.0020188104049884714,0
1201,112916,0,100,0.4040544444444444,0.002216540652734693,0
1202,113016,0,100,0.4035266666666667,0.0018240941388648934,0
1203,113116,0,100,0.4029988888888889,0.0018610727787017822,0
1204,113216,0,100,0.4024711111111112,0.002004658370569814,0
1205,113316,0,100,0.40194333333333343,0.002013809564523399,0
1206,113416,0,100,0.4014155555555555,0.0019359880502452143,0
1207,113516,0,100,0.40088777777777784,0.0019006176007678732,0
1208,113616,0,100,0.40036000000000005,0.0017339544635615312,0
1209,113716,0,100,0.39983222222222226,0.0021727536330581644,0
1210,113788,0.352,72,0.3994522222222222,0.002098541428697192,1
1211,113888,0,100,0.3989244444444445,0.0020726832828950135,0
1212,113988,0,100,0.39839666666666673,0.0018680676113581286,0
1213,114088,0,100,0.39786888888888894,0.0018043803898035548,0
1214,114173,0.235,85,0.3974202777777778,0.002208256007254343,1
1215,114273,0,100,0.3968925,0.002056028143269941,0
1216,114326,0.5229999999999999,53,0.3966127777777778,0.0021356192877612797,1
1217,114426,0,100,0.396085,0.0019960508469375783,0
1218,114526,0,100,0.3955572222222222,0.0018170766896218992,0
1219,114561,0.685,35,0.3953725,0.0016127119788766971,1
1220,114661,0,100,0.3948447222222222,0.0021662303182529287,0
1221,114761,0,100,0.39431694444444443,0.0020742753986269236,0
1222,114801,0.6399999999999999,40,0.3941058333333334,0.0018598379479954018,1
1223,114820,0.829,19,0.3940055555555556,0.0021140521000090396,1
1224,114920,0,100,0.3934777777777778,0.001910135087382514,0
1225,115020,0,100,0.39295,0.002000149015511852,0
1226,115120,0,100,0.39242222222222223,0.0020402475105947815,0
1227,115220,0,100,0.39189444444444455,0.0019031361941597425,0
1228,115320,0,100,0.39136666666666664,0.002016264051781036,0
1229,115420,0,100,0.39083888888888885,0.0019715452392119913,0
1230,115520,0,100,0.39031111111111116,0.0021761880262056365,0
1231,115620,0,100,0.38978333333333337,0.001978006313729566,0
1232,115720,0,100,0.3892555555555556,0.0020030839575338175,0
1233,115748,0.748,28,0.38910777777777783,0.001722869106743019,1
1234,115848,0,100,0.38858000000000004,0.0019608461495954545,0
1235,115865,0.847,17,0.3884902777777778,0.0019179541713503353,1
1236,115965,0,100,0.3879625,0.001992535505996784,0
1237,116012,0.577,47,0.3877144444444445,0.002089609086087489,1
1238,116112,0,100,0.3871866666666667,0.00194117117440328,0
1239,116212,0,100,0.3866588888888889,0.0020549242687411605,0
1240,116312,0,100,0.3861311111111112,0.0021083762479247527,0
1241,116412,0,100,0.3856033333333333,0.0017896523556555622,0
1242,116512,0,100,0.3850755555555556,0.0019283259703661315,0
1243,116612,0,100,0.3845477777777778,0.0018923728543450125,0
1244,116712,0,100,0.38402000000000003,0.002127047237881925,0
1245,116812,0,100,0.38349222222222235,0.0019216508892714046,0
1246,116912,0,100,0.38296444444444444,0.001795803011918906,0
1247,117012,0,100,0.38243666666666665,0.0017623846619972028,0
1248,117112,0,100,0.38190888888888896,0.0019945304188877344,0
1249,117212,0,100,0.38138111111111117,0.0014793620916316286,0
1250,117312,0,100,0.38085333333333327,0.0018800025476957672,0
1251,117412,0,100,0.3803255555555556,0.0024275425777886992,0
1252,117512,0,100,0.3797977777777778,0.0019370935141341762,0
1253,117612,0,100,0.37927,0.0017780961273820139,0
1254,117712,0,100,0.3787422222222223,0.001659738224116154,0
1255,117812,0,100,0.3782144444444444,0.0016341348257265054,0
1256,117912,0,100,0.3776866666666667,0.0019428970231092535,0
1257,118012,0,100,0.37715888888888893,0.0016778972273459659,0
1258,118112,0,100,0.37663111111111114,0.0019022147703799419,0
1259,118212,0,100,0.37610333333333346,0.0020347296583349815,0
1260,118312,0,100,0.37557555555555555,0.0017056937550660222,0
1261,118412,0,100,0.37504777777777776,0.0019418730770121328,0
1262,118512,0,100,0.3745200000000001,0.0018250279905623757,0
1263,118612,0,100,0.3739922222222223,0.0017342156125232577,0
1264,118712,0,100,0.3734644444444444,0.0017304466874338686,0
1265,118812,0,100,0.3729366666666667,0.0016992601894889959,0
1266,118912,0,100,0.3724088888888889,0.001701265858428087,0
1267,119012,0,100,0.3718811111111112,0.0016709836066002026,0
1268,119057,0.595,45,0.3716436111111112,0.0024767875651984165,1
1269,119157,0,100,0.3711158333333333,0.001817125861707609,0
1270,119257,0,100,0.37058805555555563,0.0019063005878706464,0
1271,119357,0,100,0.37006027777777784,0.0015620416292222218,0
1272,119403,0.586,46,0.3698175,0.0016099476045422741,1
1273,119503,0,100,0.3692897222222222,0.0016569573670858517,0
1274,119603,0,100,0.36876194444444454,0.0020208648397237994,0
1275,119703,0,100,0.36823416666666664,0.0017032972190645524,0
1276,119712,0.919,9,0.36818666666666666,0.0024986700348866484,1
1277,119812,0,100,0.36765888888888887,0.001908484395535197,0
1278,119912,0,100,0.3671311111111112,0.0018919199402444064,0
1279,120012,0,100,0.3666033333333334,0.001631780724565033,0
1280,120112,0,100,0.3660755555555556,0.0018997198788565583,0
1281,120212,0,100,0.3655477777777778,0.0020277143793646247,0
1282,120312,0,100,0.36502,0.001995861851319205,0
1283,120412,0,100,0.36449222222222233,0.0020397856863564813,0
1284,120512,0,100,0.36396444444444453,0.00213947417185409,0
1285,120612,0,100,0.36343666666666663,0.0017877297558879946,0
1286,120712,0,100,0.36290888888888895,0.0018657557386904955,0
1287,120812,0,100,0.36238111111111115,0.0022206396487308667,0
1288,120848,0.6759999999999999,36,0.36219111111111113,0.0016111918278814603,1
1289,120948,0,100,0.36166333333333334,0.001811622950481251,0
1290,121048,0,100,0.36113555555555554,0.0014396644942462444,0
1291,121087,0.649,39,0.3609297222222223,0.001614459684321609,1
1292,121127,0.6399999999999999,40,0.36071861111111114,0.0020946325290424283,1
1293,121227,0,100,0.36019083333333335,0.0018822638061828912,0
1294,121327,0,100,0.35966305555555567,0.0020730151870520784,0
1295,121401,0.33399999999999996,74,0.3592725,0.0018038103833630983,1
1296,121501,0,100,0.3587447222222223,0.0019031679615727625,0
1297,121601,0,100,0.3582169444444445,0.00178884746710537,0
1298,121646,0.595,45,0.3579794444444444,0.0016238436497385718,1
1299,121746,0,100,0.3574516666666667,0.002111701391695533,0
1300,121846,0,100,0.35692388888888893,0.0018800185184227303,0
1301,121946,0,100,0.35639611111111114,0.0016369572849362158,0
1302,122046,0,100,0.35586833333333334,0.0019358133283094504,0
1303,122146,0,100,0.35534055555555555,0.002066346596402582,0
1304,122246,0,100,0.35481277777777787,0.0020463753055082632,0
1305,122339,0.16299999999999992,93,0.3543219444444444,0.00167709516495296,1
1306,122439,0,100,0.35379416666666663,0.0018057225371012463,0
1307,122539,0,100,0.35326638888888895,0.0017810114932944997,0
1308,122639,0,100,0.35273861111111116,0.0021541211352450775,0
1309,122739,0,100,0.35221083333333336,0.0018754475511377677,0
1310,122839,0,100,0.35168305555555557,0.001926278168684803,0
1311,122852,0.883,13,0.35161444444444456,0.0010931982587163264,1
1312,122952,0,100,0.35108666666666666,0.0018720785513869486,0
1313,123052,0,100,0.35055888888888886,0.002219365568307694,0
1314,123152,0,100,0.3500311111111112,0.0018947763019241393,0
1315,123252,0,100,0.3495033333333334,0.0021635553304804487,0
1316,123261,0.919,9,0.3494558333333334,0.001521236683604204,1
1317,123361,0,100,0.3489280555555555,0.0017375220792018808,0
1318,123461,0,100,0.3484002777777778,0.0017931924652657472,0
1319,123561,0,100,0.34787250000000003,0.0015450713559403083,0
1320,123568,0.9369999999999999,7,0.34783555555555556,0.0014427398896909186,1
1321,123668,0,100,0.34730777777777777,0.002075350813684054,0
1322,123768,0,100,0.3467800000000001,0.0018435344006866217,0
1323,123868,0,100,0.3462522222222223,0.001574557110434398,0
1324,123968,0,100,0.3457244444444444,0.002495473866874818,0
1325,124068,0,100,0.3451966666666667,0.0018060393203631975,0
1326,124168,0,100,0.3446688888888889,0.0023424706791411154,0
1327,124268,0,100,0.3441411111111111,0.0019135242002084852,0
1328,124368,0,100,0.34361333333333344,0.0018692042317707091,0
1329,124468,0,100,0.34308555555555553,0.0019546765781706197,0
1330,124568,0,100,0.34255777777777774,0.002209043544717133,0
1331,124668,0,100,0.34203000000000006,0.0020985596100217664,0
1332,124768,0,100,0.34150222222222226,0.0016567066038260237,0
1333,124868,0,100,0.3409744444444446,0.0020205176374292933,0
1334,124968,0,100,0.3404466666666667,0.0018971058184979483,0
1335,125068,0,100,0.3399188888888889,0.001957263138028793,0
1336,125168,0,100,0.3393911111111112,0.0021037346016964877,0
1337,125268,0,100,0.3388633333333334,0.002110105833562557,0
1338,125368,0,100,0.3383355555555555,0.0018995562277268618,0
1339,125468,0,100,0.3378077777777778,0.0020732346690783745,0
1340,125483,0.865,15,0.3377286111111111,0.0023620255834733445,1
1341,125583,0,100,0.3372008333333334,0.002035512999573257,0
1342,125683,0,100,0.3366730555555556,0.0020388112848741,0
1343,125783,0,100,0.3361452777777778,0.0021112489560619,0
1344,125883,0,100,0.3356175,0.001671180595876649,0
1345,125983,0,100,0.3350897222222222,0.001772327312210109,0
1346,126083,0,100,0.33456194444444454,0.0017431548194144853,0
1347,126183,0,100,0.33403416666666674,0.0020432149345288053,0
1348,126283,0,100,0.33350638888888884,0.0021180136923794634,0
1349,126383,0,100,0.33297861111111116,0.0018962560771615244,0
1350,126483,0,100,0.33245083333333336,0.002209922654146794,0
1351,126583,0,100,0.33192305555555557,0.0022375797654967753,0
1352,126683,0,100,0.3313952777777779,0.001875705179409124,0
1353,126783,0,100,0.3308675,0.002204514874028973,0
1354,126883,0,100,0.3303397222222223,0.0017388887409470043,0
1355,126889,0.946,6,0.33030805555555554,0.002546095619133363,1
1356,126989,0,100,0.32978027777777785,0.002000688718399033,0
1357,127089,0,100,0.32925250000000006,0.0024550215541967193,0
1358,127189,0,100,0.32872472222222227,0.002055031615018379,0
1359,127289,0,100,0.32819694444444447,0.0021067834467976354,0
1360,127290,0.991,1,0.32819166666666666,0.005464369896799326,1
1361,127390,0,100,0.32766388888888887,0.0021333604052779266,0
1362,127490,0,100,0.3271361111111112,0.0020306993558187967,0
1363,127538,0.5680000000000001,48,0.32688277777777786,0.001868829060792147,1
1364,127638,0,100,0.32635500000000006,0.002019243942631874,0
1365,127652,0.874,14,0.32628111111111113,0.0020493199720346767,1
1366,127752,0,100,0.32575333333333334,0.0018288944649975747,0
1367,127852,0,100,0.32522555555555566,0.0022644479238078928,0
1368,127952,0,100,0.32469777777777786,0.0018522138994012493,0
1369,128052,0,100,0.32416999999999996,0.0018559898089733906,0
1370,128152,0,100,0.3236422222222223,0.0018711975502083077,0
1371,128252,0,100,0.3231144444444445,0.0020828207276645115,0
1372,128352,0,100,0.3225866666666667,0.0018191489644232206,0
1373,128452,0,100,0.3220588888888889,0.002069531324377749,0
1374,128552,0,100,0.3215311111111111,0.001620646394439973,0
1375,128652,0,100,0.3210033333333334,0.0020599168475018814,0
1376,128752,0,100,0.3204755555555556,0.001781913778395392,0
1377,128852,0,100,0.31994777777777783,0.0021167571752448567,0
1378,128952,0,100,0.31942000000000004,0.001788184283359442,0
1379,129052,0,100,0.31889222222222224,0.002072695858660154,0
1380,129152,0,100,0.31836444444444445,0.002159396276110783,0
1381,129252,0,100,0.31783666666666677,0.0022049868310568856,0
1382,129352,0,100,0.31730888888888886,0.001947109297325369,0
1383,129452,0,100,0.31678111111111107,0.0020725438185036182,0
1384,129475,0.7929999999999999,23,0.3166597222222223,0.001989707424123164,1
1385,129575,0,100,0.3161319444444445,0.0019479447379126213,0
1386,129675,0,100,0.3156041666666667,0.0017613739345688374,0
1387,129775,0,100,0.3150763888888889,0.0019073170822230168,0
1388,129805,0.73,30,0.31491805555555563,0.002083766321690443,1
1389,129905,0,100,0.31439027777777784,0.002021326276299078,0
1390,130005,0,100,0.31386250000000004,0.0023751210168120452,0
1391,130105,0,100,0.31333472222222225,0.0022606789440033025,0
1392,130205,0,100,0.31280694444444446,0.0019284572123433464,0
1393,130270,0.4149999999999999,65,0.3124638888888889,0.0022559014175875256,1
1394,130370,0,100,0.3119361111111111,0.0020071137518971227,0
1395,130470,0,100,0.3114083333333334,0.0018888850457733496,0
1396,130570,0,100,0.3108805555555556,0.0020281830985913983,0
1397,130579,0.919,9,0.3108330555555556,0.0018220354945191906,1
1398,130679,0,100,0.3103052777777777,0.0019545035224291496,0
1399,130779,0,100,0.30977750000000004,0.0020700257140561008,0
1400,130879,0,100,0.30924972222222225,0.002062143261136953,0
1401,130979,0,100,0.30872194444444445,0.0017957332608057187,0
1402,131079,0,100,0.30819416666666677,0.0021542329920339397,0
1403,131179,0,100,0.30766638888888886,0.002255323723366018,0
1404,131279,0,100,0.30713861111111107,0.001748255748534575,0
1405,131379,0,100,0.3066108333333334,0.0017874019642476924,0
1406,131479,0,100,0.3060830555555556,0.002076922852138523,0
1407,131579,0,100,0.3055552777777779,0.001838484754844103,0
1408,131679,0,100,0.3050275,0.0020292724395403637,0
1409,131779,0,100,0.3044997222222222,0.0021361166244605557,0
1410,131794,0.865,15,0.3044205555555556,0.0017322575945096712,1
1411,131894,0,100,0.3038927777777778,0.0020206781433080323,0
1412,131994,0,100,0.3033650000000001,0.0019707414595177396,0
1413,132013,0.829,19,0.3032647222222222,0.001559174892272016,1
1414,132113,0,100,0.30273694444444454,0.002382922871329356,0
1415,132213,0,100,0.30220916666666664,0.002213266643229872,0
1416,132313,0,100,0.30168138888888896,0.002053274147037882,0
1417,132413,0,100,0.30115361111111116,0.0021494962225551716,0
1418,132508,0.14500000000000002,95,0.3006522222222222,0.0021740268468611727,1
1419,132560,0.532,52,0.30037777777777774,0.0016539169826920931,1
1420,132660,0,100,0.29985000000000006,0.0020063710250542498,0
1421,132760,0,100,0.29932222222222227,0.00207027801690856,0
1422,132860,0,100,0.2987944444444445,0.0019521609632647597,0
1423,132960,0,100,0.2982666666666667,0.0020411498993053103,0
1424,133060,0,100,0.2977388888888889,0.0020576249560690487,0
1425,133160,0,100,0.2972111111111112,0.0017999356382642872,0
1426,133260,0,100,0.2966833333333334,0.0019759258907288313,0
1427,133360,0,100,0.2961555555555555,0.002109067315759603,0
1428,133460,0,100,0.2956277777777778,0.0019590672591584734,0
1429,133560,0,100,0.29510000000000003,0.001957796103670262,0
1430,133660,0,100,0.29457222222222224,0.0018910458634491078,0
1431,133757,0.127,97,0.2940602777777779,0.002082397899357602,1
1432,133857,0,100,0.2935325,0.0019492480164626613,0
1433,133862,0.955,5,0.29350611111111113,0.002423352363985032,1
1434,133962,0,100,0.29297833333333334,0.0017990634890156798,0
1435,134062,0,100,0.29245055555555566,0.0022277017770102247,0
1436,134162,0,100,0.29192277777777775,0.0022541893314337357,0
1437,134262,0,100,0.29139500000000007,0.00177945795818232,0
1438,134362,0,100,0.2908672222222223,0.0025174356799107043,0
1439,134462,0,100,0.2903394444444445,0.00210884586093016,0
1440,134562,0,100,0.2898116666666667,0.0020019602318643594,0
1441,134662,0,100,0.2892838888888889,0.0016950967346201651,0
1442,134674,0.892,12,0.2892205555555556,0.0016122588688934532,1
1443,134774,0,100,0.2886927777777778,0.002003630733815953,0
1444,134874,0,100,0.2881650000000001,0.002254857991647441,0
1445,134885,0.901,11,0.2881069444444444,0.0026607489350929177,1
1446,134985,0,100,0.2875791666666667,0.002006595307320822,0
1447,135085,0,100,0.2870513888888889,0.002277503747609444,0
1448,135185,0,100,0.28652361111111113,0.0021877563060843388,0
1449,135285,0,100,0.28599583333333334,0.0019458040854078717,0
1450,135385,0,100,0.28546805555555554,0.00230559422459919,0
1451,135402,0.847,17,0.2853783333333334,0.0030225071891704027,1
1452,135502,0,100,0.2848505555555556,0.0019195754925021903,0
1453,135531,0.739,29,0.28469750000000005,0.0019385066547768254,1
1454,135631,0,100,0.28416972222222225,0.0019082610131590627,0
1455,135731,0,100,0.28364194444444457,0.0018498911274946294,0
1456,135831,0,100,0.28311416666666667,0.002368082325847354,0
1457,135869,0.6579999999999999,38,0.28291361111111113,0.0025547329584553248,1
1458,135969,0,100,0.28238583333333345,0.0021330260054674,0
1459,136069,0,100,0.28185805555555554,0.0019225754027138464,0
1460,136169,0,100,0.28133027777777775,0.0019425938176573254,0
1461,136222,0.5229999999999999,53,0.2810505555555556,0.001882389148824655,1
1462,136322,0,100,0.2805227777777778,0.001988885471073445,0
1463,136360,0.6579999999999999,38,0.28032222222222225,0.002248062330947601,1
1464,136460,0,100,0.27979444444444457,0.0021074907248839737,0
1465,136560,0,100,0.27926666666666666,0.00203735084971413,0
1466,136660,0,100,0.27873888888888887,0.0016957327953423373,0
1467,136679,0.829,19,0.2786386111111111,0.0020462698701425993,1
1468,136779,0,100,0.2781108333333333,0.002005235409596935,0
1469,136879,0,100,0.2775830555555556,0.001793541853548959,0
1470,136979,0,100,0.27705527777777783,0.0022113435136270707,0
1471,137079,0,100,0.27652750000000004,0.0019067358635948039,0
1472,137179,0,100,0.27599972222222224,0.0021173537481809033,0
1473,137279,0,100,0.27547194444444445,0.0020670788327697663,0
1474,137379,0,100,0.27494416666666677,0.002094946773722768,0
1475,137479,0,100,0.274416388888889,0.0020019723879522644,0
1476,137579,0,100,0.27388861111111107,0.0023411207197932527,0
1477,137679,0,100,0.2733608333333334,0.002213529187720269,0
1478,137779,0,100,0.2728330555555556,0.0019793899112846704,0
1479,137836,0.487,57,0.2725322222222223,0.0017210947065777553,1
1480,137936,0,100,0.2720044444444444,0.002217581285513006,0
1481,138036,0,100,0.2714766666666667,0.0019788110113586298,0
1482,138128,0.17199999999999993,92,0.27099111111111107,0.0016766446076318339,1
1483,138228,0,100,0.2704633333333334,0.0023049386823549866,0
1484,138328,0,100,0.2699355555555556,0.001882399717287626,0
1485,138388,0.45999999999999996,60,0.26961888888888896,0.002308155002538115,1
1486,138488,0,100,0.26909111111111106,0.0022492363915080204,0
1487,138588,0,100,0.2685633333333334,0.0023069798978394827,0
1488,138688,0,100,0.2680355555555556,0.0022993388550821693,0
1489,138689,0.991,1,0.26803027777777777,0.0004955342155881226,1
1490,138725,0.6759999999999999,36,0.26784027777777775,0.002141292898967448,1
1491,138825,0,100,0.26731250000000006,0.0022047771434881725,0
1492,138925,0,100,0.26678472222222227,0.002355396497005131,0
1493,139025,0,100,0.2662569444444445,0.002061894218204543,0
1494,139125,0,100,0.2657291666666667,0.0020573007094208152,0
1495,139225,0,100,0.2652013888888889,0.0020016071817371994,0
1496,139290,0.4149999999999999,65,0.2648583333333333,0.0019968088049119193,1
1497,139390,0,100,0.2643305555555556,0.0020716153708053753,0
1498,139490,0,100,0.26380277777777783,0.0019270976228290238,0
1499,139590,0,100,0.26327500000000004,0.001985015399986878,0
1500,139690,0,100,0.26274722222222224,0.0017961548978928476,0
1501,139783,0.16299999999999992,93,0.2622563888888889,0.002323517618733408,1
1502,139883,0,100,0.2617286111111111,0.002103525105630979,0
1503,139983,0,100,0.26120083333333344,0.002331230468407739,0
1504,140018,0.685,35,0.2610161111111111,0.001968964746421469,1
1505,140118,0,100,0.26048833333333343,0.002111138145555742,0
1506,140218,0,100,0.25996055555555564,0.0018632839032215998,0
1507,140318,0,100,0.25943277777777773,0.0022176730723003856,0
1508,140418,0,100,0.25890500000000005,0.0025299595916294495,0
1509,140518,0,100,0.25837722222222226,0.0022559216804802417,0
1510,140548,0.73,30,0.258218888888889,0.0017586677558332061,1
1511,140593,0.595,45,0.257981388888889,0.0018984190802762491,1
1512,140693,0,100,0.2574536111111111,0.002180347112007439,0
1513,140793,0,100,0.2569258333333334,0.001844416454259772,0
1514,140893,0,100,0.2563980555555556,0.0018328316404949874,0
1515,140993,0,100,0.2558702777777778,0.0019061296840664,0
1516,141000,0.9369999999999999,7,0.25583333333333336,0.0033235557743215133,1
1517,141100,0,100,0.2553055555555557,0.0022607153496937826,0
1518,141200,0,100,0.25477777777777777,0.0019431036262540146,0
1519,141300,0,100,0.25425,0.0021343300613807514,0
1520,141400,0,100,0.2537222222222223,0.002141873288201168,0
1521,141500,0,100,0.2531944444444445,0.001972905852308031,0
1522,141600,0,100,0.2526666666666667,0.0021374578680843116,0
1523,141700,0,100,0.2521388888888889,0.001973595726303756,0
1524,141800,0,100,0.2516111111111111,0.0019035774626536294,0
1525,141900,0,100,0.2510833333333333,0.0019122822556528263,0
1526,142000,0,100,0.25055555555555564,0.002247357910091523,0
1527,142100,0,100,0.25002777777777785,0.0023060811433242632,0
1528,142200,0,100,0.24950000000000006,0.002140225416806061,0
1529,142300,0,100,0.24897222222222226,0.0023843495530309154,0
1530,142400,0,100,0.24844444444444447,0.0026209692482370883,0
1531,142500,0,100,0.24791666666666679,0.0021559604804497214,0
1532,142600,0,100,0.24738888888888888,0.002000818023807369,0
1533,142700,0,100,0.2468611111111111,0.001980370197270531,0
1534,142800,0,100,0.2463333333333334,0.00201373755116947,0
1535,142900,0,100,0.2458055555555556,0.0021100990413106045,0
1536,143000,0,100,0.24527777777777782,0.0017245569126680493,0
1537,143100,0,100,0.24475000000000002,0.0025608835235470906,0
1538,143106,0.946,6,0.24471833333333337,0.0017104582802858204,1
1539,143206,0,100,0.24419055555555558,0.002053029136150144,0
1540,143306,0,100,0.24366277777777778,0.002219684632727876,0
1541,143406,0,100,0.2431350000000001,0.0022448911127867176,0
1542,143506,0,100,0.2426072222222222,0.0023730180106940678,0
1543,143606,0,100,0.2420794444444444,0.0022186720778699966,0
1544,143706,0,100,0.24155166666666672,0.0021091471816180275,0
1545,143806,0,100,0.24102388888888893,0.0023320998295093885,0
1546,143906,0,100,0.24049611111111124,0.0022912217635894195,0
1547,144006,0,100,0.23996833333333334,0.001977278268605005,0
1548,144106,0,100,0.23944055555555555,0.002062734646606259,0
1549,144164,0.478,58,0.23913444444444443,0.001817310015181208,1
1550,144264,0,100,0.23860666666666674,0.0021550255353213286,0
1551,144364,0,100,0.23807888888888895,0.001839825154747814,0
1552,144464,0,100,0.23755111111111116,0.0021185946348123252,0
1553,144564,0,100,0.23702333333333336,0.0020416150736855343,0
1554,144664,0,100,0.23649555555555557,0.0022255288291489705,0
1555,144764,0,100,0.23596777777777778,0.0020553122661658564,0
1556,144864,0,100,0.2354400000000001,0.0025793212521239184,0
1557,144906,0.622,42,0.2352183333333333,0.0019365457410458475,1
1558,145006,0,100,0.23469055555555562,0.001603765343897976,0
1559,145106,0,100,0.23416277777777783,0.0021853904565796254,0
1560,145167,0.45099999999999996,61,0.2338408333333334,0.0022064263280671946,1
1561,145267,0,100,0.2333130555555556,0.002315575766551774,0
1562,145367,0,100,0.2327852777777779,0.002260713921277784,0
1563,145456,0.19899999999999995,89,0.2323155555555556,0.002186149816562453,1
1564,145556,0,100,0.23178777777777781,0.002040107503416948,0
1565,145656,0,100,0.23126000000000002,0.0020121543138520792,0
1566,145756,0,100,0.23073222222222223,0.002002958960656542,0
1567,145764,0.9279999999999999,8,0.23069000000000006,0.002125853090547025,1
1568,145832,0.3879999999999999,68,0.23033111111111115,0.0020017470258822225,1
1569,145932,0,100,0.22980333333333336,0.0021897590934531765,0
1570,146032,0,100,0.22927555555555568,0.002000809536257293,0
1571,146132,0,100,0.22874777777777777,0.0024206334014888853,0
1572,146232,0,100,0.22821999999999998,0.002092383631388657,0
1573,146332,0,100,0.2276922222222223,0.002021559109853115,0
1574,146388,0.4959999999999999,56,0.2273966666666667,0.0024410519056670766,1
1575,146488,0,100,0.2268688888888889,0.002251544358441606,0
1576,146588,0,100,0.22634111111111122,0.0023677043136558495,0
1577,146688,0,100,0.22581333333333342,0.0021672055800445377,0
1578,146788,0,100,0.22528555555555552,0.002113178772269748,0
1579,146888,0,100,0.22475777777777783,0.002057497146888636,0
1580,146988,0,100,0.22423000000000004,0.0021912308494211174,0
1581,147088,0,100,0.22370222222222225,0.0024439632252324373,0
1582,147188,0,100,0.22317444444444445,0.0022899624388082883,0
1583,147288,0,100,0.22264666666666666,0.0019966675067553297,0
1584,147388,0,100,0.22211888888888887,0.0021905110677471386,0
1585,147488,0,100,0.22159111111111118,0.0019515041215345263,0
1586,147588,0,100,0.2210633333333334,0.0023042378600803205,0
1587,147688,0,100,0.2205355555555556,0.002329786390764639,0
1588,147788,0,100,0.2200077777777778,0.002395651533151977,0
1589,147888,0,100,0.21948,0.002000729735882487,0
1590,147949,0.45099999999999996,61,0.21915805555555556,0.00268871764286009,1
1591,148049,0,100,0.21863027777777788,0.0022133268805919217,0
1592,148149,0,100,0.2181025000000001,0.002102994229353499,0
1593,148249,0,100,0.21757472222222218,0.002174287642701529,0
1594,148349,0,100,0.2170469444444445,0.0023586594877997415,0
1595,148403,0.514,54,0.21676194444444452,0.00237680547838358,1
1596,148503,0,100,0.21623416666666673,0.002688415160519071,0
1597,148603,0,100,0.21570638888888893,0.0021676283204578794,0
1598,148703,0,100,0.21517861111111114,0.002219733602833003,0
1599,148803,0,100,0.21465083333333335,0.0022891885731951334,0
1600,148814,0.901,11,0.21459277777777785,0.0020842669976197862,1
1601,148914,0,100,0.21406499999999995,0.002083336933283135,0
1602,149014,0,100,0.21353722222222227,0.0024192447689711117,0
1603,149114,0,100,0.21300944444444447,0.0019781721383333208,0
1604,149214,0,100,0.2124816666666668,0.0020374713803175837,0
1605,149290,0.31599999999999995,76,0.2120805555555556,0.002267296075220465,1
1606,149390,0,100,0.2115527777777778,0.0020131152254180052,0
1607,149438,0.5680000000000001,48,0.21129944444444448,0.0025124992104489743,1
1608,149464,0.766,26,0.21116222222222225,0.0026093249056989756,1
1609,149564,0,100,0.21063444444444446,0.0020880203653359784,0
1610,149605,0.631,41,0.2104180555555556,0.0021261440308923585,1
1611,149705,0,100,0.2098902777777778,0.0022484182167681866,0
1612,149805,0,100,0.2093625,0.0022708873689407483,0
1613,149905,0,100,0.2088347222222222,0.002302703750319779,0
1614,150005,0,100,0.20830694444444453,0.0021903729552286678,0
1615,150105,0,100,0.20777916666666674,0.002130604482081253,0
1616,150205,0,100,0.20725138888888894,0.001965546549472492,0
1617,150305,0,100,0.20672361111111115,0.002006674057629425,0
1618,150388,0.253,83,0.2062855555555556,0.0020652047606712453,1
1619,150488,0,100,0.20575777777777782,0.002610867066832725,0
1620,150556,0.3879999999999999,68,0.20539888888888902,0.002353528666871545,1
1621,150615,0.469,59,0.2050875000000001,0.0021747323374611215,1
1622,150621,0.946,6,0.20505583333333333,0.002075467685547968,1
1623,150721,0,100,0.20452805555555564,0.00242513021628838,0
1624,150729,0.9279999999999999,8,0.20448583333333337,0.003018626979610417,1
1625,150829,0,100,0.20395805555555557,0.0020558464067289605,0
1626,150929,0,100,0.20343027777777778,0.0019082326369243674,0
1627,151029,0,100,0.2029025000000001,0.0021573078984511085,0
1628,151129,0,100,0.2023747222222222,0.0023517320334212853,0
1629,151153,0.784,24,0.20224805555555558,0.0023779858068640656,1
1630,151253,0,100,0.2017202777777778,0.0026110297359991817,0
1631,151353,0,100,0.2011925,0.0020985113782808185,0
1632,151453,0,100,0.2006647222222223,0.002331954694236629,0
1633,151553,0,100,0.2001369444444444,0.0021048253367189317,0
1634,151572,0.829,19,0.20003666666666675,0.002992362173053583,1
1635,151672,0,100,0.19950888888888885,0.0021563596528721973,0
1636,151740,0.3879999999999999,68,0.19915000000000005,0.002314444134861012,1
1637,151840,0,100,0.19862222222222226,0.0020998915290692823,0
1638,151940,0,100,0.19809444444444446,0.0022247837227769196,0
1639,152040,0,100,0.19756666666666667,0.0025498536630766465,0
1640,152070,0.73,30,0.1974083333333334,0.0020967882204179964,1
1641,152097,0.757,27,0.19726583333333336,0.0015178735613719458,1
1642,152197,0,100,0.19673805555555568,0.0022815343656111507,0
1643,152236,0.649,39,0.19653222222222222,0.0022057131267128847,1
1644,152336,0,100,0.19600444444444443,0.0022421798307914287,0
1645,152436,0,100,0.19547666666666674,0.002384599748183973,0
1646,152536,0,100,0.19494888888888895,0.0021681288827676325,0
1647,152636,0,100,0.19442111111111104,0.002229381164361257,0
1648,152736,0,100,0.19389333333333336,0.0023160724755143746,0
1649,152836,0,100,0.19336555555555557,0.0026211225221049973,0
1650,152936,0,100,0.19283777777777789,0.00246410717634717,0
1651,153036,0,100,0.1923100000000001,0.002390483112540096,0
1652,153136,0,100,0.1917822222222222,0.0027569081337423997,0
1653,153148,0.892,12,0.19171888888888888,0.0026881053733328977,1
1654,153248,0,100,0.1911911111111111,0.002539552414091304,0
1655,153348,0,100,0.1906633333333334,0.002491455437266268,0
1656,153448,0,100,0.1901355555555556,0.002589431339292787,0
1657,153548,0,100,0.18960777777777782,0.002457301598624326,0
1658,153648,0,100,0.18908000000000003,0.002106137240189128,0
1659,153748,0,100,0.18855222222222223,0.0023120436235331,0
1660,153848,0,100,0.18802444444444455,0.0025001298551796934,0
1661,153948,0,100,0.18749666666666676,0.0022522548778215424,0
1662,153952,0.964,4,0.18747555555555562,0.0020842066733166575,1
1663,154052,0,100,0.18694777777777782,0.0025853653030935677,0
1664,154152,0,100,0.18642000000000003,0.0022472833195934074,0
1665,154252,0,100,0.18589222222222224,0.0021265945411869324,0
1666,154352,0,100,0.18536444444444444,0.0020238409616285934,0
1667,154452,0,100,0.18483666666666676,0.0027186475053895265,0
1668,154552,0,100,0.18430888888888897,0.0022114309656899424,0
1669,154652,0,100,0.18378111111111106,0.0024344791070325302,0
1670,154752,0,100,0.18325333333333338,0.002282160095637664,0
1671,154852,0,100,0.18272555555555559,0.0023852934170281513,0
1672,154939,0.21699999999999997,87,0.1822663888888889,0.0020963052774768793,1
1673,154970,0.721,31,0.18210277777777784,0.002312552583809461,1
1674,155070,0,100,0.18157500000000004,0.00223533135605976,0
1675,155170,0,100,0.18104722222222225,0.0021127087058266623,0
1676,155214,0.604,44,0.18081500000000006,0.002662856122531759,1
1677,155314,0,100,0.18028722222222227,0.0027673913002945485,0
1678,155414,0,100,0.17975944444444447,0.002064575038966723,0
1679,155514,0,100,0.17923166666666668,0.0018882277759257704,0
1680,155614,0,100,0.178703888888889,0.002235453831090126,0
1681,155714,0,100,0.1781761111111112,0.002923781280842377,0
1682,155814,0,100,0.1776483333333333,0.0021960591594688593,0
1683,155914,0,100,0.17712055555555561,0.0022616503620520234,0
1684,156014,0,100,0.17659277777777782,0.0021852706937352195,0
1685,156114,0,100,0.17606500000000003,0.002552375697414391,0
1686,156214,0,100,0.17553722222222223,0.0024727474284009076,0
1687,156314,0,100,0.17500944444444444,0.002097335635917261,0
1688,156414,0,100,0.17448166666666676,0.002117275678901933,0
1689,156514,0,100,0.17395388888888896,0.002569087886950001,0
1690,156614,0,100,0.17342611111111117,0.002519381457241252,0
1691,156714,0,100,0.17289833333333338,0.001988107275974471,0
1692,156814,0,100,0.17237055555555558,0.002625425034493674,0
1693,156914,0,100,0.1718427777777778,0.0026250653044553474,0
1694,157014,0,100,0.1713150000000001,0.002236469840281643,0
1695,157082,0.3879999999999999,68,0.1709561111111112,0.002822817027609905,1
1696,157182,0,100,0.1704283333333334,0.002265972438035533,0
1697,157209,0.757,27,0.17028583333333336,0.002275459653766895,1
1698,157309,0,100,0.16975805555555556,0.0022623577137710527,0
1699,157368,0.469,59,0.16944666666666675,0.002393355037646084,1
1700,157468,0,100,0.16891888888888895,0.0024755537341115998,0
1701,157568,0,100,0.16839111111111116,0.0019811848475364967,0
1702,157668,0,100,0.16786333333333336,0.00199049856106285,0
1703,157768,0,100,0.16733555555555557,0.002407011430768762,0
1704,157868,0,100,0.1668077777777779,0.0022236543917097153,0
1705,157968,0,100,0.16627999999999998,0.002402569567784667,0
1706,158068,0,100,0.1657522222222222,0.0028409727482357995,0
1707,158168,0,100,0.1652244444444445,0.0022765380068449303,0
1708,158268,0,100,0.1646966666666667,0.0021145727147813885,0
1709,158368,0,100,0.16416888888888903,0.0025410044979071243,0
1710,158468,0,100,0.16364111111111113,0.002395680405315943,0
1711,158568,0,100,0.16311333333333333,0.002300854009226896,0
1712,158668,0,100,0.16258555555555565,0.0022892939893063157,0
1713,158734,0.4059999999999999,66,0.16223722222222237,0.002558772465404631,1
1714,158834,0,100,0.16170944444444446,0.002393434375990182,0
1715,158934,0,100,0.16118166666666667,0.0026169074955396353,0
1716,159034,0,100,0.16065388888888898,0.0024842788430396467,0
1717,159134,0,100,0.1601261111111112,0.0026203532371437176,0
1718,159234,0,100,0.1595983333333333,0.002409727801568806,0
1719,159334,0,100,0.1590705555555556,0.0023052515368908646,0
1720,159434,0,100,0.1585427777777778,0.002425264252233319,0
1721,159534,0,100,0.15801500000000002,0.0024011212273035197,0
1722,159634,0,100,0.15748722222222233,0.0021807780335075222,0
1723,159734,0,100,0.15695944444444443,0.0025502534306724558,0
1724,159834,0,100,0.15643166666666675,0.002283336642140057,0
1725,159934,0,100,0.15590388888888895,0.0022634457773528993,0
1726,160034,0,100,0.15537611111111116,0.0020217795425560327,0
1727,160134,0,100,0.15484833333333337,0.0023058750916970894,0
1728,160218,0.244,84,0.15440500000000001,0.0027914307477961606,1
1729,160318,0,100,0.15387722222222233,0.002428581282729283,0
1730,160339,0.8109999999999999,21,0.15376638888888894,0.00266012130305171,1
1731,160439,0,100,0.15323861111111114,0.0025244733778527007,0
1732,160450,0.901,11,0.15318055555555554,0.0037308010611344466,1
1733,160550,0,100,0.15265277777777786,0.0025428693811409176,0
1734,160650,0,100,0.15212500000000007,0.002418372987303883,0
1735,160750,0,100,0.15159722222222227,0.0024058437219355256,0
1736,160850,0,100,0.15106944444444448,0.0023519633268006147,0
1737,160950,0,100,0.15054166666666668,0.00226564621028956,0
1738,161050,0,100,0.150013888888889,0.0028039113062550314,0
1739,161150,0,100,0.1494861111111112,0.002866916718194261,0
1740,161250,0,100,0.1489583333333333,0.002462120515992865,0
1741,161350,0,100,0.14843055555555562,0.002473993962048553,0
1742,161450,0,100,0.14790277777777783,0.0026871663017664104,0
1743,161550,0,100,0.14737500000000003,0.0025943692115833984,0
1744,161650,0,100,0.14684722222222224,0.0019888770347461105,0
1745,161727,0.30699999999999994,77,0.14644083333333335,0.002269883367970779,1
1746,161827,0,100,0.14591305555555556,0.002494111800333485,0
1747,161927,0,100,0.14538527777777777,0.0023806942970259117,0
1748,162027,0,100,0.14485750000000008,0.002446262048906647,0
1749,162127,0,100,0.1443297222222223,0.0023065042379312216,0
1750,162220,0.16299999999999992,93,0.14383888888888885,0.002336466019617654,1
1751,162320,0,100,0.14331111111111117,0.0025144822071888483,0
1752,162420,0,100,0.14278333333333337,0.002385703530162573,0
1753,162520,0,100,0.14225555555555558,0.0023938297227141447,0
1754,162594,0.33399999999999996,74,0.14186500000000002,0.002285853708697785,1
1755,162598,0.964,4,0.14184388888888888,0.002443542063701898,1
1756,162698,0,100,0.1413161111111112,0.002442028402001597,0
1757,162798,0,100,0.1407883333333334,0.002261570842238143,0
1758,162898,0,100,0.1402605555555556,0.002398546644253656,0
1759,162998,0,100,0.13973277777777782,0.0023142263683257626,0
1760,163098,0,100,0.13920500000000002,0.0021351978299207985,0
1761,163198,0,100,0.13867722222222223,0.0020928331278264522,0
1762,163298,0,100,0.13814944444444455,0.0021619008760899307,0
1763,163398,0,100,0.13762166666666664,0.0020518277387600392,0
1764,163498,0,100,0.13709388888888885,0.0021300438177422622,0
1765,163549,0.5409999999999999,51,0.1368247222222223,0.001981003835395563,1
1766,163649,0,100,0.1362969444444445,0.0023718943470157684,0
1767,163749,0,100,0.13576916666666672,0.002244916011404712,0
1768,163849,0,100,0.13524138888888892,0.002525253541825805,0
1769,163949,0,100,0.13471361111111113,0.0022852451645303516,0
1770,164049,0,100,0.13418583333333334,0.0019767518626758827,0
1771,164067,0.838,18,0.13409083333333338,0.0028701960432550144,1
1772,164167,0,100,0.1335630555555556,0.0025185373943531885,0
1773,164267,0,100,0.1330352777777778,0.0023792176161077806,0
1774,164361,0.15400000000000003,94,0.13253916666666665,0.00217703897493614,1
1775,164386,0.775,25,0.13240722222222223,0.002521033799275756,1
1776,164486,0,100,0.13187944444444444,0.0021567613852676005,0
1777,164586,0,100,0.13135166666666676,0.0022309643839253115,0
1778,164686,0,100,0.13082388888888896,0.0022766270657302813,0
1779,164786,0,100,0.13029611111111117,0.0025479681143769995,0
1780,164886,0,100,0.12976833333333337,0.0024594659596914427,0
1781,164986,0,100,0.12924055555555558,0.0018894954197457992,0
1782,165086,0,100,0.1287127777777778,0.0023312763561261817,0
1783,165186,0,100,0.1281850000000001,0.0024496795650338753,0
1784,165227,0.631,41,0.12796861111111113,0.0021877426869894674,1
1785,165327,0,100,0.12744083333333334,0.002643748702830635,0
1786,165427,0,100,0.12691305555555565,0.002398915518133435,0
1787,165527,0,100,0.12638527777777775,0.0021372639856417665,0
1788,165627,0,100,0.12585750000000007,0.0021889997739344834,0
1789,165727,0,100,0.12532972222222227,0.002002260104636662,0
1790,165827,0,100,0.12480194444444448,0.0024493827461265025,0
1791,165927,0,100,0.1242741666666668,0.0024153293782728726,0
1792,166027,0,100,0.12374638888888889,0.002280338186537847,0
1793,166127,0,100,0.1232186111111111,0.0021098039211938156,0
1794,166227,0,100,0.12269083333333342,0.0021572700142860413,0
1795,166327,0,100,0.12216305555555562,0.0021406793023925276,0
1796,166427,0,100,0.12163527777777772,0.002235509383317549,0
1797,166488,0.45099999999999996,61,0.12131333333333327,0.0023648274717012756,1
1798,166588,0,100,0.12078555555555559,0.0020564841851592065,0
1799,166688,0,100,0.1202577777777778,0.0022770205966662614,0
1800,166788,0,100,0.11973000000000011,0.0025268596434034406,0
1801,166888,0,100,0.11920222222222232,0.0019239500563708134,0
1802,166920,0.712,32,0.11903333333333332,0.0025696460470499005,1
1803,167020,0,100,0.11850555555555564,0.002280532296281308,0
1804,167060,0.6399999999999999,40,0.11829444444444448,0.0020968360418919473,1
1805,167160,0,100,0.11776666666666669,0.0026351303030969575,0
1806,167260,0,100,0.117238888888889,0.0021525068517075853,0
1807,167360,0,100,0.1167111111111111,0.002583637719217222,0
1808,167361,0.991,1,0.1167058333333334,0.003472968703135848,1
1809,167461,0,100,0.1161780555555556,0.002235811617283616,0
1810,167561,0,100,0.11565027777777781,0.002168646426289342,0
1811,167661,0,100,0.11512250000000002,0.002234758062113542,0
1812,167761,0,100,0.11459472222222233,0.0023215502058155837,0
1813,167788,0.757,27,0.11445222222222229,0.0021633818202341595,1
1814,167888,0,100,0.1139244444444445,0.002779794709640555,0
1815,167988,0,100,0.1133966666666667,0.0026065694604767487,0
1816,168088,0,100,0.11286888888888891,0.0020250285271322353,0
1817,168116,0.748,28,0.11272111111111116,0.0021532942752985817,1
1818,168177,0.45099999999999996,61,0.11239916666666672,0.0024446926144577686,1
1819,168277,0,100,0.11187138888888892,0.002112808046513237,0
1820,168377,0,100,0.11134361111111113,0.0023228096892125905,0
1821,168477,0,100,0.11081583333333345,0.0023820672678994013,0
1822,168577,0,100,0.11028805555555554,0.0024517584056593478,0
1823,168677,0,100,0.10976027777777786,0.0022483921743696555,0
1824,168777,0,100,0.10923250000000007,0.001989184782432858,0
1825,168877,0,100,0.10870472222222227,0.0023829360079253093,0
1826,168977,0,100,0.10817694444444448,0.0020190348746837116,0
1827,169077,0,100,0.10764916666666668,0.0023781885410426185,0
1828,169177,0,100,0.10712138888888889,0.001976017268607393,0
1829,169277,0,100,0.10659361111111121,0.0022007320245029404,0
1830,169377,0,100,0.10606583333333341,0.0023047302674967796,0
1831,169477,0,100,0.10553805555555551,0.0023654045211151243,0
1832,169577,0,100,0.10501027777777783,0.002174360826611519,0
1833,169677,0,100,0.10448250000000003,0.002243339028209448,0
1834,169777,0,100,0.10395472222222235,0.0024528278812067585,0
1835,169811,0.694,34,0.10377527777777784,0.0029120148871751394,1
1836,169836,0.775,25,0.10364333333333342,0.0023275456158444287,1
1837,169936,0,100,0.10311555555555563,0.002543729825410992,0
1838,170032,0.136,96,0.10260888888888886,0.002167629984493639,1
1839,170132,0,100,0.10208111111111118,0.0026961721543921156,0
1840,170232,0,100,0.10155333333333338,0.0025240869261324407,0
1841,170332,0,100,0.10102555555555559,0.0023703653429402037,0
1842,170432,0,100,0.1004977777777778,0.0024266567040467633,0
1843,170532,0,100,0.09997,0.0028140820685075597,0
1844,170632,0,100,0.09944222222222232,0.0022741049731848763,0
1845,170658,0.766,26,0.09930499999999998,0.0021841202173023843,1
1846,170705,0.577,47,0.09905694444444446,0.0028059770516615282,1
1847,170805,0,100,0.09852916666666678,0.0020998956097173505,0
1848,170857,0.532,52,0.09825472222222231,0.0030264785259182993,1
1849,170939,0.262,82,0.09782194444444448,0.00219146516131487,1
1850,170973,0.694,34,0.09764250000000008,0.002861696951988372,1
1851,171073,0,100,0.09711472222222228,0.0026974279165733607,0
1852,171173,0,100,0.09658694444444449,0.0025719847733853387,0
1853,171273,0,100,0.0960591666666667,0.0021683562581893056,0
1854,171373,0,100,0.0955313888888889,0.0020341713714879008,0
1855,171473,0,100,0.09500361111111122,0.00245350462035276,0
1856,171573,0,100,0.09447583333333331,0.0023328161059180275,0
1857,171673,0,100,0.09394805555555552,0.0023573441931512206,0
1858,171773,0,100,0.09342027777777784,0.0020440254601999186,0
1859,171873,0,100,0.09289250000000004,0.0024355750996619464,0
1860,171973,0.09999999999999998,100,0.09236472222222236,0.0025930554239312186,1
1861,172073,0,100,0.09183694444444446,0.0024348940147319808,0
1862,172173,0,100,0.09130916666666666,0.0026324116170872,0
1863,172273,0,100,0.09078138888888898,0.0025643303274409846,0
1864,172373,0,100,0.09025361111111119,0.0025807646423345433,0
1865,172376,0.973,3,0.09023777777777786,0.0039499116052562995,1
1866,172476,0,100,0.08970999999999996,0.0023381616233382374,0
1867,172576,0,100,0.08918222222222227,0.0025556680612498894,0
1868,172676,0,100,0.08865444444444448,0.002466763186384924,0
1869,172730,0.514,54,0.0883694444444445,0.002038648968596977,1
1870,172830,0,100,0.0878416666666667,0.0024950652132974937,0
1871,172930,0,100,0.08731388888888891,0.002150935609242879,0
1872,173030,0,100,0.08678611111111112,0.0025670856825308875,0
1873,173130,0,100,0.08625833333333344,0.002232464906410314,0
1874,173230,0,100,0.08573055555555564,0.0026932743180077524,0
1875,173330,0,100,0.08520277777777774,0.002426022496656515,0
1876,173430,0,100,0.08467500000000006,0.0025255809276131915,0
1877,173530,0,100,0.08414722222222226,0.0020956756721716373,0
1878,173540,0.91,10,0.08409444444444447,0.002038460620678961,1
1879,173640,0,100,0.08356666666666668,0.0024348028891836293,0
1880,173740,0,100,0.083038888888889,0.0021548667730530726,0
1881,173746,0.946,6,0.08300722222222223,0.0022233191897006086,1
1882,173829,0.253,83,0.0825691666666667,0.002268068321997367,1
1883,173929,0,100,0.0820413888888889,0.0023979170576785692,0
1884,174029,0,100,0.08151361111111122,0.0023155421327101067,0
1885,174102,0.34299999999999997,73,0.08112833333333347,0.002146702744577029,1
1886,174202,0,100,0.08060055555555556,0.0023401375563116746,0
1887,174302,0,100,0.08007277777777777,0.0025414306396851316,0
1888,174402,0,100,0.07954500000000009,0.0021538431011140346,0
1889,174502,0,100,0.0790172222222223,0.0025272588949883357,0
1890,174602,0,100,0.07848944444444439,0.002283587380661629,0
1891,174702,0,100,0.0779616666666667,0.0023826613987330348,0
1892,174802,0,100,0.07743388888888891,0.002490098946727812,0
1893,174902,0,100,0.07690611111111123,0.0025003723363624885,0
1894,175002,0,100,0.07637833333333344,0.0024613595881965013,0
1895,175021,0.829,19,0.07627805555555567,0.0023832085640414767,1
1896,175039,0.838,18,0.0761830555555556,0.0024232302320241514,1
1897,175139,0,100,0.07565527777777781,0.0023945990268839524,0
1898,175239,0,100,0.07512750000000001,0.00223227102891542,0
1899,175339,0,100,0.07459972222222222,0.0022310707613360137,0
1900,175350,0.901,11,0.07454166666666673,0.002254243045833639,1
1901,175363,0.883,13,0.07447305555555561,0.0026559680834627496,1
1902,175463,0,100,0.07394527777777782,0.002315775227325503,0
1903,175563,0,100,0.07341750000000002,0.002337324669933878,0
1904,175663,0,100,0.07288972222222223,0.002149338618037291,0
1905,175763,0,100,0.07236194444444444,0.002433491310221143,0
1906,175863,0,100,0.07183416666666675,0.002265351237147115,0
1907,175963,0,100,0.07130638888888896,0.0025663674203678967,0
1908,176063,0,100,0.07077861111111117,0.0024403564055683093,0
1909,176163,0,100,0.07025083333333337,0.002153292970615439,0
1910,176263,0,100,0.06972305555555558,0.002419801999349147,0
1911,176363,0,100,0.0691952777777779,0.0024639991362346335,0
1912,176463,0,100,0.06866749999999999,0.0024062485183821993,0
1913,176563,0,100,0.0681397222222222,0.002330468609579839,0
1914,176663,0,100,0.06761194444444452,0.002337993971887045,0
1915,176763,0,100,0.06708416666666672,0.002533314591855742,0
1916,176863,0,100,0.06655638888888893,0.0018967989995144307,0
1917,176886,0.7929999999999999,23,0.06643500000000002,0.002896292760219101,1
1918,176986,0,100,0.06590722222222223,0.002865876433206722,0
1919,177011,0.775,25,0.06577527777777781,0.0028101774817332627,1
1920,177111,0,100,0.06524750000000001,0.002737972140312195,0
1921,177211,0,100,0.06471972222222233,0.0022216111194575203,0
1922,177241,0.73,30,0.06456138888888896,0.0028843778340766828,1
1923,177298,0.487,57,0.06426055555555554,0.0020615683578510294,1
1924,177398,0,100,0.06373277777777786,0.0025244025394204075,0
1925,177498,0,100,0.06320500000000007,0.0025342281634220852,0
1926,177508,0.91,10,0.06315222222222228,0.001598089566687122,1
1927,177608,0,100,0.06262444444444448,0.002227549562812783,0
1928,177708,0,100,0.0620966666666668,0.002074745498248376,0
1929,177808,0,100,0.061568888888888895,0.0021746928739594298,0
1930,177908,0,100,0.0610411111111111,0.0023054414460784755,0
1931,178008,0,100,0.06051333333333342,0.0023390727542573586,0
1932,178108,0,100,0.059985555555555625,0.002238798604812473,0
1933,178208,0,100,0.05945777777777783,0.0024652863439405337,0
1934,178308,0,100,0.05893000000000004,0.002179231848567724,0
1935,178408,0,100,0.058402222222222244,0.002586696584476158,0
1936,178508,0,100,0.05787444444444445,0.0023520027965423652,0
1937,178515,0.9369999999999999,7,0.057837499999999986,0.002683083269013358,1
1938,178615,0,100,0.057309722222222304,0.002523161169956438,0
1939,178715,0,100,0.05678194444444451,0.0021556745743146165,0
1940,178815,0,100,0.056254166666666716,0.0018628454563440755,0
1941,178840,0.775,25,0.056122222222222296,0.002204966831486672,1
1942,178940,0,100,0.0555944444444445,0.0019410717650316656,0
1943,179040,0,100,0.05506666666666671,0.0022087267867755144,0
1944,179051,0.901,11,0.055008611111111216,0.0018727919563058424,1
1945,179151,0,100,0.05448083333333342,0.0024559542641509322,0
1946,179230,0.2889999999999999,79,0.05406388888888902,0.0022180529791696727,1
1947,179330,0,100,0.05353611111111112,0.002044900426408276,0
1948,179430,0,100,0.053008333333333324,0.0025594398705288766,0
1949,179530,0,100,0.05248055555555564,0.0022338420059531926,0
1950,179630,0,100,0.05195277777777785,0.002586139173945412,0
1951,179686,0.4959999999999999,56,0.05165722222222224,0.0030476034787300576,1
1952,179753,0.3969999999999999,67,0.05130361111111115,0.002184779881916718,1
1953,179853,0,100,0.05077583333333335,0.002538422702345997,0
1954,179953,0,100,0.05024805555555567,0.0023191441682865843,0
1955,179968,0.865,15,0.05016888888888893,0.0021733261994086204,1
1956,179978,0.91,10,0.05011611111111114,0.0020196778932586312,1
1957,180078,0,100,0.05,0.0023084930842742326,0
1958,180178,0,100,0.05,0.002549648238345981,0
1959,180278,0,100,0.05,0.002553318944410421,0
1960,180378,0,100,0.05,0.0024183210244518704,0
1961,180478,0,100,0.05,0.0027107089330093005,0
1962,180578,0,100,0.05,0.0026927354262443258,0
1963,180654,0.31599999999999995,76,0.05,0.0025304463656778495,1
1964,180677,0.7929999999999999,23,0.05,0.0018941892447638447,1
1965,180777,0,100,0.05,0.002678021024330519,0
1966,180811,0.694,34,0.05,0.0023123924517730143,1
1967,180911,0,100,0.05,0.0021519623618223706,0
1968,180983,0.352,72,0.05,0.002438677214538782,1
1969,181083,0,100,0.05,0.0021627444389741867,0
1970,181183,0,100,0.05,0.0021396350750001146,0
1971,181218,0.685,35,0.05,0.002387118071783334,1
1972,181318,0,100,0.05,0.002306062921998091,0
1973,181380,0.44199999999999995,62,0.05,0.0021267429739612364,1
1974,181480,0,100,0.05,0.0026477863849140703,0
1975,181580,0,100,0.05,0.0021781171299517154,0
1976,181616,0.6759999999999999,36,0.05,0.0025099811415808895,1
1977,181716,0,100,0.05,0.002079382978845388,0
1978,181816,0,100,0.05,0.0023040788280195555,0
1979,181827,0.901,11,0.05,0.0031088311489756134,1
1980,181927,0,100,0.05,0.002488464484922588,0
1981,182027,0,100,0.05,0.0019412497308803722,0
1982,182127,0,100,0.05,0.0027937221276806666,0
1983,182227,0,100,0.05,0.002637360310764052,0
1984,182327,0,100,0.05,0.002314865298976656,0
1985,182427,0,100,0.05,0.002165318361367099,0
1986,182527,0,100,0.05,0.0026186660991515966,0
1987,182627,0,100,0.05,0.002217535488307476,0
1988,182727,0,100,0.05,0.002558005647151731,0
1989,182733,0.946,6,0.05,0.0015552267626238365,1
1990,182833,0,100,0.05,0.002064471302437596,0
1991,182933,0,100,0.05,0.00224214850430144,0
1992,183033,0,100,0.05,0.0023313563951523975,0
1993,183133,0,100,0.05,0.002148784153687302,0
1994,183196,0.43299999999999994,63,0.05,0.0023333252267172884,1
1995,183296,0,100,0.05,0.002175195529125631,0
1996,183308,0.892,12,0.05,0.003281962669764956,1
1997,183408,0,100,0.05,0.002572472524479963,0
1998,183508,0,100,0.05,0.001967510257381946,0
1999,183608,0,100,0.05,0.0019628015131456776,0
2000,183708,0,100,0.05,0.0024503010004991665,0
2001,183808,0,100,0.05,0.002235793775471393,0
2002,183908,0,100,0.05,0.002280755445826799,0
2003,184008,0,100,0.05,0.002092063816380687,0
2004,184108,0,100,0.05,0.002283760939608328,0
2005,184208,0,100,0.05,0.002442870826635044,0
2006,184308,0,100,0.05,0.002467836033902131,0
2007,184408,0,100,0.05,0.0024132236110745,0
2008,184467,0.469,59,0.05,0.0022543472251696987,1
2009,184567,0,100,0.05,0.002432046034373343,0
2010,184667,0,100,0.05,0.0023888386102044025,0
2011,184767,0,100,0.05,0.002523052144679241,0
2012,184867,0,100,0.05,0.002464659056859091,0
2013,184967,0,100,0.05,0.002191742335562594,0
2014,185067,0,100,0.05,0.002388438259367831,0
2015,185155,0.20799999999999996,88,0.05,0.002565838913472941,1
2016,185255,0,100,0.05,0.0023395355115644633,0
2017,185355,0,100,0.05,0.0022847211844054982,0
2018,185455,0,100,0.05,0.0023931590066058562,0
2019,185555,0,100,0.05,0.0029296751791844143,0
2020,185655,0,100,0.05,0.0020793552068062125,0
2021,185755,0,100,0.05,0.002202058743860107,0
2022,185855,0,100,0.05,0.002467952678562142,0
2023,185955,0,100,0.05,0.002534924818901345,0
2024,186055,0,100,0.05,0.0022433312778593973,0
2025,186100,0.595,45,0.05,0.002442664283120798,1
2026,186200,0,100,0.05,0.0024977140390546994,0
2027,186300,0,100,0.05,0.0024834164665662683,0
2028,186400,0,100,0.05,0.0020753024553414436,0
2029,186500,0,100,0.05,0.0022343718927004376,0
2030,186600,0,100,0.05,0.0024098577362019567,0
2031,186625,0.775,25,0.05,0.002584203444421291,1
2032,186725,0,100,0.05,0.002282277992926538,0
2033,186825,0,100,0.05,0.002232385654351674,0
2034,186925,0,100,0.05,0.002402691606548615,0
2035,187025,0,100,0.05,0.002395482682622969,0
2036,187092,0.3969999999999999,67,0.05,0.0020367431092951725,1
2037,187192,0,100,0.05,0.0021266638074303045,0
2038,187292,0,100,0.05,0.0021975936985109,0
2039,187392,0,100,0.05,0.002655704139615409,0
2040,187492,0,100,0.05,0.00215927476179786,0
2041,187569,0.30699999999999994,77,0.05,0.0022875525472328888,1
2042,187669,0,100,0.05,0.0023264518060022964,0
2043,187769,0,100,0.05,0.0021849818603368477,0
2044,187869,0,100,0.05,0.002153001820843201,0
2045,187969,0,100,0.05,0.0020204331981949508,0
2046,188069,0,100,0.05,0.0020953755974187516,0
2047,188169,0,100,0.05,0.0024224264663644133,0
2048,188269,0,100,0.05,0.002162544105085544,0
2049,188369,0,100,0.05,0.002534297983511351,0
2050,188469,0,100,0.05,0.0022362895868718626,0
2051,188569,0,100,0.05,0.0020469985896488653,0
2052,188669,0,100,0.05,0.0024463595543056725,0
2053,188754,0.235,85,0.05,0.002388009622775237,1
2054,188854,0,100,0.05,0.0026260703805019146,0
2055,188954,0,100,0.05,0.0024629674927564337,0
2056,189054,0,100,0.05,0.002410367203410715,0
2057,189154,0,100,0.05,0.0025547311967238783,0
2058,189254,0,100,0.05,0.0022550474223680794,0
2059,189354,0,100,0.05,0.0025535741142812185,0
2060,189454,0,100,0.05,0.0020880463809589854,0
2061,189554,0,100,0.05,0.002364422747050412,0
2062,189654,0,100,0.05,0.0021466046385467054,0
2063,189751,0.127,97,0.05,0.0018845481483611402,1
2064,189851,0,100,0.05,0.0023230440155020916,0
2065,189951,0,100,0.05,0.002431278224103153,0
2066,190051,0,100,0.05,0.0025066854839678855,0
2067,190151,0,100,0.05,0.002375865842041094,0
2068,190251,0,100,0.05,0.0025056493998272342,0
2069,190351,0,100,0.05,0.002284772605053149,0
2070,190451,0,100,0.05,0.002241148294706363,0
2071,190506,0.5049999999999999,55,0.05,0.0025941735271110453,1
2072,190606,0,100,0.05,0.0019898574048420412,0
2073,190706,0,100,0.05,0.002253464072418865,0
2074,190806,0,100,0.05,0.002489063308457844,0
2075,190906,0,100,0.05,0.002418984017567709,0
2076,191006,0,100,0.05,0.002321656342828646,0
2077,191106,0,100,0.05,0.0024387488706270233,0
2078,191121,0.865,15,0.05,0.0019490087094406288,1
2079,191221,0,100,0.05,0.0021183454402489586,0
2080,191303,0.262,82,0.05,0.00251052155167932,1
2081,191403,0,100,0.05,0.0025019166234415023,0
2082,191405,0.982,2,0.05,0.0015186765813268721,1
2083,191505,0,100,0.05,0.002347897223662585,0
2084,191595,0.18999999999999995,90,0.05,0.0020617429723238778,1
2085,191598,0.973,3,0.05,0.0011844050992901127,1
2086,191698,0,100,0.05,0.0023090792130096814,0
2087,191798,0,100,0.05,0.0022323358987341637,0
2088,191846,0.5680000000000001,48,0.05,0.002283673419393987,1
2089,191946,0,100,0.05,0.002297286986140534,0
2090,192046,0,100,0.05,0.0026614769536536186,0
2091,192146,0,100,0.05,0.0028092232561903073,0
2092,192246,0,100,0.05,0.002252668353612535,0
2093,192283,0.667,37,0.05,0.0021246274928499414,1
2094,192366,0.253,83,0.05,0.0024457502936949976,1
2095,192465,0.10899999999999999,99,0.05,0.0022736130937266005,1
2096,192472,0.9369999999999999,7,0.05,0.002861791099089065,1
2097,192572,0,100,0.05,0.002342390380217694,0
2098,192672,0,100,0.05,0.0022077607444953174,0
2099,192772,0,100,0.05,0.0022953120822785424,0
2100,192872,0,100,0.05,0.002198922802344896,0
2101,192972,0,100,0.05,0.002414559758908581,0
2102,193072,0,100,0.05,0.002320922139333561,0
2103,193172,0,100,0.05,0.002684489498788025,0
2104,193272,0,100,0.05,0.00218224326526979,0
2105,193372,0,100,0.05,0.0025548759309458545,0
2106,193472,0,100,0.05,0.00265037396166008,0
2107,193572,0,100,0.05,0.002409863676293753,0
2108,193672,0,100,0.05,0.002539338844362646,0
2109,193772,0,100,0.05,0.0023451830673730002,0
2110,193872,0,100,0.05,0.001988812690542545,0
2111,193918,0.586,46,0.05,0.0024603120881416226,1
2112,194018,0,100,0.05,0.0025792508001904937,0
2113,194118,0,100,0.05,0.002578275838168338,0
2114,194218,0,100,0.05,0.002827749677817337,0
2115,194318,0,100,0.05,0.0023281437449622897,0
2116,194418,0,100,0.05,0.0023807949776528405,0
2117,194518,0,100,0.05,0.0022761268849717455,0
2118,194618,0,100,0.05,0.0023561635811347515,0
2119,194718,0,100,0.05,0.0021860723081044853,0
2120,194818,0,100,0.05,0.002360419712495059,0
2121,194918,0,100,0.05,0.0024194472015369685,0
2122,195018,0,100,0.05,0.0025944967416580765,0
2123,195118,0,100,0.05,0.002167607423616573,0
2124,195218,0,100,0.05,0.0022819232306210326,0
2125,195318,0,100,0.05,0.0022164896549656987,0
2126,195418,0,100,0.05,0.002232207742636092,0
2127,195502,0.244,84,0.05,0.002267904078637782,1
2128,195602,0,100,0.05,0.0024616100449929945,0
2129,195702,0,100,0.05,0.002754753457265906,0
2130,195708,0.946,6,0.05,0.003492573625408113,1
2131,195808,0,100,0.05,0.0021221663197502493,0
2132,195908,0,100,0.05,0.0021144735100097024,0
2133,196008,0,100,0.05,0.0026169199027935974,0
2134,196108,0,100,0.05,0.002176843942143023,0
2135,196208,0,100,0.05,0.002202710638521239,0
2136,196308,0,100,0.05,0.0024140154581982643,0
2137,196408,0,100,0.05,0.0026670841570012272,0
2138,196508,0,100,0.05,0.002197206655400805,0
2139,196608,0,100,0.05,0.002462938757671509,0
2140,196708,0,100,0.05,0.0021114655025303362,0
2141,196808,0,100,0.05,0.0026334969978779555,0
2142,196908,0,100,0.05,0.0023298172146314754,0
2143,196963,0.5049999999999999,55,0.05,0.002428665324325927,1
2144,197063,0,100,0.05,0.002363279248238541,0
2145,197163,0,100,0.05,0.0023514090239768848,0
2146,197263,0,100,0.05,0.002436271717888303,0
2147,197363,0,100,0.05,0.002385237374692224,0
2148,197463,0,100,0.05,0.0025517395325005054,0
2149,197563,0,100,0.05,0.0026877330243587493,0
2150,197596,0.703,33,0.05,0.0022838795681088936,1
2151,197696,0,100,0.05,0.002554623266332783,0
2152,197796,0,100,0.05,0.002238148750620894,0
2153,197896,0,100,0.05,0.002505971625505481,0
2154,197996,0,100,0.05,0.002124389441451058,0
2155,198096,0,100,0.05,0.0025737657328136266,0
2156,198169,0.34299999999999997,73,0.05,0.002288774389467419,1
2157,198269,0,100,0.05,0.002974933107907418,0
2158,198369,0,100,0.05,0.0024823286433820614,0
2159,198469,0,100,0.05,0.003141441443003714,0
2160,198569,0,100,0.05,0.0021386520998203195,0
2161,198574,0.955,5,0.05,0.002185520273633301,1
2162,198594,0.82,20,0.05,0.0017124304984463378,1
2163,198664,0.37,70,0.05,0.0025643870575420024,1
2164,198764,0,100,0.05,0.0023373580316547304,0
2165,198864,0,100,0.05,0.0022951107801054606,0
2166,198922,0.478,58,0.05,0.002255882831001333,1
2167,199022,0,100,0.05,0.0022064316557953135,0
2168,199122,0,100,0.05,0.0019063279801048339,0
2169,199141,0.829,19,0.05,0.0019814116531051695,1
2170,199241,0,100,0.05,0.002380958729190752,0
2171,199341,0,100,0.05,0.0025253573706140744,0
2172,199441,0,100,0.05,0.0023564962454838676,0
2173,199541,0,100,0.05,0.0025887053986662066,0
2174,199641,0,100,0.05,0.002562382021569647,0
2175,199667,0.766,26,0.05,0.002082543051353871,1
2176,199767,0,100,0.05,0.002478993433760479,0
2177,199867,0,100,0.05,0.0021047611540416255,0
2178,199967,0,100,0.05,0.0024778607743792236,0
2179,200067,0,100,0.05,0.002275785620440729,0
2180,200068,0.991,1,0.05,0.001090788864530623,1
2181,200085,0.847,17,0.05,0.002176039746058557,1
2182,200185,0,100,0.05,0.002071786109590903,0
2183,200285,0,100,0.05,0.0024445149663370105,0
2184,200385,0,100,0.05,0.002113293232396245,0
2185,200456,0.361,71,0.05,0.002281728818763415,1
2186,200556,0,100,0.05,0.0025828944268869235,0
2187,200656,0,100,0.05,0.00261591192393098,0
2188,200660,0.964,4,0.05,0.001929410733282566,1
2189,200760,0,100,0.05,0.002287718103034422,0
2190,200860,0,100,0.05,0.002371153685380705,0
2191,200862,0.982,2,0.05,0.005415352177806199,1
2192,200962,0,100,0.05,0.0021803341998020186,0
2193,201062,0,100,0.05,0.002607802042039111,0
2194,201162,0,100,0.05,0.0024329590640263634,0
2195,201262,0,100,0.05,0.0020480979539570397,0
2196,201362,0,100,0.05,0.0017712397075956687,0
2197,201456,0.15400000000000003,94,0.05,0.0022185693657213942,1
2198,201556,0,100,0.05,0.002238046179409139,0
2199,201656,0,100,0.05,0.002410846138955094,0
2200,201756,0,100,0.05,0.00222365149500547,0
2201,201856,0,100,0.05,0.0020964804047252984,0
2202,201929,0.34299999999999997,73,0.05,0.0025563871807718574,1
2203,201986,0.487,57,0.05,0.002189714166441965,1
2204,202086,0,100,0.05,0.0023994444651179946,0
2205,202186,0,100,0.05,0.0021929665684001522,0
2206,202286,0,100,0.05,0.0023784407653147355,0
2207,202339,0.5229999999999999,53,0.05,0.0022796010829174433,1
2208,202388,0.5589999999999999,49,0.05,0.0023620100585002527,1
2209,202390,0.982,2,0.05,0.0031412180978804827,1
2210,202482,0.17199999999999993,92,0.05,0.002283121144421824,1
2211,202578,0.136,96,0.05,0.002397248550551012,1
2212,202678,0,100,0.05,0.0022791682340903207,0
2213,202778,0,100,0.05,0.002434164813894313,0
2214,202792,0.874,14,0.05,0.0024936208376727465,1
2215,202807,0.865,15,0.05,0.001952444160512338,1
2216,202907,0,100,0.05,0.0024787366777309218,0
2217,203007,0,100,0.05,0.0021198148978874088,0
2218,203107,0,100,0.05,0.002375355160329491,0
2219,203207,0,100,0.05,0.0021237765869591384,0
2220,203307,0,100,0.05,0.002130361504678149,0
2221,203407,0,100,0.05,0.0024282714468427,0
2222,203507,0,100,0.05,0.0023366214011912236,0
2223,203607,0,100,0.05,0.00245693524426315,0
2224,203707,0,100,0.05,0.002263450900209136,0
2225,203807,0,100,0.05,0.002396710471366532,0
2226,203853,0.586,46,0.05,0.001974272389855722,1
2227,203953,0,100,0.05,0.002262535570480395,0
2228,204053,0,100,0.05,0.0025906352503807283,0
2229,204081,0.748,28,0.05,0.002857568470062688,1
2230,204098,0.847,17,0.05,0.0021781871225410965,1
2231,204198,0,100,0.05,0.002441959900315851,0
2232,204298,0,100,0.05,0.002250694886315614,0
2233,204398,0,100,0.05,0.0027656078664585948,0
2234,204498,0,100,0.05,0.0024726177580305375,0
2235,204598,0,100,0.05,0.0024413120618555694,0
2236,204698,0,100,0.05,0.002266302958887536,0
2237,204798,0,100,0.05,0.002166128445533104,0
2238,204843,0.595,45,0.05,0.002156061771610338,1
2239,204943,0,100,0.05,0.002133314824895933,0
2240,205043,0,100,0.05,0.0021802339452551677,0
2241,205052,0.919,9,0.05,0.0025244245706643495,1
2242,205105,0.5229999999999999,53,0.05,0.0027741411281310305,1
2243,205205,0,100,0.05,0.002547071339213289,0
2244,205305,0,100,0.05,0.002363647627644241,0
2245,205405,0,100,0.05,0.0024109406332718207,0
2246,205505,0,100,0.05,0.00208836206671549,0
2247,205605,0,100,0.05,0.002518156741862185,0
2248,205705,0,100,0.05,0.0025542199407937007,0
2249,205805,0,100,0.05,0.002422815979807638,0
2250,205851,0.586,46,0.05,0.0024534193356015276,1
2251,205853,0.982,2,0.05,0.005169335752725601,1
2252,205953,0,100,0.05,0.002700432133860886,0
2253,206053,0,100,0.05,0.0023939945694291965,0
2254,206153,0,100,0.05,0.0020032464957330377,0
2255,206253,0,100,0.05,0.002507615616195835,0
2256,206353,0,100,0.05,0.002321931221522391,0
2257,206373,0.82,20,0.05,0.00226505576283671,1
2258,206401,0.748,28,0.05,0.0025510852491217,1
2259,206409,0.9279999999999999,8,0.05,0.0019625733912107535,1
2260,206509,0,100,0.05,0.0026211742288433015,0
2261,206609,0,100,0.05,0.0023449383169645444,0
2262,206663,0.514,54,0.05,0.002462307025712949,1
2263,206763,0,100,0.05,0.0023422063852194695,0
2264,206863,0,100,0.05,0.002313865900214296,0
2265,206963,0,100,0.05,0.00225905136205256,0
2266,207063,0,100,0.05,0.0022250787369557656,0
2267,207163,0,100,0.05,0.002352074394584633,0
2268,207263,0,100,0.05,0.0021095350419636817,0
2269,207363,0,100,0.05,0.0023074219544650986,0
2270,207463,0,100,0.05,0.002331877324031666,0
2271,207553,0.18999999999999995,90,0.05,0.0021851659011897736,1
2272,207653,0,100,0.05,0.0024839025759138167,0
2273,207753,0,100,0.05,0.0020120824352488852,0
2274,207851,0.118,98,0.05,0.0025441584923323623,1
2275,207951,0,100,0.05,0.0024011825647903607,0
2276,208012,0.45099999999999996,61,0.05,0.0019133586196045651,1
2277,208112,0,100,0.05,0.0025936662522144617,0
2278,208212,0,100,0.05,0.002397117769578472,0
2279,208312,0,100,0.05,0.0025047459045890717,0
2280,208412,0,100,0.05,0.0025125488342018797,0
2281,208512,0,100,0.05,0.002306116310064681,0
2282,208612,0,100,0.05,0.002317038681358099,0
2283,208712,0,100,0.05,0.002407119022391271,0
2284,208797,0.235,85,0.05,0.0026103141542989762,1
2285,208897,0,100,0.05,0.0027777811099076646,0
2286,208997,0,100,0.05,0.0020869569276692345,0
2287,209097,0,100,0.05,0.002376334164873697,0
2288,209197,0,100,0.05,0.002352597640710883,0
2289,209297,0,100,0.05,0.0025770824297796937,0
2290,209343,0.586,46,0.05,0.001753962741729439,1
2291,209443,0,100,0.05,0.0025281304481904955,0
2292,209543,0,100,0.05,0.0024329816934186965,0
2293,209643,0,100,0.05,0.002802390594733879,0
2294,209743,0,100,0.05,0.0025327664459473456,0
2295,209843,0,100,0.05,0.0022247559126117268,0
2296,209943,0,100,0.05,0.0026834041354595684,0
2297,209970,0.757,27,0.05,0.0021401663198722183,1
2298,210070,0,100,0.05,0.00249509150889935,0
2299,210170,0,100,0.05,0.0022475081268930807,0
2300,210270,0,100,0.05,0.0021644309582188725,0
2301,210370,0,100,0.05,0.0024292878981214015,0
2302,210470,0,100,0.05,0.0022231943072983994,0
2303,210570,0,100,0.05,0.002290574228100013,0
2304,210670,0,100,0.05,0.002342023685341701,0
2305,210770,0,100,0.05,0.002117714247433469,0
2306,210786,0.856,16,0.05,0.001891013638669392,1
2307,210885,0.10899999999999999,99,0.05,0.0022039992230323455,1
2308,210969,0.244,84,0.05,0.0021863353273753696,1
2309,211069,0,100,0.05,0.002166703644033987,0
2310,211094,0.775,25,0.05,0.002339388905093074,1
2311,211194,0,100,0.05,0.002618692507967353,0
2312,211294,0,100,0.05,0.002484304953541141,0
2313,211394,0,100,0.05,0.002532119341776706,0
2314,211494,0,100,0.05,0.002344097947352566,0
2315,211594,0,100,0.05,0.0023613588986336254,0
2316,211640,0.586,46,0.05,0.0028001839211514302,1
2317,211740,0,100,0.05,0.0024005640353425405,0
2318,211778,0.6579999999999999,38,0.05,0.002760560761855327,1
2319,211878,0,100,0.05,0.0022088942094706,0
2320,211978,0,100,0.05,0.002611799986916594,0
2321,212074,0.136,96,0.05,0.002417937180628845,1
2322,212174,0,100,0.05,0.0025286625185981394,0
2323,212274,0,100,0.05,0.002357385440845974,0
2324,212374,0,100,0.05,0.002089543885085732,0
2325,212474,0,100,0.05,0.002424531526048668,0
2326,212574,0,100,0.05,0.0024643625010503456,0
2327,212668,0.15400000000000003,94,0.05,0.002407471771027516,1
2328,212678,0.91,10,0.05,0.001865236065350473,1
2329,212778,0,100,0.05,0.002175920612644404,0
2330,212864,0.22599999999999998,86,0.05,0.002425202393909743,1
2331,212964,0,100,0.05,0.002449846924573649,0
2332,213030,0.4059999999999999,66,0.05,0.002150805070855175,1
2333,213130,0,100,0.05,0.002575495382770896,0
2334,213230,0,100,0.05,0.0023353807808598505,0
2335,213330,0,100,0.05,0.002255274786730297,0
2336,213393,0.43299999999999994,63,0.05,0.002024596554249348,1
2337,213493,0,100,0.05,0.0023616416461300104,0
2338,213593,0,100,0.05,0.0027310196607140823,0
2339,213693,0,100,0.05,0.0022462748060934246,0
2340,213793,0,100,0.05,0.0020878944417927416,0
2341,213893,0,100,0.05,0.0026386362739140167,0
2342,213942,0.5589999999999999,49,0.05,0.002278675702970703,1
2343,214042,0,100,0.05,0.0028133289312245323,0
2344,214142,0,100,0.05,0.0020601493393769487,0
2345,214242,0,100,0.05,0.0023989863143651746,0
2346,214342,0,100,0.05,0.0023009356093825774,0
2347,214442,0,100,0.05,0.002662145170615986,0
2348,214511,0.379,69,0.05,0.00223578297553341,1
2349,214611,0,100,0.05,0.0021069407009053974,0
2350,214711,0,100,0.05,0.0026098155006184245,0
2351,214811,0,100,0.05,0.001994087258935906,0
2352,214911,0,100,0.05,0.00241066227783449,0
2353,215011,0,100,0.05,0.0021499620741815308,0
2354,215045,0.694,34,0.05,0.0023453987275442,1
2355,215145,0,100,0.05,0.0024528260325314476,0
2356,215245,0,100,0.05,0.0024982335246750156,0
2357,215275,0.73,30,0.05,0.0024478123154646407,1
2358,215375,0,100,0.05,0.002302123455447145,0
2359,215475,0,100,0.05,0.0022319635140593164,0
2360,215575,0,100,0.05,0.002091148468607571,0
2361,215675,0,100,0.05,0.0023023130383808166,0
2362,215775,0,100,0.05,0.002634148001088761,0
2363,215875,0,100,0.05,0.002328807261947077,0
2364,215965,0.18999999999999995,90,0.05,0.0022644922719337046,1
2365,216065,0,100,0.05,0.002465732834243681,0
2366,216165,0,100,0.05,0.002412367354845628,0
2367,216169,0.964,4,0.05,0.0031005465134512633,1
2368,216269,0,100,0.05,0.002351267891936004,0
2369,216290,0.8109999999999999,21,0.05,0.0024126003734723086,1
2370,216390,0,100,0.05,0.0025803524334332907,0
2371,216429,0.649,39,0.05,0.0024230970616022553,1
2372,216529,0,100,0.05,0.0024269548588199542,0
2373,216629,0,100,0.05,0.0025716701368219217,0
2374,216729,0,100,0.05,0.002518255579052493,0
2375,216829,0,100,0.05,0.0024434361394378356,0
2376,216929,0,100,0.05,0.002394754463457502,0
2377,217029,0,100,0.05,0.002512058629654348,0
2378,217129,0,100,0.05,0.002596359551826026,0
2379,217229,0,100,0.05,0.0022416361450450493,0
2380,217266,0.667,37,0.05,0.002375625539571047,1
2381,217284,0.838,18,0.05,0.002270943001753444,1
2382,217384,0,100,0.05,0.00296174242219422,0
2383,217484,0,100,0.05,0.002575283068581484,0
2384,217555,0.361,71,0.05,0.0026488191485864072,1
2385,217655,0,100,0.05,0.0025186269992263986,0
2386,217755,0,100,0.05,0.002696596281020902,0
2387,217855,0,100,0.05,0.002702034446410835,0
2388,217878,0.7929999999999999,23,0.05,0.0027793655880605397,1
2389,217978,0,100,0.05,0.0025520846637664364,0
2390,218078,0,100,0.05,0.0026276085164863615,0
2391,218088,0.91,10,0.05,0.0023935794655699284,1
2392,218148,0.45999999999999996,60,0.05,0.0025609565404010937,1
2393,218226,0.29799999999999993,78,0.05,0.00237249289579594,1
2394,218251,0.775,25,0.05,0.0020264352788217366,1
2395,218351,0,100,0.05,0.0024561055394588037,0
2396,218451,0,100,0.05,0.002587314292904921,0
2397,218551,0,100,0.05,0.0025088802736718207,0
2398,218651,0,100,0.05,0.0023637452779803423,0
2399,218751,0,100,0.05,0.002248066735919565,0
2400,218764,0.883,13,0.05,0.0036856426114144805,1
2401,218864,0,100,0.05,0.0022996132529806345,0
2402,218878,0.874,14,0.05,0.001839177100919187,1
2403,218950,0.352,72,0.05,0.0026457163241704823,1
2404,219050,0,100,0.05,0.0023932171129854396,0
2405,219150,0,100,0.05,0.0027501124591799452,0
2406,219250,0,100,0.05,0.002503865191247314,0
2407,219350,0,100,0.05,0.002515842588036321,0
2408,219406,0.4959999999999999,56,0.05,0.0024408958322185625,1
2409,219505,0.10899999999999999,99,0.05,0.0024614799509031903,1
2410,219605,0,100,0.05,0.0024478123697917907,0
2411,219705,0,100,0.05,0.0023785495513584465,0
2412,219805,0,100,0.05,0.002390931524860207,0
2413,219905,0,100,0.05,0.0024470225354889406,0
2414,220005,0,100,0.05,0.0024195341335143893,0
2415,220105,0,100,0.05,0.0025870581745402886,0
2416,220205,0,100,0.05,0.002733829749049619,0
2417,220305,0,100,0.05,0.0021068502141861245,0
2418,220405,0,100,0.05,0.002363019170879852,0
2419,220481,0.31599999999999995,76,0.05,0.0026329688208582076,1
2420,220581,0,100,0.05,0.002595982450293377,0
2421,220681,0,100,0.05,0.0022120064607588576,0
2422,220781,0,100,0.05,0.0025835246991482565,0
2423,220881,0,100,0.05,0.002259737135027535,0
2424,220981,0,100,0.05,0.0022629614890320227,0
2425,221081,0,100,0.05,0.002580277751549147,0
2426,221181,0,100,0.05,0.0023409413860645146,0
2427,221281,0,100,0.05,0.0025919623422669246,0
2428,221381,0,100,0.05,0.00272899614443304,0
2429,221481,0,100,0.05,0.002536596700665541,0
2430,221581,0,100,0.05,0.0023385290522128345,0
2431,221681,0,100,0.05,0.0027688599831890313,0
2432,221781,0,100,0.05,0.00232465868757572,0
2433,221881,0,100,0.05,0.0022602739761350675,0
2434,221981,0,100,0.05,0.0022677291836589574,0
2435,222016,0.685,35,0.05,0.00289173181102212,1
2436,222116,0,100,0.05,0.002786794115090743,0
2437,222155,0.649,39,0.05,0.002165761680748218,1
2438,222255,0,100,0.05,0.0022958181326976045,0
2439,222355,0,100,0.05,0.002659590482362546,0
2440,222455,0,100,0.05,0.002500817339750938,0
2441,222555,0,100,0.05,0.003014113566023298,0
2442,222655,0,100,0.05,0.0021430720621719956,0
2443,222755,0,100,0.05,0.0023468844569288195,0
2444,222855,0,100,0.05,0.0019316798000363633,0
2445,222871,0.856,16,0.05,0.002212541876360774,1
2446,222885,0.874,14,0.05,0.00236864568432793,1
2447,222985,0,100,0.05,0.002569984415313229,0
2448,223085,0,100,0.05,0.002400955221091863,0
2449,223185,0,100,0.05,0.002363758654682897,0
2450,223285,0,100,0.05,0.0024170941358897836,0
2451,223385,0,100,0.05,0.002291507504414767,0
2452,223485,0,100,0.05,0.0026274549652589487,0
2453,223585,0,100,0.05,0.0025158937060041353,0
2454,223685,0,100,0.05,0.0026417772364220582,0
2455,223696,0.901,11,0.05,0.002683272722854533,1
2456,223796,0,100,0.05,0.002447814722545445,0
2457,223799,0.973,3,0.05,0.0018319243875642617,1
2458,223899,0,100,0.05,0.002062841032748111,0
2459,223999,0,100,0.05,0.00268744150234852,0
2460,224045,0.586,46,0.05,0.002602807575148409,1
2461,224133,0.20799999999999996,88,0.05,0.0026530349648303604,1
2462,224207,0.33399999999999996,74,0.05,0.002790860353490791,1
2463,224307,0,100,0.05,0.0026867097249487415,0
2464,224407,0,100,0.05,0.0024096232344163583,0
2465,224507,0,100,0.05,0.0022748326265718787,0
2466,224607,0,100,0.05,0.0027501950989244506,0
2467,224707,0,100,0.05,0.0027546233416069297,0
2468,224807,0,100,0.05,0.0032689414551714435,0
2469,224907,0,100,0.05,0.00238117515866179,0
2470,225007,0,100,0.05,0.002938466073246673,0
2471,225026,0.829,19,0.05,0.002835219162271211,1
2472,225031,0.955,5,0.05,0.002171165810432285,1
2473,225131,0,100,0.05,0.0030343174550216644,0
2474,225231,0,100,0.05,0.0022792370384559033,0
2475,225331,0,100,0.05,0.0024035363557050006,0
2476,225431,0,100,0.05,0.0026612974776071495,0
2477,225525,0.15400000000000003,94,0.05,0.0025106230242911013,1
2478,225625,0,100,0.05,0.0029387473280075935,0
2479,225725,0,100,0.05,0.0023222365719266238,0
2480,225825,0,100,0.05,0.002426849386538379,0
2481,225896,0.361,71,0.05,0.0025572955975650064,1
2482,225996,0,100,0.05,0.0021662350499536843,0
2483,226096,0,100,0.05,0.0025867465388728305,0
2484,226109,0.883,13,0.05,0.0027714591258420395,1
2485,226209,0,100,0.05,0.0027515193773433567,0
2486,226309,0,100,0.05,0.002438163665938191,0
2487,226409,0,100,0.05,0.0027544525603298096,0
2488,226509,0,100,0.05,0.002492577870725654,0
2489,226609,0,100,0.05,0.0023459953139536084,0
2490,226709,0,100,0.05,0.002779117590980604,0
2491,226809,0,100,0.05,0.0028030245925765485,0
2492,226909,0,100,0.05,0.0026931908284313975,0
2493,226957,0.5680000000000001,48,0.05,0.0027124923108203802,1
2494,227057,0,100,0.05,0.0024541087803663687,0
2495,227157,0,100,0.05,0.0027380273363087327,0
2496,227257,0,100,0.05,0.0026238918490707874,0
2497,227357,0,100,0.05,0.0025825303833698853,0
2498,227418,0.45099999999999996,61,0.05,0.002388249081273212,1
2499,227441,0.7929999999999999,23,0.05,0.002913490046605306,1
2500,227541,0,100,0.05,0.002791857948177494,0
2501,227592,0.5409999999999999,51,0.05,0.0024935099497145298,1
2502,227692,0,100,0.05,0.002349773538298905,0
2503,227700,0.9279999999999999,8,0.05,0.0013460785703500733,1
2504,227800,0,100,0.05,0.00217150523501914,0
2505,227900,0,100,0.05,0.0024969625630183144,0
2506,228000,0,100,0.05,0.0022149238298879935,0
2507,228018,0.838,18,0.05,0.0021826909279399035,1
2508,228118,0,100,0.05,0.002527771146851592,0
2509,228218,0,100,0.05,0.002689591262023896,0
2510,228318,0,100,0.05,0.0025825161079410463,0
2511,228418,0,100,0.05,0.0023693031567381694,0
2512,228518,0,100,0.05,0.0024962934205541385,0
2513,228537,0.829,19,0.05,0.002766523896226365,1
2514,228602,0.4149999999999999,65,0.05,0.0021752310692905808,1
2515,228702,0,100,0.05,0.0023865817324258388,0
2516,228802,0,100,0.05,0.002643134351237677,0
2517,228902,0,100,0.05,0.002932414436363615,0
2518,229002,0,100,0.05,0.002553639158140868,0
2519,229073,0.361,71,0.05,0.002584496731082843,1
2520,229173,0,100,0.05,0.0024396911601070313,0
2521,229273,0,100,0.05,0.00277300597197609,0
2522,229373,0,100,0.05,0.002478630725527182,0
2523,229473,0,100,0.05,0.0024929719301871956,0
2524,229573,0,100,0.05,0.002291275174939074,0
2525,229607,0.694,34,0.05,0.0024685573007445782,1
2526,229640,0.703,33,0.05,0.0025426889540430047,1
2527,229740,0,100,0.05,0.0024787001207005233,0
2528,229840,0,100,0.05,0.003180312953190878,0
2529,229855,0.865,15,0.05,0.0014624870421054462,1
2530,229955,0,100,0.05,0.002253712454694323,0
2531,229992,0.667,37,0.05,0.0027787299792131257,1
2532,230092,0,100,0.05,0.002754487314377911,0
2533,230192,0,100,0.05,0.002732488625915721,0
2534,230292,0,100,0.05,0.002760556925786659,0
2535,230392,0,100,0.05,0.0027270303427940233,0
2536,230492,0,100,0.05,0.002224887079792097,0
2537,230592,0,100,0.05,0.0027060520823579282,0
2538,230692,0,100,0.05,0.0029900174512295053,0
2539,230792,0,100,0.05,0.002665496279951185,0
2540,230892,0,100,0.05,0.002447602195898071,0
2541,230954,0.44199999999999995,62,0.05,0.0026698663733118484,1
2542,231054,0,100,0.05,0.0024158446985529736,0
2543,231154,0,100,0.05,0.0023385612486163153,0
2544,231254,0,100,0.05,0.002689725768286735,0
2545,231354,0,100,0.05,0.0025716553334495986,0
2546,231454,0,100,0.05,0.002650103598134592,0
2547,231478,0.784,24,0.05,0.0032316360981591665,1
2548,231578,0,100,0.05,0.0024865594157017766,0
2549,231595,0.847,17,0.05,0.0016380993577459937,1
2550,231695,0,100,0.05,0.002226915576320607,0
2551,231795,0,100,0.05,0.0027739762974670155,0
2552,231895,0,100,0.05,0.002578930835588835,0
2553,231901,0.946,6,0.05,0.003208660054951906,1
2554,232001,0,100,0.05,0.002367589026107453,0
2555,232101,0,100,0.05,0.0023632306628860534,0
2556,232186,0.235,85,0.05,0.0027719970265239037,1
2557,232256,0.37,70,0.05,0.0027206161799508016,1
2558,232356,0,100,0.05,0.002352081164717674,0
2559,232456,0,100,0.05,0.002520113318460062,0
2560,232556,0,100,0.05,0.0019514874217566103,0
2561,232640,0.244,84,0.05,0.0023154101744737652,1
2562,232740,0,100,0.05,0.0019270569819491356,0
2563,232840,0,100,0.05,0.002451546422671527,0
2564,232878,0.6579999999999999,38,0.05,0.0026583640857624183,1
2565,232922,0.604,44,0.05,0.0020638850758339026,1
2566,233022,0,100,0.05,0.00223758433945477,0
2567,233122,0,100,0.05,0.0024114160850876943,0
2568,233222,0,100,0.05,0.0025473745225463064,0
2569,233322,0,100,0.05,0.002449598038219847,0
2570,233422,0,100,0.05,0.0024819848942570387,0
2571,233522,0,100,0.05,0.002588424974237569,0
2572,233622,0,100,0.05,0.0028350602550199257,0
2573,233633,0.901,11,0.05,0.002234667137434537,1
2574,233733,0,100,0.05,0.002203172015724704,0
2575,233765,0.712,32,0.05,0.0025165996776195243,1
2576,233865,0,100,0.05,0.002054695216938853,0
2577,233965,0,100,0.05,0.002741436025244184,0
2578,233999,0.694,34,0.05,0.0021535094163161426,1
2579,234099,0,100,0.05,0.002545064179576002,0
2580,234199,0,100,0.05,0.002590425121015869,0
2581,234299,0,100,0.05,0.002246944319922477,0
2582,234399,0,100,0.05,0.0024424476627609693,0
2583,234499,0,100,0.05,0.00238407529250253,0
2584,234521,0.802,22,0.05,0.002530004530192607,1
2585,234621,0,100,0.05,0.0024209797795629127,0
2586,234721,0,100,0.05,0.0021211956822662615,0
2587,234821,0,100,0.05,0.0023323791765142233,0
2588,234921,0,100,0.05,0.002257328789564781,0
2589,235021,0,100,0.05,0.0018242377150454558,0
2590,235121,0,100,0.05,0.0023791451094439253,0
2591,235156,0.685,35,0.05,0.0026976093017895305,1
2592,235185,0.739,29,0.05,0.002302604444437371,1
2593,235214,0.739,29,0.05,0.002458220974999833,1
2594,235314,0,100,0.05,0.0023812629980966447,0
2595,235414,0,100,0.05,0.0022661629170761446,0
2596,235514,0,100,0.05,0.0024102773569757117,0
2597,235614,0,100,0.05,0.002406412564741913,0
2598,235624,0.91,10,0.05,0.002633899904321879,1
2599,235724,0,100,0.05,0.0026896009186748414,0
2600,235824,0,100,0.05,0.0022063805267680437,0
2601,235924,0,100,0.05,0.002446056079934351,0
2602,236024,0,100,0.05,0.0026720445591490714,0
2603,236034,0.91,10,0.05,0.0027067537885159254,1
2604,236102,0.3879999999999999,68,0.05,0.002505180664764553,1
2605,236202,0,100,0.05,0.0024026866676285863,0
2606,236284,0.262,82,0.05,0.002855094315103687,1
2607,236384,0,100,0.05,0.002393363265437074,0
2608,236484,0,100,0.05,0.002282530613592826,0
2609,236584,0,100,0.05,0.002394053191819694,0
2610,236601,0.847,17,0.05,0.00226354955092949,1
2611,236609,0.9279999999999999,8,0.05,0.0022704569419147447,1
2612,236709,0,100,0.05,0.002098663993529044,0
2613,236809,0,100,0.05,0.002125428240688052,0
2614,236854,0.595,45,0.05,0.0022768049526752697,1
2615,236954,0,100,0.05,0.0021112897439161315,0
2616,237054,0,100,0.05,0.0022636408315156588,0
2617,237154,0,100,0.05,0.0024542226834455504,0
2618,237203,0.5589999999999999,49,0.05,0.0025100494991531787,1
2619,237303,0,100,0.05,0.002307021688320674,0
2620,237379,0.31599999999999995,76,0.05,0.002004118441714366,1
2621,237479,0,100,0.05,0.0026288099261000753,0
2622,237579,0,100,0.05,0.002308058408671059,0
2623,237679,0,100,0.05,0.002607093559927307,0
2624,237779,0,100,0.05,0.002212180952774361,0
2625,237879,0,100,0.05,0.0021889478378579953,0
2626,237979,0,100,0.05,0.0019870893997722306,0
2627,238079,0,100,0.05,0.0023968664830317722,0
2628,238179,0,100,0.05,0.0023891842938610353,0
2629,238279,0,100,0.05,0.002474000375950709,0
2630,238379,0,100,0.05,0.0028983222140232102,0
2631,238479,0,100,0.05,0.002486812194692902,0
2632,238579,0,100,0.05,0.0025331516395090147,0
2633,238679,0,100,0.05,0.0027982895117020234,0
2634,238779,0,100,0.05,0.0026556167443050074,0
2635,238879,0,100,0.05,0.002315130615606904,0
2636,238979,0,100,0.05,0.0023914620582945645,0
2637,239079,0,100,0.05,0.0023184704029699786,0
2638,239179,0,100,0.05,0.0027985456190072,0
2639,239279,0,100,0.05,0.0026880105660529808,0
2640,239379,0,100,0.05,0.002612108666799031,0
2641,239479,0,100,0.05,0.002394947042921558,0
2642,239507,0.748,28,0.05,0.002231733289331065,1
2643,239607,0,100,0.05,0.0021087601559702305,0
2644,239623,0.856,16,0.05,0.0019878983257513028,1
2645,239723,0,100,0.05,0.002346663582138717,0
2646,239823,0,100,0.05,0.0027970166885643265,0
2647,239923,0,100,0.05,0.002377772923791781,0
2648,240023,0,100,0.05,0.002274009175307583,0
2649,240123,0,100,0.05,0.0026964756884262898,0
2650,240223,0,100,0.05,0.0024130851111840456,0
2651,240323,0,100,0.05,0.002310335636138916,0
2652,240423,0,100,0.05,0.0024153668887447566,0
2653,240523,0,100,0.05,0.0025104495807318017,0
2654,240623,0,100,0.05,0.0024994073528796434,0
2655,240723,0,100,0.05,0.002064685809891671,0
2656,240823,0,100,0.05,0.00227102152624866,0
2657,240923,0,100,0.05,0.0025244673711131327,0
2658,240997,0.33399999999999996,74,0.05,0.002115465862663916,1
2659,241097,0,100,0.05,0.0028614020632812755,0
2660,241197,0,100,0.05,0.0027316551707917826,0
2661,241297,0,100,0.05,0.00254770711006131,0
2662,241314,0.847,17,0.05,0.002202190907315954,1
2663,241414,0,100,0.05,0.0027219108550343664,0
2664,241514,0,100,0.05,0.002513690877822228,0
2665,241614,0,100,0.05,0.002357494505995419,0
2666,241703,0.19899999999999995,89,0.05,0.0022244209049562557,1
2667,241744,0.631,41,0.05,0.0027041598109573853,1
2668,241844,0,100,0.05,0.002284155506058596,0
2669,241944,0,100,0.05,0.0022270646691322326,0
2670,242044,0,100,0.05,0.0023568789346609265,0
2671,242144,0,100,0.05,0.002504846483934671,0
2672,242244,0,100,0.05,0.0022478696843609212,0
2673,242344,0,100,0.05,0.0029106917430181058,0
2674,242347,0.973,3,0.05,0.0020503615960478783,1
2675,242447,0,100,0.05,0.0025219334458233787,0
2676,242547,0,100,0.05,0.002236288765561767,0
2677,242647,0,100,0.05,0.0027304832480149342,0
2678,242747,0,100,0.05,0.002219235847587697,0
2679,242778,0.721,31,0.05,0.0021873778783746303,1
2680,242851,0.34299999999999997,73,0.05,0.0022150355228541855,1
2681,242855,0.964,4,0.05,0.0011181584413861856,1
2682,242955,0,100,0.05,0.002356839821441099,0
2683,243055,0,100,0.05,0.002331587561056949,0
2684,243155,0,100,0.05,0.0024170547229005026,0
2685,243183,0.748,28,0.05,0.0024862475090360802,1
2686,243217,0.694,34,0.05,0.00238203932359979,1
2687,243223,0.946,6,0.05,0.00307491723409233,1
2688,243323,0,100,0.05,0.0022592356923269107,0
2689,243423,0,100,0.05,0.002681632209569216,0
2690,243523,0,100,0.05,0.0027463276259368286,0
2691,243623,0,100,0.05,0.0025317533215275033,0
2692,243723,0,100,0.05,0.0021685361862182617,0
2693,243823,0,100,0.05,0.0026163140730932357,0
2694,243923,0,100,0.05,0.0023308252030983566,0
2695,243951,0.748,28,0.05,0.002565825530577318,1
2696,244051,0,100,0.05,0.002304605057288427,0
2697,244151,0,100,0.05,0.002499391577439383,0
2698,244251,0,100,0.05,0.0026138422620715575,0
2699,244351,0,100,0.05,0.002508988598710857,0
2700,244451,0,100,0.05,0.0024135272111743687,0
2701,244551,0,100,0.05,0.002014200196717866,0
2702,244651,0,100,0.05,0.002351721880841069,0
2703,244751,0,100,0.05,0.002410569336498156,0
2704,244851,0,100,0.05,0.0027056968200486154,0
2705,244951,0,100,0.05,0.0025748443917836994,0
2706,244989,0.6579999999999999,38,0.05,0.0023476103578056943,1
2707,245061,0.352,72,0.05,0.0027105923590069222,1
2708,245161,0,100,0.05,0.002179112264420837,0
2709,245261,0,100,0.05,0.0023365865732193924,0
2710,245287,0.766,26,0.05,0.002181661424961371,1
2711,245387,0,100,0.05,0.0021863948134705426,0
2712,245487,0,100,0.05,0.0022948546631960196,0
2713,245514,0.757,27,0.05,0.002374887341391985,1
2714,245614,0,100,0.05,0.0027548518852563574,0
2715,245714,0,100,0.05,0.0024803923722356556,0
2716,245814,0,100,0.05,0.0022341615296318194,0
2717,245914,0,100,0.05,0.0026797910197637973,0
2718,246014,0,100,0.05,0.0027664795448072254,0
2719,246114,0,100,0.05,0.002969523873180151,0
2720,246214,0,100,0.05,0.0024774606100982054,0
2721,246257,0.613,43,0.05,0.0031649223122702437,1
2722,246357,0,100,0.05,0.0025703743420308458,0
2723,246457,0,100,0.05,0.002264966248185374,0
2724,246557,0,100,0.05,0.002444385413546115,0
2725,246562,0.955,5,0.05,0.002560099179390818,1
2726,246662,0,100,0.05,0.002660976704210043,0
2727,246762,0,100,0.05,0.00237617326201871,0
2728,246862,0,100,0.05,0.0020579409354832025,0
2729,246962,0,100,0.05,0.0023343592596938834,0
2730,247062,0,100,0.05,0.0025110556243453175,0
2731,247162,0,100,0.05,0.002679593682405539,0
2732,247174,0.892,12,0.05,0.002629882413505887,1
2733,247274,0,100,0.05,0.002642745480989106,0
2734,247374,0,100,0.05,0.002668031029170379,0
2735,247474,0,100,0.05,0.002596783502958715,0
2736,247574,0,100,0.05,0.0026242065301630645,0
2737,247674,0,100,0.05,0.002542194075649604,0
2738,247774,0,100,0.05,0.0025648614269448444,0
2739,247874,0,100,0.05,0.0022119992336956783,0
2740,247974,0,100,0.05,0.00222524061857257,0
2741,248074,0,100,0.05,0.0025263229146366938,0
2742,248174,0,100,0.05,0.002577930456609465,0
2743,248274,0,100,0.05,0.002479512123973109,0
2744,248374,0,100,0.05,0.002453275146544911,0
2745,248474,0,100,0.05,0.00255784562905319,0
2746,248574,0,100,0.05,0.0025497955665923656,0
2747,248674,0,100,0.05,0.0024489628087030722,0
2748,248774,0,100,0.05,0.0024307821530965158,0
2749,248874,0,100,0.05,0.0022963913646526636,0
2750,248892,0.838,18,0.05,0.0031952476096598226,1
2751,248938,0.586,46,0.05,0.0029610436556496375,1
2752,249038,0,100,0.05,0.0030960149154998363,0
2753,249138,0,100,0.05,0.0023448057944187896,0
2754,249238,0,100,0.05,0.002536882066342514,0
2755,249338,0,100,0.05,0.002430045739165507,0
2756,249438,0,100,0.05,0.0025405416573630645,0
2757,249538,0,100,0.05,0.0027709797717398034,0
2758,249638,0,100,0.05,0.00238836299511604,0
2759,249738,0,100,0.05,0.0028079129522666337,0
2760,249748,0.91,10,0.05,0.0023644591099582614,1
2761,249848,0,100,0.05,0.00225766698946245,0
2762,249909,0.45099999999999996,61,0.05,0.0027766986416087897,1
2763,250009,0,100,0.05,0.0024159662291640418,0
2764,250101,0.17199999999999993,92,0.05,0.0026769192089610124,1
2765,250194,0.16299999999999992,93,0.05,0.002361158712051048,1
2766,250294,0,100,0.05,0.002447705962404143,0
2767,250320,0.766,26,0.05,0.0028427864398019244,1
2768,250350,0.73,30,0.05,0.0020673493195014696,1
2769,250376,0.766,26,0.05,0.0024328294093720615,1
2770,250476,0,100,0.05,0.0025243701157160103,0
2771,250576,0,100,0.05,0.002398306662798859,0
2772,250676,0,100,0.05,0.00244065637991298,0
2773,250706,0.73,30,0.05,0.0022665110843566555,1
2774,250806,0,100,0.05,0.0023974747583270072,0
2775,250906,0,100,0.05,0.002369620311947074,0
2776,251006,0,100,0.05,0.0023962406895589082,0
2777,251106,0,100,0.05,0.002606382624944672,0
2778,251117,0.901,11,0.05,0.0015167011561888185,1
2779,251217,0,100,0.05,0.002579822759726085,0
2780,251317,0,100,0.05,0.002587356807780452,0
2781,251348,0.721,31,0.05,0.0037686079947067603,1
2782,251448,0,100,0.05,0.0025137160037411376,0
2783,251548,0,100,0.05,0.0024340667788055725,0
2784,251648,0,100,0.05,0.002841472764266655,0
2785,251748,0,100,0.05,0.002548067593597807,0
2786,251848,0,100,0.05,0.002125425328849815,0
2787,251948,0,100,0.05,0.002732208281813655,0
2788,252048,0,100,0.05,0.002292238135705702,0
2789,252148,0,100,0.05,0.002632591576548293,0
2790,252248,0,100,0.05,0.002445116763119586,0
2791,252348,0,100,0.05,0.002556857684976421,0
2792,252448,0,100,0.05,0.002270161332853604,0
2793,252548,0,100,0.05,0.0022366063809022307,0
2794,252648,0,100,0.05,0.002628854556242004,0
2795,252748,0,100,0.05,0.0025696776970289647,0
2796,252848,0,100,0.05,0.0021731213366729205,0
2797,252849,0.991,1,0.05,0.003934531472623348,1
2798,252949,0,100,0.05,0.0025815626498661005,0
2799,253049,0,100,0.05,0.002575527718872763,0
2800,253149,0,100,0.05,0.0027967912406893446,0
2801,253177,0.748,28,0.05,0.002358529273936126,1
2802,253277,0,100,0.05,0.0026884971401887016,0
2803,253377,0,100,0.05,0.0022245819674571975,0
2804,253417,0.6399999999999999,40,0.05,0.0026188043295405803,1
2805,253517,0,100,0.05,0.0027047754207160323,0
2806,253617,0,100,0.05,0.002253228894842323,0
2807,253717,0,100,0.05,0.0023142567253671585,0
2808,253745,0.748,28,0.05,0.0021062757898887086,1
2809,253845,0,100,0.05,0.0023274183191824703,0
2810,253945,0,100,0.05,0.0023211621143855153,0
2811,254045,0,100,0.05,0.0023000183736439795,0
2812,254145,0,100,0.05,0.0026390330877620726,0
2813,254245,0,100,0.05,0.002771137654199265,0
2814,254345,0,100,0.05,0.0021500064089195804,0
2815,254445,0,100,0.05,0.002484131507808343,0
2816,254545,0,100,0.05,0.0021631711558438836,0
2817,254640,0.14500000000000002,95,0.05,0.002256705298235542,1
2818,254740,0,100,0.05,0.002230634983861819,0
2819,254761,0.8109999999999999,21,0.05,0.002178499444631771,1
2820,254806,0.595,45,0.05,0.0023115174172239172,1
2821,254906,0,100,0.05,0.0024273950376664287,0
2822,255006,0,100,0.05,0.0023248980095377193,0
2823,255106,0,100,0.05,0.002566764379735105,0
2824,255206,0,100,0.05,0.002554542160942219,0
2825,255306,0,100,0.05,0.002534281991538592,0
2826,255406,0,100,0.05,0.0022210532845929267,0
2827,255506,0,100,0.05,0.0024059117905562743,0
2828,255566,0.45999999999999996,60,0.05,0.0022034615598386154,1
2829,255666,0,100,0.05,0.0025544921751134097,0
2830,255673,0.9369999999999999,7,0.05,0.001670995120158685,1
2831,255773,0,100,0.05,0.002294749856228009,0
2832,255873,0,100,0.05,0.002239644271321595,0
2833,255973,0,100,0.05,0.002452861637575552,0
2834,256017,0.604,44,0.05,0.0022715866097397256,1
2835,256117,0,100,0.05,0.002455187328741886,0
2836,256217,0,100,0.05,0.002045748782111332,0
2837,256230,0.883,13,0.05,0.0019481956976680802,1
2838,256330,0,100,0.05,0.002664561573765241,0
2839,256430,0,100,0.05,0.0020691526116570456,0
2840,256530,0,100,0.05,0.0023501551634399222,0
2841,256630,0,100,0.05,0.002377656729076989,0
2842,256730,0,100,0.05,0.002292870805831626,0
2843,256830,0,100,0.05,0.0028661078339791857,0
2844,256930,0,100,0.05,0.002492260735016316,0
2845,257012,0.262,82,0.05,0.0026062127080655135,1
2846,257112,0,100,0.05,0.002503579370677471,0
2847,257117,0.955,5,0.05,0.0027491756482049823,1
2848,257217,0,100,0.05,0.002556880502379499,0
2849,257317,0,100,0.05,0.0025629664107691495,0
2850,257417,0,100,0.05,0.0021466955373762174,0
2851,257443,0.766,26,0.05,0.0025961730682935854,1
2852,257458,0.865,15,0.05,0.002189228516848137,1
2853,257558,0,100,0.05,0.002423175516887568,0
2854,257658,0,100,0.05,0.0023323706240626053,0
2855,257758,0,100,0.05,0.002747660377935972,0
2856,257802,0.604,44,0.05,0.002926268440205604,1
2857,257876,0.33399999999999996,74,0.05,0.0027244922294394694,1
2858,257976,0,100,0.05,0.0026037481281673534,0
2859,258076,0,100,0.05,0.0024691733333747834,0
2860,258176,0,100,0.05,0.0026428361469879747,0
2861,258185,0.919,9,0.05,0.0019636062853452233,1
2862,258285,0,100,0.05,0.0024371098791016264,0
2863,258347,0.44199999999999995,62,0.05,0.002925929029457151,1
2864,258447,0,100,0.05,0.0024504000111483038,0
2865,258547,0,100,0.05,0.0026087248063413424,0
2866,258561,0.874,14,0.05,0.002719756419537589,1
2867,258661,0,100,0.05,0.002480973799829371,0
2868,258761,0,100,0.05,0.0024401363753713667,0
2869,258773,0.892,12,0.05,0.0028845562580196806,1
2870,258873,0,100,0.05,0.002410961089481134,0
2871,258973,0,100,0.05,0.0031193743500625717,0
2872,259073,0,100,0.05,0.002897712561534718,0
2873,259131,0.478,58,0.05,0.003018578584707374,1
2874,259231,0,100,0.05,0.0027818065189057963,0
2875,259331,0,100,0.05,0.0026958818949060514,0
2876,259431,0,100,0.05,0.0026851386378984898,0
2877,259531,0,100,0.05,0.002447036769008264,0
2878,259631,0,100,0.05,0.0023415699636097995,0
2879,259671,0.6399999999999999,40,0.05,0.0028955954549019225,1
2880,259691,0.82,20,0.05,0.0026704715855885297,1
2881,259791,0,100,0.05,0.0025604070676490663,0
2882,259879,0.20799999999999996,88,0.05,0.0029976445479075087,1
2883,259979,0,100,0.05,0.002803099740995094,0
2884,260079,0,100,0.05,0.002827555104449857,0
2885,260179,0,100,0.05,0.0026198938960442317,0
2886,260208,0.739,29,0.05,0.0027554390133069507,1
2887,260308,0,100,0.05,0.0023817577835870906,0
2888,260408,0,100,0.05,0.002269498612440657,0
2889,260508,0,100,0.05,0.0026061194972135126,0
2890,260568,0.45999999999999996,60,0.05,0.0026875447772908958,1
2891,260668,0,100,0.05,0.0025825759235885925,0
2892,260691,0.7929999999999999,23,0.05,0.0025900500527907,1
2893,260791,0,100,0.05,0.0028157556557562202,0
2894,260891,0,100,0.05,0.002070220597088337,0
2895,260991,0,100,0.05,0.002215514217095915,0
2896,261091,0,100,0.05,0.0025150126544758677,0
2897,261191,0,100,0.05,0.0026994445838499814,0
2898,261263,0.352,72,0.05,0.0024026755110955695,1
2899,261271,0.9279999999999999,8,0.05,0.0019349738286109641,1
2900,261371,0,100,0.05,0.002966263852431439,0
2901,261471,0,100,0.05,0.002778118068818003,0
2902,261571,0,100,0.05,0.002852058504940942,0
2903,261628,0.487,57,0.05,0.0022094614273794975,1
2904,261728,0,100,0.05,0.003018616419285536,0
2905,261828,0,100,0.05,0.002520883203251287,0
2906,261835,0.9369999999999999,7,0.05,0.0025502947308788343,1
2907,261935,0,100,0.05,0.0027482577608316204,0
2908,261936,0.991,1,0.05,0.002623653970658779,1
2909,262036,0,100,0.05,0.0025853674515383318,0
2910,262136,0,100,0.05,0.0025625847617629914,0
2911,262236,0,100,0.05,0.0029696732969023286,0
2912,262237,0.991,1,0.05,0.000597928767092526,1
2913,262337,0,100,0.05,0.002307469599181786,0
2914,262437,0,100,0.05,0.002667725812643766,0
2915,262496,0.469,59,0.05,0.0023278435465279904,1
2916,262596,0,100,0.05,0.0028010422794613986,0
2917,262696,0,100,0.05,0.002604574246215634,0
2918,262796,0,100,0.05,0.0025011826877016576,0
2919,262813,0.847,17,0.05,0.0019526419825577998,1
2920,262913,0,100,0.05,0.0024048805329948664,0
2921,263001,0.20799999999999996,88,0.05,0.0023763879051495514,1
2922,263101,0,100,0.05,0.002495617211679928,0
2923,263140,0.649,39,0.05,0.002502449213539083,1
2924,263158,0.838,18,0.05,0.0020344982525178543,1
2925,263258,0,100,0.05,0.0023756414162926375,0
2926,263358,0,100,0.05,0.0023579476692248136,0
2927,263458,0,100,0.05,0.002221130766556598,0
2928,263558,0,100,0.05,0.002099263872660231,0
2929,263658,0,100,0.05,0.0023447356797987595,0
2930,263758,0,100,0.05,0.002390529479307588,0
2931,263858,0,100,0.05,0.0022725018137134613,0
2932,263958,0,100,0.05,0.002446549263841007,0
2933,264058,0,100,0.05,0.0026714848104165867,0
2934,264158,0,100,0.05,0.002401235303841531,0
2935,264258,0,100,0.05,0.002693717050133273,0
2936,264358,0,100,0.05,0.0025165058783022686,0
2937,264458,0,100,0.05,0.0024703074450371787,0
2938,264558,0,100,0.05,0.002497184196836315,0
2939,264658,0,100,0.05,0.0022985272837104274,0
2940,264758,0,100,0.05,0.0025447423773584887,0
2941,264858,0,100,0.05,0.002503834341769107,0
2942,264958,0,100,0.05,0.002623848031507805,0
2943,265058,0,100,0.05,0.002642245041788556,0
2944,265158,0,100,0.05,0.002700008228421211,0
2945,265182,0.784,24,0.05,0.002459962255670689,1
2946,265282,0,100,0.05,0.0024478689761599525,0
2947,265369,0.21699999999999997,87,0.05,0.0023194811545745953,1
2948,265469,0,100,0.05,0.002442059906607028,0
2949,265569,0,100,0.05,0.0025525345467031003,0
2950,265669,0,100,0.05,0.002667791680432856,0
2951,265704,0.685,35,0.05,0.002028256474295631,1
2952,265804,0,100,0.05,0.002106661040452309,0
2953,265904,0,100,0.05,0.0026095367351081224,0
2954,266004,0,100,0.05,0.003132836666190997,0
2955,266104,0,100,0.05,0.002805292343837209,0
2956,266120,0.856,16,0.05,0.002101285306707723,1
2957,266165,0.595,45,0.05,0.002409760528502779,1
2958,266265,0,100,0.05,0.002429548473737668,0
2959,266365,0,100,0.05,0.0021617014455841852,0
2960,266465,0,100,0.05,0.002233534941333346,0
2961,266565,0,100,0.05,0.0027002807561075314,0
2962,266665,0,100,0.05,0.0024175300594652073,0
2963,266765,0,100,0.05,0.002735811531310901,0
2964,266865,0,100,0.05,0.0026353859939263202,0
2965,266965,0,100,0.05,0.0026540319080231712,0
2966,267065,0,100,0.05,0.0023698676005005836,0
2967,267165,0,100,0.05,0.0022534336295211687,0
2968,267178,0.883,13,0.05,0.0027575742211551047,1
2969,267270,0.17199999999999993,92,0.05,0.0023678935211374546,1
2970,267370,0,100,0.05,0.0025404578720917923,0
2971,267470,0,100,0.05,0.0025088501296704636,0
2972,267502,0.712,32,0.05,0.002865575419491506,1
2973,267602,0,100,0.05,0.002851796847244259,0
2974,267702,0,100,0.05,0.002918182587600313,0
2975,267764,0.44199999999999995,62,0.05,0.0029526294862490987,1
2976,267795,0.721,31,0.05,0.0022465698120574798,1
2977,267801,0.946,6,0.05,0.003475351278514912,1
2978,267901,0,100,0.05,0.002458936779294163,0
2979,268001,0,100,0.05,0.002459109664778225,0
2980,268101,0,100,0.05,0.002527895251405425,0
2981,268201,0,100,0.05,0.0025650163987302223,0
2982,268222,0.8109999999999999,21,0.05,0.0020472093504698328,1
2983,268317,0.14500000000000002,95,0.05,0.002562726461818736,1
2984,268347,0.73,30,0.05,0.00275675494922325,1
2985,268447,0,100,0.05,0.0025806575344176964,0
2986,268547,0,100,0.05,0.0025376249384135006,0
2987,268617,0.37,70,0.05,0.0030178340742298003,1
2988,268717,0.09999999999999998,100,0.05,0.0025250311626587064,1
2989,268817,0,100,0.05,0.002561868256889284,0
2990,268831,0.874,14,0.05,0.0020691589306807145,1
2991,268931,0,100,0.05,0.002313151957350783,0
2992,269031,0,100,0.05,0.0024498456975561565,0
2993,269131,0,100,0.05,0.0026477863627951594,0
2994,269191,0.45999999999999996,60,0.05,0.0026543993881205097,1
2995,269291,0,100,0.05,0.0025356036616722122,0
2996,269344,0.5229999999999999,53,0.05,0.0024100369839700608,1
2997,269444,0,100,0.05,0.002661795530002564,0
2998,269544,0,100,0.05,0.0027986759977648035,0
2999,269644,0,100,0.05,0.0023838104458991437,0
3000,269744,0,100,0.05,0.0025361831273767164,0
3001,269844,0,100,0.05,0.0024304226727690547,0
3002,269944,0,100,0.05,0.002601061408640817,0
3003,270044,0,100,0.05,0.0027921104407869278,0
3004,270144,0,100,0.05,0.0026288982684491203,0
3005,270244,0,100,0.05,0.0025655442144488917,0
3006,270344,0,100,0.05,0.0023931949317920953,0
3007,270444,0,100,0.05,0.0023352270151372066,0
3008,270544,0,100,0.05,0.002590834622969851,0
3009,270644,0,100,0.05,0.0027143503457773476,0
3010,270744,0,100,0.05,0.0023905652435496447,0
3011,270844,0,100,0.05,0.0028152245457749815,0
3012,270944,0,100,0.05,0.0024308971693972124,0
3013,271006,0.44199999999999995,62,0.05,0.002262055519930718,1
3014,271106,0,100,0.05,0.0028103986592032015,0
3015,271206,0,100,0.05,0.002705823438591324,0
3016,271306,0,100,0.05,0.0026919930730946364,0
3017,271406,0,100,0.05,0.002913408373133279,0
3018,271431,0.775,25,0.05,0.002336574986111373,1
3019,271531,0,100,0.05,0.0026023578172316773,0
3020,271601,0.37,70,0.05,0.0022458469769584813,1
3021,271701,0,100,0.05,0.002801709617488086,0
3022,271801,0,100,0.05,0.0026702399249188603,0
3023,271901,0,100,0.05,0.0024131559574743734,0
3024,272001,0,100,0.05,0.0022535041463561355,0
3025,272101,0,100,0.05,0.0027330531971529125,0
3026,272201,0,100,0.05,0.002643293056753464,0
3027,272301,0,100,0.05,0.002372765634208918,0
3028,272401,0,100,0.05,0.0025583154428750277,0
3029,272412,0.901,11,0.05,0.0031521286053413696,1
3030,272501,0.19899999999999995,89,0.05,0.0029713673375839932,1
3031,272601,0,100,0.05,0.002958867895649746,0
3032,272701,0,100,0.05,0.002736311240005307,0
3033,272711,0.91,10,0.05,0.0019170225539710372,1
3034,272811,0,100,0.05,0.002673681737505831,0
3035,272911,0,100,0.05,0.002727468945668079,0
3036,272918,0.9369999999999999,7,0.05,0.0028724473169339554,1
3037,273018,0,100,0.05,0.0025465117540443317,0
3038,273118,0,100,0.05,0.003016101231914945,0
3039,273218,0,100,0.05,0.0030527325626462697,0
3040,273318,0,100,0.05,0.002792805810458958,0
3041,273418,0,100,0.05,0.002777183034049813,0
3042,273518,0,100,0.05,0.0027028200996574016,0
3043,273618,0,100,0.05,0.0024097741377772765,0
3044,273718,0,100,0.05,0.0025861653307219967,0
3045,273818,0,100,0.05,0.0028190178365912286,0
3046,273918,0,100,0.05,0.002559291328070685,0
3047,274018,0,100,0.05,0.0028220878104912115,0
3048,274050,0.712,32,0.05,0.0023542218204966048,1
3049,274150,0,100,0.05,0.002760680797509849,0
3050,274250,0,100,0.05,0.002351463633822277,0
3051,274350,0,100,0.05,0.0024798270466271787,0
3052,274450,0,100,0.05,0.0023108306329231707,0
3053,274465,0.865,15,0.05,0.0028028266814847788,1
3054,274565,0,100,0.05,0.0025851811212487517,0
3055,274665,0,100,0.05,0.0026461412478238342,0
3056,274676,0.901,11,0.05,0.0025155427865684032,1
3057,274776,0,100,0.05,0.002601001193979755,0
3058,274876,0,100,0.05,0.0024877926782937722,0
3059,274942,0.4059999999999999,66,0.05,0.0024647555246977417,1
3060,275042,0,100,0.05,0.002639474087336566,0
3061,275084,0.622,42,0.05,0.0029257003777837824,1
3062,275184,0,100,0.05,0.0025434497676906174,0
3063,275284,0,100,0.05,0.0027453095657983795,0
3064,275384,0,100,0.05,0.002772979656001553,0
3065,275484,0,100,0.05,0.0023769914003787564,0
3066,275584,0,100,0.05,0.0026473825931316243,0
3067,275684,0,100,0.05,0.002615029951557517,0
3068,275784,0,100,0.05,0.0028509672591462733,0
3069,275884,0,100,0.05,0.0023864625638816504,0
3070,275984,0,100,0.05,0.0023142776906024663,0
3071,276084,0,100,0.05,0.002715688194730319,0
3072,276184,0,100,0.05,0.002611359911970794,0
3073,276185,0.991,1,0.05,0.003334769746288657,1
3074,276285,0,100,0.05,0.0024344979308079926,0
3075,276355,0.37,70,0.05,0.002436540138608377,1
3076,276455,0,100,0.05,0.0030527724471176043,0
3077,276555,0,100,0.05,0.0028085208084667104,0
3078,276655,0,100,0.05,0.0028328676108503714,0
3079,276658,0.973,3,0.05,0.002453082473948598,1
3080,276758,0,100,0.05,0.002548468597815372,0
3081,276858,0,100,0.05,0.0025218928197864444,0
3082,276958,0,100,0.05,0.002824531308724545,0
3083,277009,0.5409999999999999,51,0.05,0.0030912123312351898,1
3084,277109,0,100,0.05,0.0027401579660363494,0
3085,277209,0,100,0.05,0.002922966503538191,0
3086,277309,0,100,0.05,0.0028060539776924996,0
3087,277348,0.649,39,0.05,0.002559240413411783,1
3088,277445,0.127,97,0.05,0.0023575008657194443,1
3089,277497,0.532,52,0.05,0.0027623566711554304,1
3090,277597,0,100,0.05,0.0025083106954116373,0
3091,277697,0,100,0.05,0.0027220036735525355,0
3092,277797,0,100,0.05,0.0025840347434859723,0
3093,277897,0,100,0.05,0.0028504204464843497,0
3094,277996,0.10899999999999999,99,0.05,0.0025275251822254497,1
3095,278027,0.721,31,0.05,0.002720688129850333,1
3096,278127,0,100,0.05,0.0029144358466146516,0
3097,278227,0,100,0.05,0.0029962120729032904,0
3098,278327,0,100,0.05,0.003299342946265824,0
3099,278427,0,100,0.05,0.0027350329887121916,0
3100,278527,0,100,0.05,0.0028096056135836988,0
3101,278627,0,100,0.05,0.003038925245637074,0
3102,278727,0,100,0.05,0.0028314325684914367,0
3103,278801,0.33399999999999996,74,0.05,0.002513928139878034,1
3104,278901,0,100,0.05,0.0025962419516872615,0
3105,279001,0,100,0.05,0.0026609522057697175,0
3106,279101,0,100,0.05,0.003220107357483357,0
3107,279107,0.946,6,0.05,0.0024210817646235228,1
3108,279207,0,100,0.05,0.0029313763772370292,0
3109,279307,0,100,0.05,0.002931721843779087,0
3110,279328,0.8109999999999999,21,0.05,0.002562796505766788,1
3111,279428,0,100,0.05,0.0030718019464984537,0
3112,279528,0,100,0.05,0.0025161209399811924,0
3113,279628,0,100,0.05,0.0031766597443493084,0
3114,279638,0.91,10,0.05,0.002683298592455685,1
3115,279738,0,100,0.05,0.0026278844100306744,0
3116,279743,0.955,5,0.05,0.0030992346350103618,1
3117,279843,0,100,0.05,0.0026702749484684317,0
3118,279844,0.991,1,0.05,0.00463206646963954,1
3119,279944,0,100,0.05,0.002816898289893288,0
3120,280018,0.33399999999999996,74,0.05,0.0025721938472014626,1
3121,280079,0.45099999999999996,61,0.05,0.003163427441785509,1
3122,280168,0.19899999999999995,89,0.05,0.0027528579583590367,1
3123,280268,0,100,0.05,0.0027300660300534217,0
3124,280348,0.2799999999999999,80,0.05,0.0023945432163600343,1
3125,280448,0,100,0.05,0.0029074524337192997,0
3126,280548,0,100,0.05,0.002742084936471656,0
3127,280639,0.18099999999999994,91,0.05,0.002555539626832847,1
3128,280739,0,100,0.05,0.0022989219473674894,0
3129,280839,0,100,0.05,0.0027253633190412073,0
3130,280906,0.3969999999999999,67,0.05,0.0028920982088615644,1
3131,280924,0.838,18,0.05,0.0021531505626626313,1
3132,281024,0,100,0.05,0.0026327407476492226,0
3133,281124,0,100,0.05,0.0026761373327462935,0
3134,281130,0.946,6,0.05,0.0026832493992211917,1
3135,281230,0,100,0.05,0.0031608433945802972,0
3136,281278,0.5680000000000001,48,0.05,0.002793076010372412,1
3137,281378,0,100,0.05,0.0027218070987146347,0
3138,281379,0.991,1,0.05,0.0009616900351829827,1
3139,281479,0,100,0.05,0.002688909458811395,0
3140,281579,0,100,0.05,0.00289882582903374,0
3141,281679,0,100,0.05,0.0026939452814985997,0
3142,281697,0.838,18,0.05,0.0020434977874780693,1
3143,281797,0,100,0.05,0.00255400791822467,0
3144,281897,0,100,0.05,0.0029608134721638636,0
3145,281997,0,100,0.05,0.0027657007885864004,0
3146,282097,0,100,0.05,0.0028814055415568875,0
3147,282197,0,100,0.05,0.0025881317717721688,0
3148,282297,0,100,0.05,0.0027933899965137243,0
3149,282397,0,100,0.05,0.002541899473289959,0
3150,282497,0,100,0.05,0.0027258100028848277,0
3151,282597,0,100,0.05,0.0025112296378938482,0
3152,282697,0,100,0.05,0.00277030264143832,0
3153,282708,0.901,11,0.05,0.003309879790652882,1
3154,282808,0,100,0.05,0.003063051641220227,0
3155,282816,0.9279999999999999,8,0.05,0.0030251700591179542,1
3156,282916,0,100,0.05,0.002704450899036601,0
3157,283016,0,100,0.05,0.002788069894304499,0
3158,283116,0,100,0.05,0.002946995144011453,0
3159,283216,0,100,0.05,0.0029816922056488692,0
3160,283316,0,100,0.05,0.002510301267611794,0
3161,283416,0,100,0.05,0.002691054348833859,0
3162,283516,0,100,0.05,0.002534583214437589,0
3163,283616,0,100,0.05,0.0024786503054201603,0
3164,283716,0,100,0.05,0.0027732617774745448,0
3165,283816,0,100,0.05,0.002815804483834654,0
3166,283916,0,100,0.05,0.002604182749055326,0
3167,284016,0,100,0.05,0.002423509618965909,0
3168,284116,0,100,0.05,0.002829857514007017,0
3169,284216,0,100,0.05,0.0027603563759475945,0
3170,284283,0.3969999999999999,67,0.05,0.002427446465668227,1
3171,284383,0,100,0.05,0.0026894682593410833,0
3172,284387,0.964,4,0.05,0.0022636116918874905,1
3173,284487,0,100,0.05,0.0023206461168592796,0
3174,284543,0.4959999999999999,56,0.05,0.0025950817777941537,1
3175,284643,0,100,0.05,0.0025418650347273797,0
3176,284743,0,100,0.05,0.0026279314255225473,0
3177,284843,0,100,0.05,0.002765998672693968,0
3178,284943,0,100,0.05,0.002519868846866302,0
3179,284945,0.982,2,0.05,0.001531110843643546,1
3180,284955,0.91,10,0.05,0.0022808924259152263,1
3181,285055,0,100,0.05,0.002335204021073878,0
3182,285155,0,100,0.05,0.002744743211660534,0
3183,285255,0,100,0.05,0.00269837569037918,0
3184,285355,0,100,0.05,0.0024356518482090907,0
3185,285455,0,100,0.05,0.0023062973452033474,0
3186,285555,0,100,0.05,0.00225923669844633,0
3187,285655,0,100,0.05,0.00276027888932731,0
3188,285755,0,100,0.05,0.00242987833567895,0
3189,285855,0,100,0.05,0.0028106542862951756,0
3190,285955,0,100,0.05,0.002412094754399732,0
3191,286055,0,100,0.05,0.002774793143616989,0
3192,286155,0,100,0.05,0.0024141878983937205,0
3193,286207,0.532,52,0.05,0.002626180482016375,1
3194,286307,0,100,0.05,0.0023433666880009695,0
3195,286407,0,100,0.05,0.0027300013252533973,0
3196,286507,0,100,0.05,0.002687122046481818,0
3197,286607,0,100,0.05,0.0025390873855212705,0
3198,286707,0,100,0.05,0.0024213608173886316,0
3199,286807,0,100,0.05,0.0027811581239802763,0
3200,286857,0.55,50,0.05,0.0022946119005791844,1
3201,286957,0,100,0.05,0.0026620684162480756,0
3202,287057,0,100,0.05,0.002771341216284782,0
3203,287157,0,100,0.05,0.002578820772469044,0
3204,287257,0,100,0.05,0.0026420103645068593,0
3205,287357,0,100,0.05,0.0027641208248678595,0
3206,287457,0,100,0.05,0.0023674367798957974,0
3207,287557,0,100,0.05,0.0025121276202844456,0
3208,287657,0,100,0.05,0.0026970021170563997,0
3209,287757,0,100,0.05,0.002415590788295958,0
3210,287857,0,100,0.05,0.002401015642681159,0
3211,287957,0,100,0.05,0.00271103082341142,0
3212,287980,0.7929999999999999,23,0.05,0.002276509162544718,1
3213,288002,0.802,22,0.05,0.0029063482625960287,1
3214,288102,0,100,0.05,0.0027731431130087,0
3215,288202,0,100,0.05,0.002695303067448549,0
3216,288302,0,100,0.05,0.003083759711589664,0
3217,288402,0,100,0.05,0.0027045386645477266,0
3218,288502,0,100,0.05,0.0024914959978195837,0
3219,288602,0,100,0.05,0.0027627482532989233,0
3220,288620,0.838,18,0.05,0.0023368659959588614,1
3221,288720,0,100,0.05,0.002718460292671807,0
3222,288820,0,100,0.05,0.002458186026196927,0
3223,288920,0,100,0.05,0.0025840843890910037,0
3224,289020,0,100,0.05,0.003052223930717446,0
3225,289046,0.766,26,0.05,0.0024188006937038153,1
3226,289146,0,100,0.05,0.002783363885246217,0
3227,289246,0,100,0.05,0.002773645268171094,0
3228,289285,0.649,39,0.05,0.0025682342925276128,1
3229,289313,0.748,28,0.05,0.002913966404906075,1
3230,289413,0,100,0.05,0.0025893019104842097,0
3231,289513,0,100,0.05,0.0030899976892396807,0
3232,289560,0.577,47,0.05,0.002890461363502719,1
3233,289660,0,100,0.05,0.0026273022970417516,0
3234,289760,0,100,0.05,0.0025044698527199216,0
3235,289768,0.9279999999999999,8,0.05,0.0030111220257822424,1
3236,289868,0,100,0.05,0.0028168281435500832,0
3237,289872,0.964,4,0.05,0.002177219168515876,1
3238,289894,0.802,22,0.05,0.0028535966385706242,1
3239,289981,0.21699999999999997,87,0.05,0.0028382289148438937,1
3240,290081,0,100,0.05,0.0030871437554014845,0
3241,290181,0,100,0.05,0.0027463478734716775,0
3242,290281,0,100,0.05,0.0027268642192939297,0
3243,290381,0,100,0.05,0.0026189140311907977,0
3244,290481,0,100,0.05,0.002559733501984738,0
3245,290530,0.5589999999999999,49,0.05,0.002572392474631874,1
3246,290630,0,100,0.05,0.0028230885247467084,0
3247,290730,0,100,0.05,0.00289866947918199,0
3248,290808,0.29799999999999993,78,0.05,0.002502231944489699,1
3249,290908,0,100,0.05,0.0030891667219111697,0
3250,291008,0,100,0.05,0.00276092387852259,0
3251,291108,0,100,0.05,0.0030261424311902375,0
3252,291208,0,100,0.05,0.0027391265984624625,0
3253,291308,0,100,0.05,0.0028340181504609065,0
3254,291408,0,100,0.05,0.002647902313619852,0
3255,291508,0,100,0.05,0.002847275713284034,0
3256,291608,0,100,0.05,0.0030571683566085993,0
3257,291708,0,100,0.05,0.0027709335245890542,0
3258,291808,0,100,0.05,0.002494037275318988,0
3259,291908,0,100,0.05,0.0025883320305729283,0
3260,292008,0,100,0.05,0.0024929105705814437,0
3261,292108,0,100,0.05,0.0028383716521784663,0
3262,292208,0,100,0.05,0.0026449851569486783,0
3263,292308,0,100,0.05,0.00275762376957573,0
3264,292325,0.847,17,0.05,0.0021703324061544504,1
3265,292355,0.73,30,0.05,0.0026134178663293523,1
3266,292455,0,100,0.05,0.0028635334665887057,0
3267,292555,0,100,0.05,0.0030390707042533905,0
3268,292655,0,100,0.05,0.002947217536275275,0
3269,292755,0,100,0.05,0.0026758434844668957,0
3270,292826,0.361,71,0.05,0.0027299349374157495,1
3271,292926,0,100,0.05,0.0031426480814116075,0
3272,293026,0,100,0.05,0.003070871693198569,0
3273,293102,0.31599999999999995,76,0.05,0.0029055615626643167,1
3274,293202,0,100,0.05,0.0028181404748465868,0
3275,293302,0,100,0.05,0.002891179560101591,0
3276,293314,0.892,12,0.05,0.0019472731267645333,1
3277,293377,0.43299999999999994,63,0.05,0.0029732886967914446,1
3278,293477,0,100,0.05,0.002817821119679138,0
3279,293577,0,100,0.05,0.0028504102351143957,0
3280,293677,0,100,0.05,0.002522906374942977,0
3281,293777,0,100,0.05,0.0026293211267329752,0
3282,293877,0,100,0.05,0.002912288294173777,0
3283,293977,0,100,0.05,0.0029091613285709174,0
3284,294005,0.748,28,0.05,0.003030018155446409,1
3285,294105,0,100,0.05,0.003098175497725606,0
3286,294125,0.82,20,0.05,0.002936245792079717,1
3287,294225,0,100,0.05,0.0030068810732336716,0
3288,294325,0,100,0.05,0.002618692804244347,0
3289,294409,0.244,84,0.05,0.002495699023711495,1
3290,294509,0,100,0.05,0.002766584235941991,0
3291,294609,0,100,0.05,0.003062153371865861,0
3292,294709,0,100,0.05,0.002873731096624397,0
3293,294740,0.721,31,0.05,0.0024156717512185777,1
3294,294813,0.34299999999999997,73,0.05,0.0028411891392738343,1
3295,294913,0,100,0.05,0.0027821707620751114,0
3296,295013,0,100,0.05,0.0030483551730867476,0
3297,295113,0,100,0.05,0.0030168764875270425,0
3298,295213,0,100,0.05,0.002711490137153305,0
3299,295313,0,100,0.05,0.002667057737126015,0
3300,295363,0.55,50,0.05,0.0025164202391169967,1
3301,295451,0.20799999999999996,88,0.05,0.002540248831792269,1
3302,295533,0.262,82,0.05,0.0025919334694640937,1
3303,295633,0,100,0.05,0.0028890035022050144,0
3304,295733,0,100,0.05,0.0026111124403541907,0
3305,295833,0,100,0.05,0.0028592213481897486,0
3306,295845,0.892,12,0.05,0.0038405351418380937,1
3307,295945,0,100,0.05,0.003022579288808629,0
3308,296045,0,100,0.05,0.002902431435068138,0
3309,296145,0,100,0.05,0.002840346946613863,0
3310,296245,0,100,0.05,0.002673496648785658,0
3311,296345,0,100,0.05,0.0026120933680795133,0
3312,296380,0.685,35,0.05,0.0026613465244216578,1
3313,296480,0,100,0.05,0.002687051114626229,0
3314,296580,0,100,0.05,0.0031054678530199453,0
3315,296680,0,100,0.05,0.0028730162634747103,0
3316,296780,0,100,0.05,0.0023963442415697502,0
3317,296880,0,100,0.05,0.002517546374583617,0
3318,296980,0,100,0.05,0.0027110134731628934,0
3319,297080,0,100,0.05,0.0026425987685797735,0
3320,297120,0.6399999999999999,40,0.05,0.0030567715701181443,1
3321,297151,0.721,31,0.05,0.0026412344661601366,1
3322,297211,0.45999999999999996,60,0.05,0.002808584625987957,1
3323,297218,0.9369999999999999,7,0.05,0.003092618393046515,1
3324,297310,0.17199999999999993,92,0.05,0.0028393053102975145,1
3325,297410,0,100,0.05,0.0030254404863808305,0
3326,297510,0,100,0.05,0.0030539339879760517,0
3327,297610,0,100,0.05,0.0025534216029336676,0
3328,297710,0,100,0.05,0.0029858787410194055,0
3329,297747,0.667,37,0.05,0.002571231031135933,1
3330,297776,0.739,29,0.05,0.00327354859247611,1
3331,297833,0.487,57,0.05,0.0025129716122408575,1
3332,297901,0.3879999999999999,68,0.05,0.003254149291452075,1
3333,297911,0.91,10,0.05,0.0037082691094838085,1
3334,298011,0,100,0.05,0.0028405241697328164,0
3335,298111,0,100,0.05,0.0029690976632991807,0
3336,298211,0,100,0.05,0.002944002967560664,0
3337,298311,0,100,0.05,0.002913087199558504,0
3338,298411,0,100,0.05,0.0029696934192907066,0
3339,298511,0,100,0.05,0.0029622825764818116,0
3340,298611,0,100,0.05,0.003055570725700818,0
3341,298693,0.262,82,0.05,0.0029047202796635514,1
3342,298793,0,100,0.05,0.0026061141124228016,0
3343,298893,0,100,0.05,0.0029376103525282815,0
3344,298993,0,100,0.05,0.0032398769358405843,0
3345,299093,0,100,0.05,0.0027044058515457436,0
3346,299193,0,100,0.05,0.002992510419571772,0
3347,299293,0,100,0.05,0.0029441204183967783,0
3348,299393,0,100,0.05,0.0027663928968831896,0
3349,299493,0,100,0.05,0.0031753542099613695,0
3350,299507,0.874,14,0.05,0.0021913604328541885,1
3351,299607,0,100,0.05,0.0030149077193345874,0
3352,299707,0,100,0.05,0.002753402712987736,0
3353,299807,0,100,0.05,0.002973813991411589,0
3354,299832,0.775,25,0.05,0.0024083092249929904,1
3355,299932,0,100,0.05,0.003068937526550144,0
3356,300000,0,68,0.05,0.002747581571491216,0
